ID_Caso,Especialidad,Num_Pregunta,Pregunta,Opcion_0,Opcion_1,Opcion_2,Opcion_3,Respuesta_Correcta_Texto
PROC_CARD_AMI_EXTREME_001_001,card,1,¿Cuál es la clase Killip-Kimball de un IAM con shock cardiogénico (hipotensión y datos de hipoperfusión)?,Killip IV,Killip I,Killip III,,Killip IV
PROC_CARD_AMI_EXTREME_001_001,card,2,¿Cuál es el tratamiento de reperfusión de elección en un paciente con IAM CEST en shock cardiogénico?,Intervención Coronaria Percutánea primaria,Bypass coronario de urgencia,Trombolisis IV inmediata,,Intervención Coronaria Percutánea primaria
PROC_CARD_AMI_EXTREME_001_001,card,3,¿Qué fármaco está ABSOLUTAMENTE contraindicado en este paciente con PA 70/40 mmHg?,Nitroglicerina,Clopidogrel,Aspirina,,Nitroglicerina
PROC_CARD_SCA_IAMCEST_001_001,card,1,¿Cuál es la conducta de reperfusión recomendada si el tiempo estimado para realizar una ICP primaria es mayor a 120 minutos?,Manejo conservador con nitratos,Fibrinolisis sistémica inmediata,Esperar el tiempo necesario para ICP,,Fibrinolisis sistémica inmediata
PROC_CARD_SCA_IAMCEST_001_001,card,2,¿Cuál es la dosis de carga recomendada de Ácido Acetilsalicílico (Aspirina) en la fase aguda del infarto según la GPC?,300 mg,500 mg,100 mg,,300 mg
PROC_CARD_SCA_IAMCEST_001_001,card,3,¿Qué hallazgo electrocardiográfico define un IAMCEST según los criterios universales?,Presencia aislada de ondas Q profundas,Inversión de la onda T en V1-V2,Elevación del ST >= 1 mm en 2 derivadas contiguas,,Elevación del ST >= 1 mm en 2 derivadas contiguas
PROC_CARD_SCA_IAMCEST_001_002,card,1,¿Cuál es el TIEMPO MAXIMO puerta-aguja para fibrinolisis en IAMCEST?,30 minutos,90 minutos,60 minutos,,30 minutos
PROC_CARD_SCA_IAMCEST_001_002,card,2,¿Qué indica ELEVACIÓN de ST nuevamente 30 min post-fibrinolisis?,Reoclusión del vaso → Rescate ICP,Arritmia reperfusión,Éxito del tratamiento,,Reoclusión del vaso → Rescate ICP
PROC_CARD_SCA_IAMCEST_001_002,card,3,"¿En qué orden se dan: ASA, Clopidogrel, y Fibrinolítico?",Clopidogrel → Fibrinolítico → ASA,ASA + Clopidogrel → Fibrinolítico,Fibrinolítico → ASA → Clopidogrel,,ASA + Clopidogrel → Fibrinolítico
PROC_CARD_SCA_IAMCEST_001_003,card,1,¿En qué derivaciones INDICA IAMCEST anterior?,"II, III, aVF con imagen recíproca en I, aVL",V5-V6 con aVL,"V1-V4 (± aVL) con imagen recíproca en II, III, aVF",,"V1-V4 (± aVL) con imagen recíproca en II, III, aVF"
PROC_CARD_SCA_IAMCEST_001_003,card,2,¿Cuál es la prioridad si NO hay ICP disponible en <120 min?,Esperar fibrinolisis,FIBRINOLIZAR ANTES de trasladar,Monitoreo domiciliario,,FIBRINOLIZAR ANTES de trasladar
PROC_CARD_SCA_IAMCEST_001_003,card,3,¿Por qué IAMCEST anterior es más grave que inferior?,"Es menos grave, es confusión",Afecta ventrículo izquierdo grande → mayor riesgo de choque,Siempre requiere cirugía,,Afecta ventrículo izquierdo grande → mayor riesgo de choque
PROC_DERM_ACNE_001_001,derm,1,¿Cuál es el fármaco considerado de elección para el acné nódulo-quístico severo o refractario?,Isotretinoína oral,Doxiciclina oral,Clindamicina tópica,,Isotretinoína oral
PROC_DERM_ACNE_001_001,derm,2,¿Cuál es la bacteria implicada principalmente en la génesis del acné inflamatorio?,Cutibacterium acnes,Streptococcus pyogenes,Staphylococcus aureus,,Cutibacterium acnes
PROC_DERM_ACNE_001_001,derm,3,¿Cuál es el principal efecto adverso por el que se debe vigilar estrechamente a una mujer en tratamiento con Isotretinoína?,Teratogenicidad,Insuficiencia renal,Ototoxicidad,,Teratogenicidad
PROC_DERM_ACNE_001_002,derm,1,¿Cuál es la bacteria implicada principalmente en la génesis del acné inflamatorio?,Staphylococcus aureus,Cutibacterium acnes,Streptococcus pyogenes,,Cutibacterium acnes
PROC_DERM_ACNE_001_002,derm,2,¿Cuál es el fármaco considerado de elección para el acné nódulo-quístico severo o refractario?,Doxiciclina oral,Isotretinoína oral,Clindamicina tópica,,Isotretinoína oral
PROC_DERM_ACNE_001_002,derm,3,¿Cuál es el principal efecto adverso por el que se debe vigilar estrechamente a una mujer en tratamiento con Isotretinoína?,Ototoxicidad,Teratogenicidad,Insuficiencia renal,,Teratogenicidad
PROC_DERM_ACNE_001_003,derm,1,¿Cuál es la bacteria implicada principalmente en la génesis del acné inflamatorio?,Staphylococcus aureus,Cutibacterium acnes,Streptococcus pyogenes,,Cutibacterium acnes
PROC_DERM_ACNE_001_003,derm,2,¿Cuál es el fármaco considerado de elección para el acné nódulo-quístico severo o refractario?,Isotretinoína oral,Clindamicina tópica,Doxiciclina oral,,Isotretinoína oral
PROC_DERM_ACNE_001_003,derm,3,¿Cuál es el principal efecto adverso por el que se debe vigilar estrechamente a una mujer en tratamiento con Isotretinoína?,Ototoxicidad,Teratogenicidad,Insuficiencia renal,,Teratogenicidad
PROC_DERM_ACNE_001_004,derm,1,¿Cuál es la bacteria implicada principalmente en la génesis del acné inflamatorio?,Cutibacterium acnes,Staphylococcus aureus,Streptococcus pyogenes,,Cutibacterium acnes
PROC_DERM_ACNE_001_004,derm,2,¿Cuál es el fármaco considerado de elección para el acné nódulo-quístico severo o refractario?,Clindamicina tópica,Doxiciclina oral,Isotretinoína oral,,Isotretinoína oral
PROC_DERM_ACNE_001_004,derm,3,¿Cuál es el principal efecto adverso por el que se debe vigilar estrechamente a una mujer en tratamiento con Isotretinoína?,Teratogenicidad,Insuficiencia renal,Ototoxicidad,,Teratogenicidad
PROC_DERM_ACNE_001_005,derm,1,¿Cuál es la bacteria implicada principalmente en la génesis del acné inflamatorio?,Cutibacterium acnes,Streptococcus pyogenes,Staphylococcus aureus,,Cutibacterium acnes
PROC_DERM_ACNE_001_005,derm,2,¿Cuál es el fármaco considerado de elección para el acné nódulo-quístico severo o refractario?,Isotretinoína oral,Doxiciclina oral,Clindamicina tópica,,Isotretinoína oral
PROC_DERM_ACNE_001_005,derm,3,¿Cuál es el principal efecto adverso por el que se debe vigilar estrechamente a una mujer en tratamiento con Isotretinoína?,Ototoxicidad,Teratogenicidad,Insuficiencia renal,,Teratogenicidad
PROC_ENDO_DM1_CAD_001_001,endo,1,¿En qué situación clínica extrema se recomienda la administración de bicarbonato de sodio en un paciente con CAD?,pH arterial menor a 6.9,Hiperglucemia mayor a 500 mg/dl,pH arterial menor a 7.2,,pH arterial menor a 6.9
PROC_ENDO_DM1_CAD_001_001,endo,2,"De las siguientes opciones, ¿cuál es el nivel de potasio sérico por debajo del cual está contraindicado iniciar la infusión de insulina en CAD?",Menos de 2.5 mEq/L,Menos de 3.3 mEq/L,Menos de 4.5 mEq/L,,Menos de 3.3 mEq/L
PROC_ENDO_DM1_CAD_001_001,endo,3,¿Cuál es el parámetro más confiable para determinar la resolución de la cetoacidosis diabética según la GPC?,Ausencia total de glucosa en orina,Nivel de glucosa menor a 200 mg/dl,Normalización de la brecha aniónica (Anion Gap),,Normalización de la brecha aniónica (Anion Gap)
PROC_ENDO_DM2_MANAGEMENT_001_001,endo,1,¿Cuál es el fármaco de elección en DM2 con enfermedad cardiovascular establecida?,Agonistas GLP-1,Metformina sola,Sulfonilureas,,Agonistas GLP-1
PROC_ENDO_DM2_MANAGEMENT_001_001,endo,2,¿Cuál es el principal riesgo de las sulfonilureas?,Insuficiencia renal,Hipoglucemia y ganancia de peso,Cetoacidosis,,Hipoglucemia y ganancia de peso
PROC_ENDO_DM2_MANAGEMENT_001_001,endo,3,¿Qué grupo farmacológico aporta mayor beneficio en Insuficiencia Cardíaca?,DPP-4,GLP-1,iSGLT2,,iSGLT2
PROC_ENDO_DM2_MANAGEMENT_001_002,endo,1,¿Cuál es el fármaco de elección en pacientes con DM2 y enfermedad cardiovascular establecida (prevención secundaria)?,Sulfonilureas,Metformina sola,Agonistas GLP-1,,Agonistas GLP-1
PROC_ENDO_DM2_MANAGEMENT_001_002,endo,2,¿Cuál es el principal riesgo asociado al uso de sulfonilureas como la glibenclamida?,Insuficiencia renal aguda,Cetoacidosis diabética,Hipoglucemia y ganancia de peso,,Hipoglucemia y ganancia de peso
PROC_ENDO_DM2_MANAGEMENT_001_002,endo,3,"En un paciente con DM2 e Insuficiencia Cardíaca, ¿qué grupo farmacológico aporta mayor beneficio de cardio-protección?",Agonistas GLP-1,Inhibidores de SGLT2 (iSGLT2),Inhibidores de DPP-4,,Inhibidores de SGLT2 (iSGLT2)
PROC_ENDO_DM2_MANAGEMENT_001_003,endo,1,¿Cuál es el fármaco de elección en pacientes con DM2 y enfermedad cardiovascular establecida (prevención secundaria)?,Sulfonilureas,Agonistas GLP-1,Metformina sola,,Agonistas GLP-1
PROC_ENDO_DM2_MANAGEMENT_001_003,endo,2,¿Cuál es el principal riesgo asociado al uso de sulfonilureas como la glibenclamida?,Cetoacidosis diabética,Insuficiencia renal aguda,Hipoglucemia y ganancia de peso,,Hipoglucemia y ganancia de peso
PROC_ENDO_DM2_MANAGEMENT_001_003,endo,3,"En un paciente con DM2 e Insuficiencia Cardíaca, ¿qué grupo farmacológico aporta mayor beneficio de cardio-protección?",Inhibidores de SGLT2 (iSGLT2),Inhibidores de DPP-4,Agonistas GLP-1,,Inhibidores de SGLT2 (iSGLT2)
PROC_ENDO_DM2_MANAGEMENT_001_004,endo,1,¿Cuál es el fármaco de elección en pacientes con DM2 y enfermedad cardiovascular establecida (prevención secundaria)?,Sulfonilureas,Agonistas GLP-1,Metformina sola,,Agonistas GLP-1
PROC_ENDO_DM2_MANAGEMENT_001_004,endo,2,¿Cuál es el principal riesgo asociado al uso de sulfonilureas como la glibenclamida?,Hipoglucemia y ganancia de peso,Cetoacidosis diabética,Insuficiencia renal aguda,,Hipoglucemia y ganancia de peso
PROC_ENDO_DM2_MANAGEMENT_001_004,endo,3,"En un paciente con DM2 e Insuficiencia Cardíaca, ¿qué grupo farmacológico aporta mayor beneficio de cardio-protección?",Inhibidores de SGLT2 (iSGLT2),Inhibidores de DPP-4,Agonistas GLP-1,,Inhibidores de SGLT2 (iSGLT2)
PROC_ENDO_DM2_MANAGEMENT_001_005,endo,1,¿Cuál es el fármaco de elección en pacientes con DM2 y enfermedad cardiovascular establecida (prevención secundaria)?,Metformina sola,Sulfonilureas,Agonistas GLP-1,,Agonistas GLP-1
PROC_ENDO_DM2_MANAGEMENT_001_005,endo,2,¿Cuál es el principal riesgo asociado al uso de sulfonilureas como la glibenclamida?,Hipoglucemia y ganancia de peso,Cetoacidosis diabética,Insuficiencia renal aguda,,Hipoglucemia y ganancia de peso
PROC_ENDO_DM2_MANAGEMENT_001_005,endo,3,"En un paciente con DM2 e Insuficiencia Cardíaca, ¿qué grupo farmacológico aporta mayor beneficio de cardio-protección?",Agonistas GLP-1,Inhibidores de DPP-4,Inhibidores de SGLT2 (iSGLT2),,Inhibidores de SGLT2 (iSGLT2)
PROC_ENDO_DM2_MANAGEMENT_001_006,endo,1,¿Cuál es el fármaco de elección en pacientes con DM2 y enfermedad cardiovascular establecida (prevención secundaria)?,Sulfonilureas,Metformina sola,Agonistas GLP-1,,Agonistas GLP-1
PROC_ENDO_DM2_MANAGEMENT_001_006,endo,2,¿Cuál es el principal riesgo asociado al uso de sulfonilureas como la glibenclamida?,Insuficiencia renal aguda,Hipoglucemia y ganancia de peso,Cetoacidosis diabética,,Hipoglucemia y ganancia de peso
PROC_ENDO_DM2_MANAGEMENT_001_006,endo,3,"En un paciente con DM2 e Insuficiencia Cardíaca, ¿qué grupo farmacológico aporta mayor beneficio de cardio-protección?",Inhibidores de SGLT2 (iSGLT2),Inhibidores de DPP-4,Agonistas GLP-1,,Inhibidores de SGLT2 (iSGLT2)
PROC_ENDO_DM2_MANAGEMENT_001_007,endo,1,¿Cuál es el fármaco de elección en pacientes con DM2 y enfermedad cardiovascular establecida (prevención secundaria)?,Sulfonilureas,Agonistas GLP-1,Metformina sola,,Agonistas GLP-1
PROC_ENDO_DM2_MANAGEMENT_001_007,endo,2,¿Cuál es el principal riesgo asociado al uso de sulfonilureas como la glibenclamida?,Insuficiencia renal aguda,Cetoacidosis diabética,Hipoglucemia y ganancia de peso,,Hipoglucemia y ganancia de peso
PROC_ENDO_DM2_MANAGEMENT_001_007,endo,3,"En un paciente con DM2 e Insuficiencia Cardíaca, ¿qué grupo farmacológico aporta mayor beneficio de cardio-protección?",Inhibidores de SGLT2 (iSGLT2),Inhibidores de DPP-4,Agonistas GLP-1,,Inhibidores de SGLT2 (iSGLT2)
PROC_ENDO_DM2_MANAGEMENT_001_008,endo,1,¿Cuál es el fármaco de elección en pacientes con DM2 y enfermedad cardiovascular establecida (prevención secundaria)?,Agonistas GLP-1,Metformina sola,Sulfonilureas,,Agonistas GLP-1
PROC_ENDO_DM2_MANAGEMENT_001_008,endo,2,¿Cuál es el principal riesgo asociado al uso de sulfonilureas como la glibenclamida?,Insuficiencia renal aguda,Hipoglucemia y ganancia de peso,Cetoacidosis diabética,,Hipoglucemia y ganancia de peso
PROC_ENDO_DM2_MANAGEMENT_001_008,endo,3,"En un paciente con DM2 e Insuficiencia Cardíaca, ¿qué grupo farmacológico aporta mayor beneficio de cardio-protección?",Agonistas GLP-1,Inhibidores de DPP-4,Inhibidores de SGLT2 (iSGLT2),,Inhibidores de SGLT2 (iSGLT2)
PROC_ENDO_DM2_MANAGEMENT_001_009,endo,1,¿Cuál es el fármaco de elección en pacientes con DM2 y enfermedad cardiovascular establecida (prevención secundaria)?,Sulfonilureas,Agonistas GLP-1,Metformina sola,,Agonistas GLP-1
PROC_ENDO_DM2_MANAGEMENT_001_009,endo,2,¿Cuál es el principal riesgo asociado al uso de sulfonilureas como la glibenclamida?,Insuficiencia renal aguda,Hipoglucemia y ganancia de peso,Cetoacidosis diabética,,Hipoglucemia y ganancia de peso
PROC_ENDO_DM2_MANAGEMENT_001_009,endo,3,"En un paciente con DM2 e Insuficiencia Cardíaca, ¿qué grupo farmacológico aporta mayor beneficio de cardio-protección?",Inhibidores de SGLT2 (iSGLT2),Inhibidores de DPP-4,Agonistas GLP-1,,Inhibidores de SGLT2 (iSGLT2)
PROC_ENDO_DM2_MANAGEMENT_001_010,endo,1,¿Cuál es el fármaco de elección en pacientes con DM2 y enfermedad cardiovascular establecida (prevención secundaria)?,Sulfonilureas,Metformina sola,Agonistas GLP-1,,Agonistas GLP-1
PROC_ENDO_DM2_MANAGEMENT_001_010,endo,2,¿Cuál es el principal riesgo asociado al uso de sulfonilureas como la glibenclamida?,Insuficiencia renal aguda,Cetoacidosis diabética,Hipoglucemia y ganancia de peso,,Hipoglucemia y ganancia de peso
PROC_ENDO_DM2_MANAGEMENT_001_010,endo,3,"En un paciente con DM2 e Insuficiencia Cardíaca, ¿qué grupo farmacológico aporta mayor beneficio de cardio-protección?",Inhibidores de SGLT2 (iSGLT2),Inhibidores de DPP-4,Agonistas GLP-1,,Inhibidores de SGLT2 (iSGLT2)
PROC_ENDO_DM2_MANAGEMENT_001_011,endo,1,¿Cuál es el fármaco de elección en pacientes con DM2 y enfermedad cardiovascular establecida (prevención secundaria)?,Sulfonilureas,Agonistas GLP-1,Metformina sola,,Agonistas GLP-1
PROC_ENDO_DM2_MANAGEMENT_001_011,endo,2,¿Cuál es el principal riesgo asociado al uso de sulfonilureas como la glibenclamida?,Cetoacidosis diabética,Hipoglucemia y ganancia de peso,Insuficiencia renal aguda,,Hipoglucemia y ganancia de peso
PROC_ENDO_DM2_MANAGEMENT_001_011,endo,3,"En un paciente con DM2 e Insuficiencia Cardíaca, ¿qué grupo farmacológico aporta mayor beneficio de cardio-protección?",Inhibidores de SGLT2 (iSGLT2),Inhibidores de DPP-4,Agonistas GLP-1,,Inhibidores de SGLT2 (iSGLT2)
PROC_ENDO_DM2_MANAGEMENT_001_012,endo,1,¿Cuál es el fármaco de elección en pacientes con DM2 y enfermedad cardiovascular establecida (prevención secundaria)?,Agonistas GLP-1,Sulfonilureas,Metformina sola,,Agonistas GLP-1
PROC_ENDO_DM2_MANAGEMENT_001_012,endo,2,¿Cuál es el principal riesgo asociado al uso de sulfonilureas como la glibenclamida?,Hipoglucemia y ganancia de peso,Cetoacidosis diabética,Insuficiencia renal aguda,,Hipoglucemia y ganancia de peso
PROC_ENDO_DM2_MANAGEMENT_001_012,endo,3,"En un paciente con DM2 e Insuficiencia Cardíaca, ¿qué grupo farmacológico aporta mayor beneficio de cardio-protección?",Agonistas GLP-1,Inhibidores de SGLT2 (iSGLT2),Inhibidores de DPP-4,,Inhibidores de SGLT2 (iSGLT2)
PROC_ENDO_DM2_MANAGEMENT_001_013,endo,1,¿Cuál es el fármaco de elección en pacientes con DM2 y enfermedad cardiovascular establecida (prevención secundaria)?,Agonistas GLP-1,Metformina sola,Sulfonilureas,,Agonistas GLP-1
PROC_ENDO_DM2_MANAGEMENT_001_013,endo,2,¿Cuál es el principal riesgo asociado al uso de sulfonilureas como la glibenclamida?,Insuficiencia renal aguda,Cetoacidosis diabética,Hipoglucemia y ganancia de peso,,Hipoglucemia y ganancia de peso
PROC_ENDO_DM2_MANAGEMENT_001_013,endo,3,"En un paciente con DM2 e Insuficiencia Cardíaca, ¿qué grupo farmacológico aporta mayor beneficio de cardio-protección?",Inhibidores de SGLT2 (iSGLT2),Agonistas GLP-1,Inhibidores de DPP-4,,Inhibidores de SGLT2 (iSGLT2)
PROC_ENDO_DM2_MANAGEMENT_001_014,endo,1,¿Cuál es el fármaco de elección en pacientes con DM2 y enfermedad cardiovascular establecida (prevención secundaria)?,Metformina sola,Sulfonilureas,Agonistas GLP-1,,Agonistas GLP-1
PROC_ENDO_DM2_MANAGEMENT_001_014,endo,2,¿Cuál es el principal riesgo asociado al uso de sulfonilureas como la glibenclamida?,Hipoglucemia y ganancia de peso,Insuficiencia renal aguda,Cetoacidosis diabética,,Hipoglucemia y ganancia de peso
PROC_ENDO_DM2_MANAGEMENT_001_014,endo,3,"En un paciente con DM2 e Insuficiencia Cardíaca, ¿qué grupo farmacológico aporta mayor beneficio de cardio-protección?",Inhibidores de SGLT2 (iSGLT2),Inhibidores de DPP-4,Agonistas GLP-1,,Inhibidores de SGLT2 (iSGLT2)
PROC_ENDO_DM2_MANAGEMENT_001_015,endo,1,¿Cuál es el fármaco de elección en pacientes con DM2 y enfermedad cardiovascular establecida (prevención secundaria)?,Sulfonilureas,Agonistas GLP-1,Metformina sola,,Agonistas GLP-1
PROC_ENDO_DM2_MANAGEMENT_001_015,endo,2,¿Cuál es el principal riesgo asociado al uso de sulfonilureas como la glibenclamida?,Hipoglucemia y ganancia de peso,Cetoacidosis diabética,Insuficiencia renal aguda,,Hipoglucemia y ganancia de peso
PROC_ENDO_DM2_MANAGEMENT_001_015,endo,3,"En un paciente con DM2 e Insuficiencia Cardíaca, ¿qué grupo farmacológico aporta mayor beneficio de cardio-protección?",Agonistas GLP-1,Inhibidores de SGLT2 (iSGLT2),Inhibidores de DPP-4,,Inhibidores de SGLT2 (iSGLT2)
PROC_ENGL_TECH_VOCABULARY_001_001,engl,1,"Con respecto a la patología, ¿cuál es la diferencia entre 'Wound' e 'Injury'?",Wound es una fractura; Injury es un moretón,Wound es una herida abierta; Injury es cualquier lesión,Son sinónimos exactos en medicina,,Wound es una herida abierta; Injury es cualquier lesión
PROC_ENGL_TECH_VOCABULARY_001_001,engl,2,¿Cuál es la traducción correcta de 'Constipation' en un contexto médico?,Congestión nasal,Estreñimiento,Diarrea,,Estreñimiento
PROC_ENGL_TECH_VOCABULARY_001_001,engl,3,¿Qué significa el término 'Shortness of breath'?,Dolor de pecho,Disnea (falta de aire),Tos seca,,Disnea (falta de aire)
PROC_ENGL_TECH_VOCABULARY_001_002,engl,1,¿Cuál es la traducción correcta de 'Constipation' en un contexto médico?,Diarrea,Congestión nasal,Estreñimiento,,Estreñimiento
PROC_ENGL_TECH_VOCABULARY_001_002,engl,2,¿Qué significa el término 'Shortness of breath'?,Disnea (falta de aire),Tos seca,Dolor de pecho,,Disnea (falta de aire)
PROC_ENGL_TECH_VOCABULARY_001_002,engl,3,¿Cuál es la diferencia entre 'Wound' e 'Injury'?,Wound es una herida abierta; Injury es cualquier lesión,Wound es una fractura; Injury es un moretón,Son sinónimos exactos en medicina,,Wound es una herida abierta; Injury es cualquier lesión
PROC_ENGL_TECH_VOCABULARY_001_003,engl,1,¿Cuál es la traducción correcta de 'Constipation' en un contexto médico?,Diarrea,Estreñimiento,Congestión nasal,,Estreñimiento
PROC_ENGL_TECH_VOCABULARY_001_003,engl,2,¿Qué significa el término 'Shortness of breath'?,Tos seca,Disnea (falta de aire),Dolor de pecho,,Disnea (falta de aire)
PROC_ENGL_TECH_VOCABULARY_001_003,engl,3,¿Cuál es la diferencia entre 'Wound' e 'Injury'?,Son sinónimos exactos en medicina,Wound es una fractura; Injury es un moretón,Wound es una herida abierta; Injury es cualquier lesión,,Wound es una herida abierta; Injury es cualquier lesión
PROC_ENGL_TECH_VOCABULARY_001_004,engl,1,¿Cuál es la traducción correcta de 'Constipation' en un contexto médico?,Congestión nasal,Estreñimiento,Diarrea,,Estreñimiento
PROC_ENGL_TECH_VOCABULARY_001_004,engl,2,¿Qué significa el término 'Shortness of breath'?,Tos seca,Disnea (falta de aire),Dolor de pecho,,Disnea (falta de aire)
PROC_ENGL_TECH_VOCABULARY_001_004,engl,3,¿Cuál es la diferencia entre 'Wound' e 'Injury'?,Wound es una fractura; Injury es un moretón,Son sinónimos exactos en medicina,Wound es una herida abierta; Injury es cualquier lesión,,Wound es una herida abierta; Injury es cualquier lesión
PROC_ENGL_TECH_VOCABULARY_001_005,engl,1,¿Cuál es la traducción correcta de 'Constipation' en un contexto médico?,Estreñimiento,Congestión nasal,Diarrea,,Estreñimiento
PROC_ENGL_TECH_VOCABULARY_001_005,engl,2,¿Qué significa el término 'Shortness of breath'?,Tos seca,Disnea (falta de aire),Dolor de pecho,,Disnea (falta de aire)
PROC_ENGL_TECH_VOCABULARY_001_005,engl,3,¿Cuál es la diferencia entre 'Wound' e 'Injury'?,Son sinónimos exactos en medicina,Wound es una herida abierta; Injury es cualquier lesión,Wound es una fractura; Injury es un moretón,,Wound es una herida abierta; Injury es cualquier lesión
PROC_ENGL_TECH_VOCABULARY_001_006,engl,1,¿Cuál es la traducción correcta de 'Constipation' en un contexto médico?,Diarrea,Estreñimiento,Congestión nasal,,Estreñimiento
PROC_ENGL_TECH_VOCABULARY_001_006,engl,2,¿Qué significa el término 'Shortness of breath'?,Disnea (falta de aire),Dolor de pecho,Tos seca,,Disnea (falta de aire)
PROC_ENGL_TECH_VOCABULARY_001_006,engl,3,¿Cuál es la diferencia entre 'Wound' e 'Injury'?,Son sinónimos exactos en medicina,Wound es una herida abierta; Injury es cualquier lesión,Wound es una fractura; Injury es un moretón,,Wound es una herida abierta; Injury es cualquier lesión
PROC_ENGL_TECH_VOCABULARY_001_007,engl,1,¿Cuál es la traducción correcta de 'Constipation' en un contexto médico?,Congestión nasal,Diarrea,Estreñimiento,,Estreñimiento
PROC_ENGL_TECH_VOCABULARY_001_007,engl,2,¿Qué significa el término 'Shortness of breath'?,Dolor de pecho,Tos seca,Disnea (falta de aire),,Disnea (falta de aire)
PROC_ENGL_TECH_VOCABULARY_001_007,engl,3,¿Cuál es la diferencia entre 'Wound' e 'Injury'?,Wound es una herida abierta; Injury es cualquier lesión,Son sinónimos exactos en medicina,Wound es una fractura; Injury es un moretón,,Wound es una herida abierta; Injury es cualquier lesión
PROC_ENGL_TECH_VOCABULARY_001_008,engl,1,¿Cuál es la traducción correcta de 'Constipation' en un contexto médico?,Diarrea,Congestión nasal,Estreñimiento,,Estreñimiento
PROC_ENGL_TECH_VOCABULARY_001_008,engl,2,¿Qué significa el término 'Shortness of breath'?,Tos seca,Disnea (falta de aire),Dolor de pecho,,Disnea (falta de aire)
PROC_ENGL_TECH_VOCABULARY_001_008,engl,3,¿Cuál es la diferencia entre 'Wound' e 'Injury'?,Wound es una fractura; Injury es un moretón,Son sinónimos exactos en medicina,Wound es una herida abierta; Injury es cualquier lesión,,Wound es una herida abierta; Injury es cualquier lesión
PROC_ENGL_TECH_VOCABULARY_001_009,engl,1,¿Cuál es la traducción correcta de 'Constipation' en un contexto médico?,Congestión nasal,Estreñimiento,Diarrea,,Estreñimiento
PROC_ENGL_TECH_VOCABULARY_001_009,engl,2,¿Qué significa el término 'Shortness of breath'?,Dolor de pecho,Disnea (falta de aire),Tos seca,,Disnea (falta de aire)
PROC_ENGL_TECH_VOCABULARY_001_009,engl,3,¿Cuál es la diferencia entre 'Wound' e 'Injury'?,Wound es una herida abierta; Injury es cualquier lesión,Son sinónimos exactos en medicina,Wound es una fractura; Injury es un moretón,,Wound es una herida abierta; Injury es cualquier lesión
PROC_ENGL_TECH_VOCABULARY_001_010,engl,1,¿Cuál es la traducción correcta de 'Constipation' en un contexto médico?,Congestión nasal,Estreñimiento,Diarrea,,Estreñimiento
PROC_ENGL_TECH_VOCABULARY_001_010,engl,2,¿Qué significa el término 'Shortness of breath'?,Tos seca,Dolor de pecho,Disnea (falta de aire),,Disnea (falta de aire)
PROC_ENGL_TECH_VOCABULARY_001_010,engl,3,¿Cuál es la diferencia entre 'Wound' e 'Injury'?,Son sinónimos exactos en medicina,Wound es una herida abierta; Injury es cualquier lesión,Wound es una fractura; Injury es un moretón,,Wound es una herida abierta; Injury es cualquier lesión
PROC_ENGL_TECH_VOCABULARY_001_011,engl,1,¿Cuál es la traducción correcta de 'Constipation' en un contexto médico?,Diarrea,Congestión nasal,Estreñimiento,,Estreñimiento
PROC_ENGL_TECH_VOCABULARY_001_011,engl,2,¿Qué significa el término 'Shortness of breath'?,Dolor de pecho,Tos seca,Disnea (falta de aire),,Disnea (falta de aire)
PROC_ENGL_TECH_VOCABULARY_001_011,engl,3,¿Cuál es la diferencia entre 'Wound' e 'Injury'?,Wound es una herida abierta; Injury es cualquier lesión,Wound es una fractura; Injury es un moretón,Son sinónimos exactos en medicina,,Wound es una herida abierta; Injury es cualquier lesión
PROC_ENGL_TECH_VOCABULARY_001_012,engl,1,¿Cuál es la traducción correcta de 'Constipation' en un contexto médico?,Diarrea,Estreñimiento,Congestión nasal,,Estreñimiento
PROC_ENGL_TECH_VOCABULARY_001_012,engl,2,¿Qué significa el término 'Shortness of breath'?,Dolor de pecho,Tos seca,Disnea (falta de aire),,Disnea (falta de aire)
PROC_ENGL_TECH_VOCABULARY_001_012,engl,3,¿Cuál es la diferencia entre 'Wound' e 'Injury'?,Wound es una herida abierta; Injury es cualquier lesión,Son sinónimos exactos en medicina,Wound es una fractura; Injury es un moretón,,Wound es una herida abierta; Injury es cualquier lesión
PROC_ENGL_TECH_VOCABULARY_001_013,engl,1,¿Cuál es la traducción correcta de 'Constipation' en un contexto médico?,Estreñimiento,Congestión nasal,Diarrea,,Estreñimiento
PROC_ENGL_TECH_VOCABULARY_001_013,engl,2,¿Qué significa el término 'Shortness of breath'?,Dolor de pecho,Tos seca,Disnea (falta de aire),,Disnea (falta de aire)
PROC_ENGL_TECH_VOCABULARY_001_013,engl,3,¿Cuál es la diferencia entre 'Wound' e 'Injury'?,Wound es una fractura; Injury es un moretón,Wound es una herida abierta; Injury es cualquier lesión,Son sinónimos exactos en medicina,,Wound es una herida abierta; Injury es cualquier lesión
PROC_ENGL_TECH_VOCABULARY_001_014,engl,1,¿Cuál es la traducción correcta de 'Constipation' en un contexto médico?,Congestión nasal,Diarrea,Estreñimiento,,Estreñimiento
PROC_ENGL_TECH_VOCABULARY_001_014,engl,2,¿Qué significa el término 'Shortness of breath'?,Disnea (falta de aire),Dolor de pecho,Tos seca,,Disnea (falta de aire)
PROC_ENGL_TECH_VOCABULARY_001_014,engl,3,¿Cuál es la diferencia entre 'Wound' e 'Injury'?,Wound es una herida abierta; Injury es cualquier lesión,Wound es una fractura; Injury es un moretón,Son sinónimos exactos en medicina,,Wound es una herida abierta; Injury es cualquier lesión
PROC_ENGL_TECH_VOCABULARY_001_015,engl,1,¿Cuál es la traducción correcta de 'Constipation' en un contexto médico?,Congestión nasal,Diarrea,Estreñimiento,,Estreñimiento
PROC_ENGL_TECH_VOCABULARY_001_015,engl,2,¿Qué significa el término 'Shortness of breath'?,Tos seca,Disnea (falta de aire),Dolor de pecho,,Disnea (falta de aire)
PROC_ENGL_TECH_VOCABULARY_001_015,engl,3,¿Cuál es la diferencia entre 'Wound' e 'Injury'?,Son sinónimos exactos en medicina,Wound es una herida abierta; Injury es cualquier lesión,Wound es una fractura; Injury es un moretón,,Wound es una herida abierta; Injury es cualquier lesión
PROC_GAST_DIVERTICULITIS_HINCHEY_001_001,gast,1,"Con respecto a la patología, ¿cuál es el estudio de imagen con mayor sensibilidad y especificidad (Estándar de Oro) para el diagnóstico de diverticulitis?",Radiografía de Abdomen,Ultrasonido Abdominal,Tomografía Axial Computarizada (TC),,Tomografía Axial Computarizada (TC)
PROC_GAST_DIVERTICULITIS_HINCHEY_001_001,gast,2,¿Cuál es el manejo de elección para un absceso diverticular >5 cm (Hinchey II) según la GPC?,Antibióticos orales únicamente,Resección intestinal inmediata,Drenaje percutáneo guiado por imagen,,Drenaje percutáneo guiado por imagen
PROC_GAST_DIVERTICULITIS_HINCHEY_001_001,gast,3,¿Cuál de los siguientes estudios está CONTRAINDICADO durante la fase aguda de una diverticulitis por riesgo de perforación?,Colonoscopía,Tomografía Computada,Resonancia Magnética,,Colonoscopía
PROC_GAST_MESENTERIC_ISCHEMIA_001_001,gast,1,¿Cuál es el estudio de imagen inicial de elección para diagnosticar oclusión de la arteria mesentérica superior?,Radiografía de tórax en bipedestación,Angiotomografía Computarizada (Angio-TC),Ultrasonido Doppler,,Angiotomografía Computarizada (Angio-TC)
PROC_GAST_MESENTERIC_ISCHEMIA_001_001,gast,2,¿Cuál es el hallazgo clínico clásico ('mismatch') que define la fase temprana de la isquemia mesentérica aguda?,Masa palpable en cuadrante superior derecho,Dolor intenso desproporcionado a los hallazgos de la exploración física,Irritación peritoneal inmediata (rebote positivo),,Dolor intenso desproporcionado a los hallazgos de la exploración física
PROC_GAST_MESENTERIC_ISCHEMIA_001_001,gast,3,¿Qué antecedente de la paciente es el factor de riesgo más importante para sospechar un origen embólico de la isquemia?,Diabetes Mellitus,Fibrilación Auricular,Colelitiasis,,Fibrilación Auricular
PROC_GAST_VARICES_HARD_001_001,gast,1,¿Cuál es la medida farmacológica de primera línea para detener el sangrado por varices esofágicas previo a la endoscopia?,Omeprazol IV en infusión,Terlipresina / Octreótido IV,Ácido Tranexámico IV,,Terlipresina / Octreótido IV
PROC_GAST_VARICES_HARD_001_001,gast,2,¿Qué complicación previene directamente el uso de Ceftriaxona en este paciente cirrótico con sangrado activo?,Encefalopatía Hepática,Síndrome Hepatorrenal,Peritonitis Bacteriana Espontánea (PBE),,Peritonitis Bacteriana Espontánea (PBE)
PROC_GAST_VARICES_HARD_001_001,gast,3,¿Cuál es el tratamiento endoscópico de elección para las várices esofágicas sangrantes?,Ligadura endoscópica con banda elástica,Escleroterapia con etanolamina,Colocación de balón de Sengstaken-Blakemore,,Ligadura endoscópica con banda elástica
PROC_GYN_CANCER_BREAST_001_001,gyn,1,¿Cuál de los siguientes subtipos histopatológicos es el más frecuente en el cáncer de mama invasor?,Carcinoma Mucinoso,Carcinoma Lobulillar Infiltrante,Carcinoma Ductal Infiltrante,,Carcinoma Ductal Infiltrante
PROC_GYN_CANCER_BREAST_001_001,gyn,2,¿A qué edad recomienda la GPC iniciar el tamizaje mastográfico en pacientes de riesgo promedio sin antecedentes?,A partir de los 40 años,A partir de los 50 años,A partir de los 35 años,,A partir de los 40 años
PROC_GYN_CANCER_BREAST_001_001,gyn,3,¿Cuál es la conducta recomendada ante un hallazgo categorizado como BI-RADS 3 (Probablemente Benigno)?,Biopsia percutánea inmediata,Repetir estudio en 2 años,Seguimiento mastográfico en 6 meses,,Seguimiento mastográfico en 6 meses
PROC_GYN_CANCER_BREAST_001_002,gyn,1,¿A qué edad recomienda la GPC iniciar el tamizaje mastográfico en pacientes de riesgo promedio sin antecedentes?,A partir de los 40 años,A partir de los 50 años,A partir de los 35 años,,A partir de los 40 años
PROC_GYN_CANCER_BREAST_001_002,gyn,2,¿Cuál es la conducta recomendada ante un hallazgo categorizado como BI-RADS 3 (Probablemente Benigno)?,Seguimiento mastográfico en 6 meses,Repetir estudio en 2 años,Biopsia percutánea inmediata,,Seguimiento mastográfico en 6 meses
PROC_GYN_CANCER_BREAST_001_002,gyn,3,¿Cuál de los siguientes subtipos histopatológicos es el más frecuente en el cáncer de mama invasor?,Carcinoma Ductal Infiltrante,Carcinoma Lobulillar Infiltrante,Carcinoma Mucinoso,,Carcinoma Ductal Infiltrante
PROC_GYN_CANCER_BREAST_001_003,gyn,1,¿A qué edad recomienda la GPC iniciar el tamizaje mastográfico en pacientes de riesgo promedio sin antecedentes?,A partir de los 35 años,A partir de los 50 años,A partir de los 40 años,,A partir de los 40 años
PROC_GYN_CANCER_BREAST_001_003,gyn,2,¿Cuál es la conducta recomendada ante un hallazgo categorizado como BI-RADS 3 (Probablemente Benigno)?,Repetir estudio en 2 años,Biopsia percutánea inmediata,Seguimiento mastográfico en 6 meses,,Seguimiento mastográfico en 6 meses
PROC_GYN_CANCER_BREAST_001_003,gyn,3,¿Cuál de los siguientes subtipos histopatológicos es el más frecuente en el cáncer de mama invasor?,Carcinoma Lobulillar Infiltrante,Carcinoma Ductal Infiltrante,Carcinoma Mucinoso,,Carcinoma Ductal Infiltrante
PROC_GYN_CANCER_BREAST_001_004,gyn,1,¿A qué edad recomienda la GPC iniciar el tamizaje mastográfico en pacientes de riesgo promedio sin antecedentes?,A partir de los 50 años,A partir de los 40 años,A partir de los 35 años,,A partir de los 40 años
PROC_GYN_CANCER_BREAST_001_004,gyn,2,¿Cuál es la conducta recomendada ante un hallazgo categorizado como BI-RADS 3 (Probablemente Benigno)?,Seguimiento mastográfico en 6 meses,Biopsia percutánea inmediata,Repetir estudio en 2 años,,Seguimiento mastográfico en 6 meses
PROC_GYN_CANCER_BREAST_001_004,gyn,3,¿Cuál de los siguientes subtipos histopatológicos es el más frecuente en el cáncer de mama invasor?,Carcinoma Ductal Infiltrante,Carcinoma Mucinoso,Carcinoma Lobulillar Infiltrante,,Carcinoma Ductal Infiltrante
PROC_GYN_CANCER_BREAST_001_005,gyn,1,¿A qué edad recomienda la GPC iniciar el tamizaje mastográfico en pacientes de riesgo promedio sin antecedentes?,A partir de los 40 años,A partir de los 35 años,A partir de los 50 años,,A partir de los 40 años
PROC_GYN_CANCER_BREAST_001_005,gyn,2,¿Cuál es la conducta recomendada ante un hallazgo categorizado como BI-RADS 3 (Probablemente Benigno)?,Repetir estudio en 2 años,Seguimiento mastográfico en 6 meses,Biopsia percutánea inmediata,,Seguimiento mastográfico en 6 meses
PROC_GYN_CANCER_BREAST_001_005,gyn,3,¿Cuál de los siguientes subtipos histopatológicos es el más frecuente en el cáncer de mama invasor?,Carcinoma Ductal Infiltrante,Carcinoma Mucinoso,Carcinoma Lobulillar Infiltrante,,Carcinoma Ductal Infiltrante
PROC_GYN_CANCER_BREAST_001_006,gyn,1,¿A qué edad recomienda la GPC iniciar el tamizaje mastográfico en pacientes de riesgo promedio sin antecedentes?,A partir de los 35 años,A partir de los 40 años,A partir de los 50 años,,A partir de los 40 años
PROC_GYN_CANCER_BREAST_001_006,gyn,2,¿Cuál es la conducta recomendada ante un hallazgo categorizado como BI-RADS 3 (Probablemente Benigno)?,Seguimiento mastográfico en 6 meses,Biopsia percutánea inmediata,Repetir estudio en 2 años,,Seguimiento mastográfico en 6 meses
PROC_GYN_CANCER_BREAST_001_006,gyn,3,¿Cuál de los siguientes subtipos histopatológicos es el más frecuente en el cáncer de mama invasor?,Carcinoma Lobulillar Infiltrante,Carcinoma Mucinoso,Carcinoma Ductal Infiltrante,,Carcinoma Ductal Infiltrante
PROC_GYN_CANCER_BREAST_001_007,gyn,1,¿A qué edad recomienda la GPC iniciar el tamizaje mastográfico en pacientes de riesgo promedio sin antecedentes?,A partir de los 40 años,A partir de los 50 años,A partir de los 35 años,,A partir de los 40 años
PROC_GYN_CANCER_BREAST_001_007,gyn,2,¿Cuál es la conducta recomendada ante un hallazgo categorizado como BI-RADS 3 (Probablemente Benigno)?,Repetir estudio en 2 años,Biopsia percutánea inmediata,Seguimiento mastográfico en 6 meses,,Seguimiento mastográfico en 6 meses
PROC_GYN_CANCER_BREAST_001_007,gyn,3,¿Cuál de los siguientes subtipos histopatológicos es el más frecuente en el cáncer de mama invasor?,Carcinoma Mucinoso,Carcinoma Lobulillar Infiltrante,Carcinoma Ductal Infiltrante,,Carcinoma Ductal Infiltrante
PROC_GYN_CANCER_BREAST_001_008,gyn,1,¿A qué edad recomienda la GPC iniciar el tamizaje mastográfico en pacientes de riesgo promedio sin antecedentes?,A partir de los 35 años,A partir de los 50 años,A partir de los 40 años,,A partir de los 40 años
PROC_GYN_CANCER_BREAST_001_008,gyn,2,¿Cuál es la conducta recomendada ante un hallazgo categorizado como BI-RADS 3 (Probablemente Benigno)?,Biopsia percutánea inmediata,Seguimiento mastográfico en 6 meses,Repetir estudio en 2 años,,Seguimiento mastográfico en 6 meses
PROC_GYN_CANCER_BREAST_001_008,gyn,3,¿Cuál de los siguientes subtipos histopatológicos es el más frecuente en el cáncer de mama invasor?,Carcinoma Mucinoso,Carcinoma Ductal Infiltrante,Carcinoma Lobulillar Infiltrante,,Carcinoma Ductal Infiltrante
PROC_GYN_CANCER_BREAST_001_009,gyn,1,¿A qué edad recomienda la GPC iniciar el tamizaje mastográfico en pacientes de riesgo promedio sin antecedentes?,A partir de los 50 años,A partir de los 35 años,A partir de los 40 años,,A partir de los 40 años
PROC_GYN_CANCER_BREAST_001_009,gyn,2,¿Cuál es la conducta recomendada ante un hallazgo categorizado como BI-RADS 3 (Probablemente Benigno)?,Biopsia percutánea inmediata,Repetir estudio en 2 años,Seguimiento mastográfico en 6 meses,,Seguimiento mastográfico en 6 meses
PROC_GYN_CANCER_BREAST_001_009,gyn,3,¿Cuál de los siguientes subtipos histopatológicos es el más frecuente en el cáncer de mama invasor?,Carcinoma Ductal Infiltrante,Carcinoma Lobulillar Infiltrante,Carcinoma Mucinoso,,Carcinoma Ductal Infiltrante
PROC_GYN_CANCER_BREAST_001_010,gyn,1,¿A qué edad recomienda la GPC iniciar el tamizaje mastográfico en pacientes de riesgo promedio sin antecedentes?,A partir de los 40 años,A partir de los 35 años,A partir de los 50 años,,A partir de los 40 años
PROC_GYN_CANCER_BREAST_001_010,gyn,2,¿Cuál es la conducta recomendada ante un hallazgo categorizado como BI-RADS 3 (Probablemente Benigno)?,Repetir estudio en 2 años,Biopsia percutánea inmediata,Seguimiento mastográfico en 6 meses,,Seguimiento mastográfico en 6 meses
PROC_GYN_CANCER_BREAST_001_010,gyn,3,¿Cuál de los siguientes subtipos histopatológicos es el más frecuente en el cáncer de mama invasor?,Carcinoma Mucinoso,Carcinoma Lobulillar Infiltrante,Carcinoma Ductal Infiltrante,,Carcinoma Ductal Infiltrante
PROC_GYN_CANCER_BREAST_001_011,gyn,1,¿A qué edad recomienda la GPC iniciar el tamizaje mastográfico en pacientes de riesgo promedio sin antecedentes?,A partir de los 50 años,A partir de los 40 años,A partir de los 35 años,,A partir de los 40 años
PROC_GYN_CANCER_BREAST_001_011,gyn,2,¿Cuál es la conducta recomendada ante un hallazgo categorizado como BI-RADS 3 (Probablemente Benigno)?,Biopsia percutánea inmediata,Seguimiento mastográfico en 6 meses,Repetir estudio en 2 años,,Seguimiento mastográfico en 6 meses
PROC_GYN_CANCER_BREAST_001_011,gyn,3,¿Cuál de los siguientes subtipos histopatológicos es el más frecuente en el cáncer de mama invasor?,Carcinoma Ductal Infiltrante,Carcinoma Lobulillar Infiltrante,Carcinoma Mucinoso,,Carcinoma Ductal Infiltrante
PROC_GYN_CANCER_BREAST_001_012,gyn,1,¿A qué edad recomienda la GPC iniciar el tamizaje mastográfico en pacientes de riesgo promedio sin antecedentes?,A partir de los 40 años,A partir de los 50 años,A partir de los 35 años,,A partir de los 40 años
PROC_GYN_CANCER_BREAST_001_012,gyn,2,¿Cuál es la conducta recomendada ante un hallazgo categorizado como BI-RADS 3 (Probablemente Benigno)?,Biopsia percutánea inmediata,Seguimiento mastográfico en 6 meses,Repetir estudio en 2 años,,Seguimiento mastográfico en 6 meses
PROC_GYN_CANCER_BREAST_001_012,gyn,3,¿Cuál de los siguientes subtipos histopatológicos es el más frecuente en el cáncer de mama invasor?,Carcinoma Ductal Infiltrante,Carcinoma Lobulillar Infiltrante,Carcinoma Mucinoso,,Carcinoma Ductal Infiltrante
PROC_GYN_CANCER_BREAST_001_013,gyn,1,¿A qué edad recomienda la GPC iniciar el tamizaje mastográfico en pacientes de riesgo promedio sin antecedentes?,A partir de los 35 años,A partir de los 40 años,A partir de los 50 años,,A partir de los 40 años
PROC_GYN_CANCER_BREAST_001_013,gyn,2,¿Cuál es la conducta recomendada ante un hallazgo categorizado como BI-RADS 3 (Probablemente Benigno)?,Biopsia percutánea inmediata,Seguimiento mastográfico en 6 meses,Repetir estudio en 2 años,,Seguimiento mastográfico en 6 meses
PROC_GYN_CANCER_BREAST_001_013,gyn,3,¿Cuál de los siguientes subtipos histopatológicos es el más frecuente en el cáncer de mama invasor?,Carcinoma Mucinoso,Carcinoma Lobulillar Infiltrante,Carcinoma Ductal Infiltrante,,Carcinoma Ductal Infiltrante
PROC_GYN_CANCER_BREAST_001_014,gyn,1,¿A qué edad recomienda la GPC iniciar el tamizaje mastográfico en pacientes de riesgo promedio sin antecedentes?,A partir de los 35 años,A partir de los 50 años,A partir de los 40 años,,A partir de los 40 años
PROC_GYN_CANCER_BREAST_001_014,gyn,2,¿Cuál es la conducta recomendada ante un hallazgo categorizado como BI-RADS 3 (Probablemente Benigno)?,Repetir estudio en 2 años,Biopsia percutánea inmediata,Seguimiento mastográfico en 6 meses,,Seguimiento mastográfico en 6 meses
PROC_GYN_CANCER_BREAST_001_014,gyn,3,¿Cuál de los siguientes subtipos histopatológicos es el más frecuente en el cáncer de mama invasor?,Carcinoma Mucinoso,Carcinoma Lobulillar Infiltrante,Carcinoma Ductal Infiltrante,,Carcinoma Ductal Infiltrante
PROC_GYN_CANCER_BREAST_001_015,gyn,1,¿A qué edad recomienda la GPC iniciar el tamizaje mastográfico en pacientes de riesgo promedio sin antecedentes?,A partir de los 40 años,A partir de los 50 años,A partir de los 35 años,,A partir de los 40 años
PROC_GYN_CANCER_BREAST_001_015,gyn,2,¿Cuál es la conducta recomendada ante un hallazgo categorizado como BI-RADS 3 (Probablemente Benigno)?,Seguimiento mastográfico en 6 meses,Repetir estudio en 2 años,Biopsia percutánea inmediata,,Seguimiento mastográfico en 6 meses
PROC_GYN_CANCER_BREAST_001_015,gyn,3,¿Cuál de los siguientes subtipos histopatológicos es el más frecuente en el cáncer de mama invasor?,Carcinoma Mucinoso,Carcinoma Ductal Infiltrante,Carcinoma Lobulillar Infiltrante,,Carcinoma Ductal Infiltrante
PROC_GYN_CANCER_CERVICAL_001_001,gyn,1,Identifique la conducta a seguir ante un reporte citológico de Lesión Intraepitelial de Alto Grado (HSIL)?,Repetir citología en 6 meses,Tratamiento con óvulos antibióticos,Referencia inmediata a Colposcopia,,Referencia inmediata a Colposcopia
PROC_GYN_CANCER_CERVICAL_001_001,gyn,2,¿Qué subtipos de Virus del Papiloma Humano (VPH) se asocian con mayor frecuencia al desarrollo de cáncer cervicouterino?,VPH 31 y 33,VPH 6 y 11,VPH 16 y 18,,VPH 16 y 18
PROC_GYN_CANCER_CERVICAL_001_001,gyn,3,¿Cuál es el esquema de tamizaje citológico recomendado tras obtener dos resultados anuales negativos consecutivos?,Cada 6 meses,Cada 5 años,Cada 3 años,,Cada 3 años
PROC_GYN_CANCER_CERVICAL_001_002,gyn,1,¿Qué subtipos de Virus del Papiloma Humano (VPH) se asocian con mayor frecuencia al desarrollo de cáncer cervicouterino?,VPH 16 y 18,VPH 31 y 33,VPH 6 y 11,,VPH 16 y 18
PROC_GYN_CANCER_CERVICAL_001_002,gyn,2,¿Cuál es la conducta a seguir ante un reporte citológico de Lesión Intraepitelial de Alto Grado (HSIL)?,Repetir citología en 6 meses,Tratamiento con óvulos antibióticos,Referencia inmediata a Colposcopia,,Referencia inmediata a Colposcopia
PROC_GYN_CANCER_CERVICAL_001_002,gyn,3,¿Cuál es el esquema de tamizaje citológico recomendado tras obtener dos resultados anuales negativos consecutivos?,Cada 6 meses,Cada 5 años,Cada 3 años,,Cada 3 años
PROC_GYN_CANCER_CERVICAL_001_003,gyn,1,¿Qué subtipos de Virus del Papiloma Humano (VPH) se asocian con mayor frecuencia al desarrollo de cáncer cervicouterino?,VPH 31 y 33,VPH 16 y 18,VPH 6 y 11,,VPH 16 y 18
PROC_GYN_CANCER_CERVICAL_001_003,gyn,2,¿Cuál es la conducta a seguir ante un reporte citológico de Lesión Intraepitelial de Alto Grado (HSIL)?,Referencia inmediata a Colposcopia,Tratamiento con óvulos antibióticos,Repetir citología en 6 meses,,Referencia inmediata a Colposcopia
PROC_GYN_CANCER_CERVICAL_001_003,gyn,3,¿Cuál es el esquema de tamizaje citológico recomendado tras obtener dos resultados anuales negativos consecutivos?,Cada 3 años,Cada 5 años,Cada 6 meses,,Cada 3 años
PROC_GYN_CANCER_CERVICAL_001_004,gyn,1,¿Qué subtipos de Virus del Papiloma Humano (VPH) se asocian con mayor frecuencia al desarrollo de cáncer cervicouterino?,VPH 31 y 33,VPH 16 y 18,VPH 6 y 11,,VPH 16 y 18
PROC_GYN_CANCER_CERVICAL_001_004,gyn,2,¿Cuál es la conducta a seguir ante un reporte citológico de Lesión Intraepitelial de Alto Grado (HSIL)?,Repetir citología en 6 meses,Tratamiento con óvulos antibióticos,Referencia inmediata a Colposcopia,,Referencia inmediata a Colposcopia
PROC_GYN_CANCER_CERVICAL_001_004,gyn,3,¿Cuál es el esquema de tamizaje citológico recomendado tras obtener dos resultados anuales negativos consecutivos?,Cada 6 meses,Cada 5 años,Cada 3 años,,Cada 3 años
PROC_GYN_CANCER_CERVICAL_001_005,gyn,1,¿Qué subtipos de Virus del Papiloma Humano (VPH) se asocian con mayor frecuencia al desarrollo de cáncer cervicouterino?,VPH 16 y 18,VPH 31 y 33,VPH 6 y 11,,VPH 16 y 18
PROC_GYN_CANCER_CERVICAL_001_005,gyn,2,¿Cuál es la conducta a seguir ante un reporte citológico de Lesión Intraepitelial de Alto Grado (HSIL)?,Repetir citología en 6 meses,Referencia inmediata a Colposcopia,Tratamiento con óvulos antibióticos,,Referencia inmediata a Colposcopia
PROC_GYN_CANCER_CERVICAL_001_005,gyn,3,¿Cuál es el esquema de tamizaje citológico recomendado tras obtener dos resultados anuales negativos consecutivos?,Cada 3 años,Cada 6 meses,Cada 5 años,,Cada 3 años
PROC_GYN_CANCER_CERVICAL_001_006,gyn,1,¿Qué subtipos de Virus del Papiloma Humano (VPH) se asocian con mayor frecuencia al desarrollo de cáncer cervicouterino?,VPH 6 y 11,VPH 31 y 33,VPH 16 y 18,,VPH 16 y 18
PROC_GYN_CANCER_CERVICAL_001_006,gyn,2,¿Cuál es la conducta a seguir ante un reporte citológico de Lesión Intraepitelial de Alto Grado (HSIL)?,Referencia inmediata a Colposcopia,Repetir citología en 6 meses,Tratamiento con óvulos antibióticos,,Referencia inmediata a Colposcopia
PROC_GYN_CANCER_CERVICAL_001_006,gyn,3,¿Cuál es el esquema de tamizaje citológico recomendado tras obtener dos resultados anuales negativos consecutivos?,Cada 5 años,Cada 6 meses,Cada 3 años,,Cada 3 años
PROC_GYN_CANCER_CERVICAL_001_007,gyn,1,¿Qué subtipos de Virus del Papiloma Humano (VPH) se asocian con mayor frecuencia al desarrollo de cáncer cervicouterino?,VPH 31 y 33,VPH 6 y 11,VPH 16 y 18,,VPH 16 y 18
PROC_GYN_CANCER_CERVICAL_001_007,gyn,2,¿Cuál es la conducta a seguir ante un reporte citológico de Lesión Intraepitelial de Alto Grado (HSIL)?,Repetir citología en 6 meses,Tratamiento con óvulos antibióticos,Referencia inmediata a Colposcopia,,Referencia inmediata a Colposcopia
PROC_GYN_CANCER_CERVICAL_001_007,gyn,3,¿Cuál es el esquema de tamizaje citológico recomendado tras obtener dos resultados anuales negativos consecutivos?,Cada 6 meses,Cada 3 años,Cada 5 años,,Cada 3 años
PROC_GYN_CANCER_CERVICAL_001_008,gyn,1,¿Qué subtipos de Virus del Papiloma Humano (VPH) se asocian con mayor frecuencia al desarrollo de cáncer cervicouterino?,VPH 31 y 33,VPH 16 y 18,VPH 6 y 11,,VPH 16 y 18
PROC_GYN_CANCER_CERVICAL_001_008,gyn,2,¿Cuál es la conducta a seguir ante un reporte citológico de Lesión Intraepitelial de Alto Grado (HSIL)?,Referencia inmediata a Colposcopia,Tratamiento con óvulos antibióticos,Repetir citología en 6 meses,,Referencia inmediata a Colposcopia
PROC_GYN_CANCER_CERVICAL_001_008,gyn,3,¿Cuál es el esquema de tamizaje citológico recomendado tras obtener dos resultados anuales negativos consecutivos?,Cada 5 años,Cada 3 años,Cada 6 meses,,Cada 3 años
PROC_GYN_CANCER_CERVICAL_001_009,gyn,1,¿Qué subtipos de Virus del Papiloma Humano (VPH) se asocian con mayor frecuencia al desarrollo de cáncer cervicouterino?,VPH 31 y 33,VPH 6 y 11,VPH 16 y 18,,VPH 16 y 18
PROC_GYN_CANCER_CERVICAL_001_009,gyn,2,¿Cuál es la conducta a seguir ante un reporte citológico de Lesión Intraepitelial de Alto Grado (HSIL)?,Tratamiento con óvulos antibióticos,Repetir citología en 6 meses,Referencia inmediata a Colposcopia,,Referencia inmediata a Colposcopia
PROC_GYN_CANCER_CERVICAL_001_009,gyn,3,¿Cuál es el esquema de tamizaje citológico recomendado tras obtener dos resultados anuales negativos consecutivos?,Cada 3 años,Cada 6 meses,Cada 5 años,,Cada 3 años
PROC_GYN_CANCER_CERVICAL_001_010,gyn,1,¿Qué subtipos de Virus del Papiloma Humano (VPH) se asocian con mayor frecuencia al desarrollo de cáncer cervicouterino?,VPH 16 y 18,VPH 6 y 11,VPH 31 y 33,,VPH 16 y 18
PROC_GYN_CANCER_CERVICAL_001_010,gyn,2,¿Cuál es la conducta a seguir ante un reporte citológico de Lesión Intraepitelial de Alto Grado (HSIL)?,Tratamiento con óvulos antibióticos,Repetir citología en 6 meses,Referencia inmediata a Colposcopia,,Referencia inmediata a Colposcopia
PROC_GYN_CANCER_CERVICAL_001_010,gyn,3,¿Cuál es el esquema de tamizaje citológico recomendado tras obtener dos resultados anuales negativos consecutivos?,Cada 5 años,Cada 3 años,Cada 6 meses,,Cada 3 años
PROC_GYN_CANCER_CERVICAL_001_011,gyn,1,¿Qué subtipos de Virus del Papiloma Humano (VPH) se asocian con mayor frecuencia al desarrollo de cáncer cervicouterino?,VPH 6 y 11,VPH 31 y 33,VPH 16 y 18,,VPH 16 y 18
PROC_GYN_CANCER_CERVICAL_001_011,gyn,2,¿Cuál es la conducta a seguir ante un reporte citológico de Lesión Intraepitelial de Alto Grado (HSIL)?,Referencia inmediata a Colposcopia,Tratamiento con óvulos antibióticos,Repetir citología en 6 meses,,Referencia inmediata a Colposcopia
PROC_GYN_CANCER_CERVICAL_001_011,gyn,3,¿Cuál es el esquema de tamizaje citológico recomendado tras obtener dos resultados anuales negativos consecutivos?,Cada 3 años,Cada 5 años,Cada 6 meses,,Cada 3 años
PROC_GYN_CANCER_CERVICAL_001_012,gyn,1,¿Qué subtipos de Virus del Papiloma Humano (VPH) se asocian con mayor frecuencia al desarrollo de cáncer cervicouterino?,VPH 31 y 33,VPH 6 y 11,VPH 16 y 18,,VPH 16 y 18
PROC_GYN_CANCER_CERVICAL_001_012,gyn,2,¿Cuál es la conducta a seguir ante un reporte citológico de Lesión Intraepitelial de Alto Grado (HSIL)?,Tratamiento con óvulos antibióticos,Repetir citología en 6 meses,Referencia inmediata a Colposcopia,,Referencia inmediata a Colposcopia
PROC_GYN_CANCER_CERVICAL_001_012,gyn,3,¿Cuál es el esquema de tamizaje citológico recomendado tras obtener dos resultados anuales negativos consecutivos?,Cada 5 años,Cada 6 meses,Cada 3 años,,Cada 3 años
PROC_GYN_CANCER_CERVICAL_001_013,gyn,1,¿Qué subtipos de Virus del Papiloma Humano (VPH) se asocian con mayor frecuencia al desarrollo de cáncer cervicouterino?,VPH 16 y 18,VPH 6 y 11,VPH 31 y 33,,VPH 16 y 18
PROC_GYN_CANCER_CERVICAL_001_013,gyn,2,¿Cuál es la conducta a seguir ante un reporte citológico de Lesión Intraepitelial de Alto Grado (HSIL)?,Tratamiento con óvulos antibióticos,Referencia inmediata a Colposcopia,Repetir citología en 6 meses,,Referencia inmediata a Colposcopia
PROC_GYN_CANCER_CERVICAL_001_013,gyn,3,¿Cuál es el esquema de tamizaje citológico recomendado tras obtener dos resultados anuales negativos consecutivos?,Cada 3 años,Cada 5 años,Cada 6 meses,,Cada 3 años
PROC_GYN_CANCER_CERVICAL_001_014,gyn,1,¿Qué subtipos de Virus del Papiloma Humano (VPH) se asocian con mayor frecuencia al desarrollo de cáncer cervicouterino?,VPH 16 y 18,VPH 6 y 11,VPH 31 y 33,,VPH 16 y 18
PROC_GYN_CANCER_CERVICAL_001_014,gyn,2,¿Cuál es la conducta a seguir ante un reporte citológico de Lesión Intraepitelial de Alto Grado (HSIL)?,Repetir citología en 6 meses,Tratamiento con óvulos antibióticos,Referencia inmediata a Colposcopia,,Referencia inmediata a Colposcopia
PROC_GYN_CANCER_CERVICAL_001_014,gyn,3,¿Cuál es el esquema de tamizaje citológico recomendado tras obtener dos resultados anuales negativos consecutivos?,Cada 5 años,Cada 6 meses,Cada 3 años,,Cada 3 años
PROC_GYN_CANCER_CERVICAL_001_015,gyn,1,¿Qué subtipos de Virus del Papiloma Humano (VPH) se asocian con mayor frecuencia al desarrollo de cáncer cervicouterino?,VPH 6 y 11,VPH 31 y 33,VPH 16 y 18,,VPH 16 y 18
PROC_GYN_CANCER_CERVICAL_001_015,gyn,2,¿Cuál es la conducta a seguir ante un reporte citológico de Lesión Intraepitelial de Alto Grado (HSIL)?,Referencia inmediata a Colposcopia,Tratamiento con óvulos antibióticos,Repetir citología en 6 meses,,Referencia inmediata a Colposcopia
PROC_GYN_CANCER_CERVICAL_001_015,gyn,3,¿Cuál es el esquema de tamizaje citológico recomendado tras obtener dos resultados anuales negativos consecutivos?,Cada 5 años,Cada 6 meses,Cada 3 años,,Cada 3 años
PROC_GYN_INFECTION_VAGINITIS_001_001,gyn,1,¿En cuál de las siguientes infecciones vaginales es OBLIGATORIO el tratamiento simultáneo a la pareja sexual?,Vaginosis Bacteriana,Candidiasis Vaginal,Tricomoniasis,,Tricomoniasis
PROC_GYN_INFECTION_VAGINITIS_001_001,gyn,2,¿Cuál es el hallazgo microscópico considerado patognomónico de la Vaginosis Bacteriana?,Células guía (Clue Cells),Trofozoítos móviles piriformes,Hifas y esporas,,Células guía (Clue Cells)
PROC_GYN_INFECTION_VAGINITIS_001_001,gyn,3,"Con respecto a la patología, ¿cuál es el conjunto de criterios clínicos utilizados para diagnosticar Vaginosis Bacteriana en el consultorio?",Criterios de Amsel,Criterios de Centor,Criterios de Jones,,Criterios de Amsel
PROC_GYN_INFECTION_VAGINITIS_001_002,gyn,1,¿Cuál es el hallazgo microscópico considerado patognomónico de la Vaginosis Bacteriana?,Trofozoítos móviles piriformes,Hifas y esporas,Células guía (Clue Cells),,Células guía (Clue Cells)
PROC_GYN_INFECTION_VAGINITIS_001_002,gyn,2,¿En cuál de las siguientes infecciones vaginales es OBLIGATORIO el tratamiento simultáneo a la pareja sexual?,Tricomoniasis,Vaginosis Bacteriana,Candidiasis Vaginal,,Tricomoniasis
PROC_GYN_INFECTION_VAGINITIS_001_002,gyn,3,¿Cuál es el conjunto de criterios clínicos utilizados para diagnosticar Vaginosis Bacteriana en el consultorio?,Criterios de Centor,Criterios de Jones,Criterios de Amsel,,Criterios de Amsel
PROC_GYN_INFECTION_VAGINITIS_001_003,gyn,1,¿Cuál es el hallazgo microscópico considerado patognomónico de la Vaginosis Bacteriana?,Hifas y esporas,Células guía (Clue Cells),Trofozoítos móviles piriformes,,Células guía (Clue Cells)
PROC_GYN_INFECTION_VAGINITIS_001_003,gyn,2,¿En cuál de las siguientes infecciones vaginales es OBLIGATORIO el tratamiento simultáneo a la pareja sexual?,Candidiasis Vaginal,Vaginosis Bacteriana,Tricomoniasis,,Tricomoniasis
PROC_GYN_INFECTION_VAGINITIS_001_003,gyn,3,¿Cuál es el conjunto de criterios clínicos utilizados para diagnosticar Vaginosis Bacteriana en el consultorio?,Criterios de Centor,Criterios de Jones,Criterios de Amsel,,Criterios de Amsel
PROC_GYN_INFECTION_VAGINITIS_001_004,gyn,1,¿Cuál es el hallazgo microscópico considerado patognomónico de la Vaginosis Bacteriana?,Trofozoítos móviles piriformes,Hifas y esporas,Células guía (Clue Cells),,Células guía (Clue Cells)
PROC_GYN_INFECTION_VAGINITIS_001_004,gyn,2,¿En cuál de las siguientes infecciones vaginales es OBLIGATORIO el tratamiento simultáneo a la pareja sexual?,Tricomoniasis,Candidiasis Vaginal,Vaginosis Bacteriana,,Tricomoniasis
PROC_GYN_INFECTION_VAGINITIS_001_004,gyn,3,¿Cuál es el conjunto de criterios clínicos utilizados para diagnosticar Vaginosis Bacteriana en el consultorio?,Criterios de Jones,Criterios de Amsel,Criterios de Centor,,Criterios de Amsel
PROC_GYN_INFECTION_VAGINITIS_001_005,gyn,1,¿Cuál es el hallazgo microscópico considerado patognomónico de la Vaginosis Bacteriana?,Trofozoítos móviles piriformes,Hifas y esporas,Células guía (Clue Cells),,Células guía (Clue Cells)
PROC_GYN_INFECTION_VAGINITIS_001_005,gyn,2,¿En cuál de las siguientes infecciones vaginales es OBLIGATORIO el tratamiento simultáneo a la pareja sexual?,Vaginosis Bacteriana,Tricomoniasis,Candidiasis Vaginal,,Tricomoniasis
PROC_GYN_INFECTION_VAGINITIS_001_005,gyn,3,¿Cuál es el conjunto de criterios clínicos utilizados para diagnosticar Vaginosis Bacteriana en el consultorio?,Criterios de Centor,Criterios de Jones,Criterios de Amsel,,Criterios de Amsel
PROC_GYN_INFECTION_VAGINITIS_001_006,gyn,1,¿Cuál es el hallazgo microscópico considerado patognomónico de la Vaginosis Bacteriana?,Hifas y esporas,Células guía (Clue Cells),Trofozoítos móviles piriformes,,Células guía (Clue Cells)
PROC_GYN_INFECTION_VAGINITIS_001_006,gyn,2,¿En cuál de las siguientes infecciones vaginales es OBLIGATORIO el tratamiento simultáneo a la pareja sexual?,Vaginosis Bacteriana,Tricomoniasis,Candidiasis Vaginal,,Tricomoniasis
PROC_GYN_INFECTION_VAGINITIS_001_006,gyn,3,¿Cuál es el conjunto de criterios clínicos utilizados para diagnosticar Vaginosis Bacteriana en el consultorio?,Criterios de Jones,Criterios de Amsel,Criterios de Centor,,Criterios de Amsel
PROC_GYN_INFECTION_VAGINITIS_001_007,gyn,1,¿Cuál es el hallazgo microscópico considerado patognomónico de la Vaginosis Bacteriana?,Células guía (Clue Cells),Trofozoítos móviles piriformes,Hifas y esporas,,Células guía (Clue Cells)
PROC_GYN_INFECTION_VAGINITIS_001_007,gyn,2,¿En cuál de las siguientes infecciones vaginales es OBLIGATORIO el tratamiento simultáneo a la pareja sexual?,Tricomoniasis,Vaginosis Bacteriana,Candidiasis Vaginal,,Tricomoniasis
PROC_GYN_INFECTION_VAGINITIS_001_007,gyn,3,¿Cuál es el conjunto de criterios clínicos utilizados para diagnosticar Vaginosis Bacteriana en el consultorio?,Criterios de Amsel,Criterios de Jones,Criterios de Centor,,Criterios de Amsel
PROC_GYN_INFECTION_VAGINITIS_001_008,gyn,1,¿Cuál es el hallazgo microscópico considerado patognomónico de la Vaginosis Bacteriana?,Trofozoítos móviles piriformes,Células guía (Clue Cells),Hifas y esporas,,Células guía (Clue Cells)
PROC_GYN_INFECTION_VAGINITIS_001_008,gyn,2,¿En cuál de las siguientes infecciones vaginales es OBLIGATORIO el tratamiento simultáneo a la pareja sexual?,Tricomoniasis,Vaginosis Bacteriana,Candidiasis Vaginal,,Tricomoniasis
PROC_GYN_INFECTION_VAGINITIS_001_008,gyn,3,¿Cuál es el conjunto de criterios clínicos utilizados para diagnosticar Vaginosis Bacteriana en el consultorio?,Criterios de Jones,Criterios de Centor,Criterios de Amsel,,Criterios de Amsel
PROC_GYN_INFECTION_VAGINITIS_001_009,gyn,1,¿Cuál es el hallazgo microscópico considerado patognomónico de la Vaginosis Bacteriana?,Trofozoítos móviles piriformes,Células guía (Clue Cells),Hifas y esporas,,Células guía (Clue Cells)
PROC_GYN_INFECTION_VAGINITIS_001_009,gyn,2,¿En cuál de las siguientes infecciones vaginales es OBLIGATORIO el tratamiento simultáneo a la pareja sexual?,Candidiasis Vaginal,Tricomoniasis,Vaginosis Bacteriana,,Tricomoniasis
PROC_GYN_INFECTION_VAGINITIS_001_009,gyn,3,¿Cuál es el conjunto de criterios clínicos utilizados para diagnosticar Vaginosis Bacteriana en el consultorio?,Criterios de Jones,Criterios de Amsel,Criterios de Centor,,Criterios de Amsel
PROC_GYN_INFECTION_VAGINITIS_001_010,gyn,1,¿Cuál es el hallazgo microscópico considerado patognomónico de la Vaginosis Bacteriana?,Trofozoítos móviles piriformes,Hifas y esporas,Células guía (Clue Cells),,Células guía (Clue Cells)
PROC_GYN_INFECTION_VAGINITIS_001_010,gyn,2,¿En cuál de las siguientes infecciones vaginales es OBLIGATORIO el tratamiento simultáneo a la pareja sexual?,Vaginosis Bacteriana,Candidiasis Vaginal,Tricomoniasis,,Tricomoniasis
PROC_GYN_INFECTION_VAGINITIS_001_010,gyn,3,¿Cuál es el conjunto de criterios clínicos utilizados para diagnosticar Vaginosis Bacteriana en el consultorio?,Criterios de Jones,Criterios de Centor,Criterios de Amsel,,Criterios de Amsel
PROC_GYN_INFECTION_VAGINITIS_001_011,gyn,1,¿Cuál es el hallazgo microscópico considerado patognomónico de la Vaginosis Bacteriana?,Hifas y esporas,Trofozoítos móviles piriformes,Células guía (Clue Cells),,Células guía (Clue Cells)
PROC_GYN_INFECTION_VAGINITIS_001_011,gyn,2,¿En cuál de las siguientes infecciones vaginales es OBLIGATORIO el tratamiento simultáneo a la pareja sexual?,Vaginosis Bacteriana,Tricomoniasis,Candidiasis Vaginal,,Tricomoniasis
PROC_GYN_INFECTION_VAGINITIS_001_011,gyn,3,¿Cuál es el conjunto de criterios clínicos utilizados para diagnosticar Vaginosis Bacteriana en el consultorio?,Criterios de Jones,Criterios de Amsel,Criterios de Centor,,Criterios de Amsel
PROC_GYN_INFECTION_VAGINITIS_001_012,gyn,1,¿Cuál es el hallazgo microscópico considerado patognomónico de la Vaginosis Bacteriana?,Hifas y esporas,Células guía (Clue Cells),Trofozoítos móviles piriformes,,Células guía (Clue Cells)
PROC_GYN_INFECTION_VAGINITIS_001_012,gyn,2,¿En cuál de las siguientes infecciones vaginales es OBLIGATORIO el tratamiento simultáneo a la pareja sexual?,Candidiasis Vaginal,Vaginosis Bacteriana,Tricomoniasis,,Tricomoniasis
PROC_GYN_INFECTION_VAGINITIS_001_012,gyn,3,¿Cuál es el conjunto de criterios clínicos utilizados para diagnosticar Vaginosis Bacteriana en el consultorio?,Criterios de Amsel,Criterios de Jones,Criterios de Centor,,Criterios de Amsel
PROC_GYN_INFECTION_VAGINITIS_001_013,gyn,1,¿Cuál es el hallazgo microscópico considerado patognomónico de la Vaginosis Bacteriana?,Trofozoítos móviles piriformes,Células guía (Clue Cells),Hifas y esporas,,Células guía (Clue Cells)
PROC_GYN_INFECTION_VAGINITIS_001_013,gyn,2,¿En cuál de las siguientes infecciones vaginales es OBLIGATORIO el tratamiento simultáneo a la pareja sexual?,Vaginosis Bacteriana,Candidiasis Vaginal,Tricomoniasis,,Tricomoniasis
PROC_GYN_INFECTION_VAGINITIS_001_013,gyn,3,¿Cuál es el conjunto de criterios clínicos utilizados para diagnosticar Vaginosis Bacteriana en el consultorio?,Criterios de Centor,Criterios de Amsel,Criterios de Jones,,Criterios de Amsel
PROC_GYN_INFECTION_VAGINITIS_001_014,gyn,1,¿Cuál es el hallazgo microscópico considerado patognomónico de la Vaginosis Bacteriana?,Células guía (Clue Cells),Hifas y esporas,Trofozoítos móviles piriformes,,Células guía (Clue Cells)
PROC_GYN_INFECTION_VAGINITIS_001_014,gyn,2,¿En cuál de las siguientes infecciones vaginales es OBLIGATORIO el tratamiento simultáneo a la pareja sexual?,Tricomoniasis,Candidiasis Vaginal,Vaginosis Bacteriana,,Tricomoniasis
PROC_GYN_INFECTION_VAGINITIS_001_014,gyn,3,¿Cuál es el conjunto de criterios clínicos utilizados para diagnosticar Vaginosis Bacteriana en el consultorio?,Criterios de Centor,Criterios de Jones,Criterios de Amsel,,Criterios de Amsel
PROC_GYN_INFECTION_VAGINITIS_001_015,gyn,1,¿Cuál es el hallazgo microscópico considerado patognomónico de la Vaginosis Bacteriana?,Hifas y esporas,Trofozoítos móviles piriformes,Células guía (Clue Cells),,Células guía (Clue Cells)
PROC_GYN_INFECTION_VAGINITIS_001_015,gyn,2,¿En cuál de las siguientes infecciones vaginales es OBLIGATORIO el tratamiento simultáneo a la pareja sexual?,Candidiasis Vaginal,Vaginosis Bacteriana,Tricomoniasis,,Tricomoniasis
PROC_GYN_INFECTION_VAGINITIS_001_015,gyn,3,¿Cuál es el conjunto de criterios clínicos utilizados para diagnosticar Vaginosis Bacteriana en el consultorio?,Criterios de Centor,Criterios de Jones,Criterios de Amsel,,Criterios de Amsel
PROC_IM_ASTHMA_001_001,med,1,"De las siguientes opciones, ¿cuál es la medida más importante antes de subir de escalón terapéutico en un paciente no controlado?",Revisar técnica inhalatoria y apego,Agregar antibióticos,Cambiar a inmunoterapia,,Revisar técnica inhalatoria y apego
PROC_IM_ASTHMA_001_001,med,2,¿Cuál es la combinación farmacológica preferente para el rescate y mantenimiento en asma según GINA 2024?,Esteroide inhalado (ICS) + Formoterol,Tiotropio (LAMA) solo,Salbutamol (SABA) solo,,Esteroide inhalado (ICS) + Formoterol
PROC_IM_ASTHMA_001_001,med,3,¿Qué porcentaje de mejoría del FEV1 tras el uso de broncodilatador se considera diagnóstico de asma?,Mayor al 20%,Mayor al 5%,Mayor al 12%,,Mayor al 12%
PROC_IM_ASTHMA_001_002,med,1,¿Cuál es la combinación farmacológica preferente para el rescate y mantenimiento en asma según GINA 2024?,Tiotropio (LAMA) solo,Salbutamol (SABA) solo,Esteroide inhalado (ICS) + Formoterol,,Esteroide inhalado (ICS) + Formoterol
PROC_IM_ASTHMA_001_002,med,2,¿Qué porcentaje de mejoría del FEV1 tras el uso de broncodilatador se considera diagnóstico de asma?,Mayor al 12%,Mayor al 20%,Mayor al 5%,,Mayor al 12%
PROC_IM_ASTHMA_001_002,med,3,¿Cuál es la medida más importante antes de subir de escalón terapéutico en un paciente no controlado?,Cambiar a inmunoterapia,Revisar técnica inhalatoria y apego,Agregar antibióticos,,Revisar técnica inhalatoria y apego
PROC_IM_ASTHMA_001_003,med,1,¿Cuál es la combinación farmacológica preferente para el rescate y mantenimiento en asma según GINA 2024?,Esteroide inhalado (ICS) + Formoterol,Tiotropio (LAMA) solo,Salbutamol (SABA) solo,,Esteroide inhalado (ICS) + Formoterol
PROC_IM_ASTHMA_001_003,med,2,¿Qué porcentaje de mejoría del FEV1 tras el uso de broncodilatador se considera diagnóstico de asma?,Mayor al 12%,Mayor al 20%,Mayor al 5%,,Mayor al 12%
PROC_IM_ASTHMA_001_003,med,3,¿Cuál es la medida más importante antes de subir de escalón terapéutico en un paciente no controlado?,Revisar técnica inhalatoria y apego,Agregar antibióticos,Cambiar a inmunoterapia,,Revisar técnica inhalatoria y apego
PROC_IM_ASTHMA_001_004,med,1,¿Cuál es la combinación farmacológica preferente para el rescate y mantenimiento en asma según GINA 2024?,Tiotropio (LAMA) solo,Esteroide inhalado (ICS) + Formoterol,Salbutamol (SABA) solo,,Esteroide inhalado (ICS) + Formoterol
PROC_IM_ASTHMA_001_004,med,2,¿Qué porcentaje de mejoría del FEV1 tras el uso de broncodilatador se considera diagnóstico de asma?,Mayor al 5%,Mayor al 12%,Mayor al 20%,,Mayor al 12%
PROC_IM_ASTHMA_001_004,med,3,¿Cuál es la medida más importante antes de subir de escalón terapéutico en un paciente no controlado?,Agregar antibióticos,Revisar técnica inhalatoria y apego,Cambiar a inmunoterapia,,Revisar técnica inhalatoria y apego
PROC_IM_ASTHMA_001_005,med,1,¿Cuál es la combinación farmacológica preferente para el rescate y mantenimiento en asma según GINA 2024?,Esteroide inhalado (ICS) + Formoterol,Salbutamol (SABA) solo,Tiotropio (LAMA) solo,,Esteroide inhalado (ICS) + Formoterol
PROC_IM_ASTHMA_001_005,med,2,¿Qué porcentaje de mejoría del FEV1 tras el uso de broncodilatador se considera diagnóstico de asma?,Mayor al 20%,Mayor al 12%,Mayor al 5%,,Mayor al 12%
PROC_IM_ASTHMA_001_005,med,3,¿Cuál es la medida más importante antes de subir de escalón terapéutico en un paciente no controlado?,Agregar antibióticos,Revisar técnica inhalatoria y apego,Cambiar a inmunoterapia,,Revisar técnica inhalatoria y apego
PROC_IM_HEART_FAILURE_001_001,med,1,"De las siguientes opciones, ¿cuál es el estudio de imagen de elección para confirmar el diagnóstico y clasificar la FEVI en IC?",Resonancia magnética,Radiografía de tórax,Ecocardiograma,,Ecocardiograma
PROC_IM_HEART_FAILURE_001_001,med,2,¿A qué clase de la NYHA corresponde un paciente con disnea a pequeños esfuerzos que limita la actividad normal?,NYHA I,NYHA III,NYHA IV,,NYHA III
PROC_IM_HEART_FAILURE_001_001,med,3,¿Cuál de estos grupos de fármacos NO forma parte de la 'terapia cuádruple' estándar para ICFEr?,iSGLT2 (Dapagliflozina),Antagonistas de Mineralocorticoides,Calcioantagonistas no dihidropiridínicos,,Calcioantagonistas no dihidropiridínicos
PROC_IM_HEART_FAILURE_001_002,med,1,¿Cuáles son los 'cuatro fantásticos' pilares del tratamiento inicial de la Insuficiencia Cardíaca con FE reducida?,"Diurético, Digoxina, Calcio-antagonista y AAS","ARNI (o IECA), Beta-bloqueador, ARM e iSGLT2","Amiodarona, Nitratos, IECA y ARM",,"ARNI (o IECA), Beta-bloqueador, ARM e iSGLT2"
PROC_IM_HEART_FAILURE_001_002,med,2,¿Qué escala se utiliza para clasificar la capacidad funcional de los pacientes con insuficiencia cardíaca?,Criterios de Framingham,Clasificación NYHA,Puntuación CHA2DS2-VASc,,Clasificación NYHA
PROC_IM_HEART_FAILURE_001_002,med,3,¿Cuál es el estudio de elección para confirmar el diagnóstico y clasificar la fracción de eyección en la IC?,Ecocardiograma Transtorácico,Radiografía de tórax (PA),Electrocardiograma de 12 derivaciones,,Ecocardiograma Transtorácico
PROC_IM_HEART_FAILURE_001_003,med,1,¿Cuáles son los 'cuatro fantásticos' pilares del tratamiento inicial de la Insuficiencia Cardíaca con FE reducida?,"Amiodarona, Nitratos, IECA y ARM","ARNI (o IECA), Beta-bloqueador, ARM e iSGLT2","Diurético, Digoxina, Calcio-antagonista y AAS",,"ARNI (o IECA), Beta-bloqueador, ARM e iSGLT2"
PROC_IM_HEART_FAILURE_001_003,med,2,¿Qué escala se utiliza para clasificar la capacidad funcional de los pacientes con insuficiencia cardíaca?,Clasificación NYHA,Criterios de Framingham,Puntuación CHA2DS2-VASc,,Clasificación NYHA
PROC_IM_HEART_FAILURE_001_003,med,3,¿Cuál es el estudio de elección para confirmar el diagnóstico y clasificar la fracción de eyección en la IC?,Radiografía de tórax (PA),Ecocardiograma Transtorácico,Electrocardiograma de 12 derivaciones,,Ecocardiograma Transtorácico
PROC_IM_HEART_FAILURE_001_004,med,1,¿Cuáles son los 'cuatro fantásticos' pilares del tratamiento inicial de la Insuficiencia Cardíaca con FE reducida?,"ARNI (o IECA), Beta-bloqueador, ARM e iSGLT2","Diurético, Digoxina, Calcio-antagonista y AAS","Amiodarona, Nitratos, IECA y ARM",,"ARNI (o IECA), Beta-bloqueador, ARM e iSGLT2"
PROC_IM_HEART_FAILURE_001_004,med,2,¿Qué escala se utiliza para clasificar la capacidad funcional de los pacientes con insuficiencia cardíaca?,Clasificación NYHA,Criterios de Framingham,Puntuación CHA2DS2-VASc,,Clasificación NYHA
PROC_IM_HEART_FAILURE_001_004,med,3,¿Cuál es el estudio de elección para confirmar el diagnóstico y clasificar la fracción de eyección en la IC?,Electrocardiograma de 12 derivaciones,Radiografía de tórax (PA),Ecocardiograma Transtorácico,,Ecocardiograma Transtorácico
PROC_IM_HEART_FAILURE_001_005,med,1,¿Cuáles son los 'cuatro fantásticos' pilares del tratamiento inicial de la Insuficiencia Cardíaca con FE reducida?,"Diurético, Digoxina, Calcio-antagonista y AAS","Amiodarona, Nitratos, IECA y ARM","ARNI (o IECA), Beta-bloqueador, ARM e iSGLT2",,"ARNI (o IECA), Beta-bloqueador, ARM e iSGLT2"
PROC_IM_HEART_FAILURE_001_005,med,2,¿Qué escala se utiliza para clasificar la capacidad funcional de los pacientes con insuficiencia cardíaca?,Puntuación CHA2DS2-VASc,Clasificación NYHA,Criterios de Framingham,,Clasificación NYHA
PROC_IM_HEART_FAILURE_001_005,med,3,¿Cuál es el estudio de elección para confirmar el diagnóstico y clasificar la fracción de eyección en la IC?,Ecocardiograma Transtorácico,Electrocardiograma de 12 derivaciones,Radiografía de tórax (PA),,Ecocardiograma Transtorácico
PROC_INF_HIV_ART_001_001,inf,1,¿A qué familia de antirretrovirales pertenece el Dolutegravir (DTG)?,Inhibidor de Nucleósidos (ITNR),Inhibidor de la Integrasa (INSTI),Inhibidor de la Proteasa (IP),,Inhibidor de la Integrasa (INSTI)
PROC_INF_HIV_ART_001_001,inf,2,¿Cuál es el recuento de células CD4 por debajo del cual se define la etapa clínica de SIDA?,Menos de 200 cél/µl,Menos de 500 cél/µl,Menos de 50 cél/µl,,Menos de 200 cél/µl
PROC_INF_HIV_ART_001_001,inf,3,¿Qué fármaco se utiliza de primera línea para la profilaxis de Pneumocystis jirovecii?,Clindamicina,Linezolid,Trimetoprima/Sulfametoxazol,,Trimetoprima/Sulfametoxazol
PROC_INF_HIV_ART_001_002,inf,1,¿Qué fármaco se utiliza de primera línea para la profilaxis de Pneumocystis jirovecii?,Linezolid,Clindamicina,Trimetoprima/Sulfametoxazol,,Trimetoprima/Sulfametoxazol
PROC_INF_HIV_ART_001_002,inf,2,¿A qué familia de antirretrovirales pertenece el Dolutegravir (DTG)?,Inhibidor de la Proteasa (IP),Inhibidor de Nucleósidos (ITNR),Inhibidor de la Integrasa (INSTI),,Inhibidor de la Integrasa (INSTI)
PROC_INF_HIV_ART_001_002,inf,3,¿Cuál es el recuento de células CD4 por debajo del cual se define la etapa clínica de SIDA?,Menos de 500 cél/µl,Menos de 50 cél/µl,Menos de 200 cél/µl,,Menos de 200 cél/µl
PROC_INF_HIV_ART_001_003,inf,1,¿Cuál es el recuento de células CD4 por debajo del cual se define la etapa clínica de SIDA?,Menos de 50 cél/µl,Menos de 200 cél/µl,Menos de 500 cél/µl,,Menos de 200 cél/µl
PROC_INF_HIV_ART_001_003,inf,2,¿Qué fármaco se utiliza de primera línea para la profilaxis de Pneumocystis jirovecii?,Clindamicina,Linezolid,Trimetoprima/Sulfametoxazol,,Trimetoprima/Sulfametoxazol
PROC_INF_HIV_ART_001_003,inf,3,¿A qué familia de antirretrovirales pertenece el Dolutegravir (DTG)?,Inhibidor de la Proteasa (IP),Inhibidor de Nucleósidos (ITNR),Inhibidor de la Integrasa (INSTI),,Inhibidor de la Integrasa (INSTI)
PROC_INF_HIV_ART_001_004,inf,1,¿Cuál es el recuento de células CD4 por debajo del cual se define la etapa clínica de SIDA?,Menos de 50 cél/µl,Menos de 500 cél/µl,Menos de 200 cél/µl,,Menos de 200 cél/µl
PROC_INF_HIV_ART_001_004,inf,2,¿Qué fármaco se utiliza de primera línea para la profilaxis de Pneumocystis jirovecii?,Linezolid,Clindamicina,Trimetoprima/Sulfametoxazol,,Trimetoprima/Sulfametoxazol
PROC_INF_HIV_ART_001_004,inf,3,¿A qué familia de antirretrovirales pertenece el Dolutegravir (DTG)?,Inhibidor de la Proteasa (IP),Inhibidor de la Integrasa (INSTI),Inhibidor de Nucleósidos (ITNR),,Inhibidor de la Integrasa (INSTI)
PROC_INF_HIV_ART_001_005,inf,1,¿Cuál es el recuento de células CD4 por debajo del cual se define la etapa clínica de SIDA?,Menos de 200 cél/µl,Menos de 500 cél/µl,Menos de 50 cél/µl,,Menos de 200 cél/µl
PROC_INF_HIV_ART_001_005,inf,2,¿Qué fármaco se utiliza de primera línea para la profilaxis de Pneumocystis jirovecii?,Linezolid,Trimetoprima/Sulfametoxazol,Clindamicina,,Trimetoprima/Sulfametoxazol
PROC_INF_HIV_ART_001_005,inf,3,¿A qué familia de antirretrovirales pertenece el Dolutegravir (DTG)?,Inhibidor de la Proteasa (IP),Inhibidor de Nucleósidos (ITNR),Inhibidor de la Integrasa (INSTI),,Inhibidor de la Integrasa (INSTI)
PROC_INF_HIV_ART_001_006,inf,1,¿Cuál es el recuento de células CD4 por debajo del cual se define la etapa clínica de SIDA?,Menos de 200 cél/µl,Menos de 500 cél/µl,Menos de 50 cél/µl,,Menos de 200 cél/µl
PROC_INF_HIV_ART_001_006,inf,2,¿Qué fármaco se utiliza de primera línea para la profilaxis de Pneumocystis jirovecii?,Linezolid,Clindamicina,Trimetoprima/Sulfametoxazol,,Trimetoprima/Sulfametoxazol
PROC_INF_HIV_ART_001_006,inf,3,¿A qué familia de antirretrovirales pertenece el Dolutegravir (DTG)?,Inhibidor de Nucleósidos (ITNR),Inhibidor de la Proteasa (IP),Inhibidor de la Integrasa (INSTI),,Inhibidor de la Integrasa (INSTI)
PROC_INF_HIV_ART_001_007,inf,1,¿Cuál es el recuento de células CD4 por debajo del cual se define la etapa clínica de SIDA?,Menos de 50 cél/µl,Menos de 500 cél/µl,Menos de 200 cél/µl,,Menos de 200 cél/µl
PROC_INF_HIV_ART_001_007,inf,2,¿Qué fármaco se utiliza de primera línea para la profilaxis de Pneumocystis jirovecii?,Linezolid,Trimetoprima/Sulfametoxazol,Clindamicina,,Trimetoprima/Sulfametoxazol
PROC_INF_HIV_ART_001_007,inf,3,¿A qué familia de antirretrovirales pertenece el Dolutegravir (DTG)?,Inhibidor de Nucleósidos (ITNR),Inhibidor de la Proteasa (IP),Inhibidor de la Integrasa (INSTI),,Inhibidor de la Integrasa (INSTI)
PROC_INF_HIV_ART_001_008,inf,1,¿Cuál es el recuento de células CD4 por debajo del cual se define la etapa clínica de SIDA?,Menos de 500 cél/µl,Menos de 200 cél/µl,Menos de 50 cél/µl,,Menos de 200 cél/µl
PROC_INF_HIV_ART_001_008,inf,2,¿Qué fármaco se utiliza de primera línea para la profilaxis de Pneumocystis jirovecii?,Trimetoprima/Sulfametoxazol,Clindamicina,Linezolid,,Trimetoprima/Sulfametoxazol
PROC_INF_HIV_ART_001_008,inf,3,¿A qué familia de antirretrovirales pertenece el Dolutegravir (DTG)?,Inhibidor de la Integrasa (INSTI),Inhibidor de la Proteasa (IP),Inhibidor de Nucleósidos (ITNR),,Inhibidor de la Integrasa (INSTI)
PROC_INF_HIV_ART_001_009,inf,1,¿Cuál es el recuento de células CD4 por debajo del cual se define la etapa clínica de SIDA?,Menos de 50 cél/µl,Menos de 500 cél/µl,Menos de 200 cél/µl,,Menos de 200 cél/µl
PROC_INF_HIV_ART_001_009,inf,2,¿Qué fármaco se utiliza de primera línea para la profilaxis de Pneumocystis jirovecii?,Trimetoprima/Sulfametoxazol,Linezolid,Clindamicina,,Trimetoprima/Sulfametoxazol
PROC_INF_HIV_ART_001_009,inf,3,¿A qué familia de antirretrovirales pertenece el Dolutegravir (DTG)?,Inhibidor de la Proteasa (IP),Inhibidor de Nucleósidos (ITNR),Inhibidor de la Integrasa (INSTI),,Inhibidor de la Integrasa (INSTI)
PROC_INF_HIV_ART_001_010,inf,1,¿Cuál es el recuento de células CD4 por debajo del cual se define la etapa clínica de SIDA?,Menos de 500 cél/µl,Menos de 200 cél/µl,Menos de 50 cél/µl,,Menos de 200 cél/µl
PROC_INF_HIV_ART_001_010,inf,2,¿Qué fármaco se utiliza de primera línea para la profilaxis de Pneumocystis jirovecii?,Clindamicina,Linezolid,Trimetoprima/Sulfametoxazol,,Trimetoprima/Sulfametoxazol
PROC_INF_HIV_ART_001_010,inf,3,¿A qué familia de antirretrovirales pertenece el Dolutegravir (DTG)?,Inhibidor de la Integrasa (INSTI),Inhibidor de Nucleósidos (ITNR),Inhibidor de la Proteasa (IP),,Inhibidor de la Integrasa (INSTI)
PROC_INF_HIV_ART_001_011,inf,1,¿Cuál es el recuento de células CD4 por debajo del cual se define la etapa clínica de SIDA?,Menos de 500 cél/µl,Menos de 200 cél/µl,Menos de 50 cél/µl,,Menos de 200 cél/µl
PROC_INF_HIV_ART_001_011,inf,2,¿Qué fármaco se utiliza de primera línea para la profilaxis de Pneumocystis jirovecii?,Clindamicina,Trimetoprima/Sulfametoxazol,Linezolid,,Trimetoprima/Sulfametoxazol
PROC_INF_HIV_ART_001_011,inf,3,¿A qué familia de antirretrovirales pertenece el Dolutegravir (DTG)?,Inhibidor de Nucleósidos (ITNR),Inhibidor de la Proteasa (IP),Inhibidor de la Integrasa (INSTI),,Inhibidor de la Integrasa (INSTI)
PROC_INF_HIV_ART_001_012,inf,1,¿Cuál es el recuento de células CD4 por debajo del cual se define la etapa clínica de SIDA?,Menos de 200 cél/µl,Menos de 500 cél/µl,Menos de 50 cél/µl,,Menos de 200 cél/µl
PROC_INF_HIV_ART_001_012,inf,2,¿Qué fármaco se utiliza de primera línea para la profilaxis de Pneumocystis jirovecii?,Trimetoprima/Sulfametoxazol,Linezolid,Clindamicina,,Trimetoprima/Sulfametoxazol
PROC_INF_HIV_ART_001_012,inf,3,¿A qué familia de antirretrovirales pertenece el Dolutegravir (DTG)?,Inhibidor de la Integrasa (INSTI),Inhibidor de Nucleósidos (ITNR),Inhibidor de la Proteasa (IP),,Inhibidor de la Integrasa (INSTI)
PROC_INF_HIV_ART_001_013,inf,1,¿Cuál es el recuento de células CD4 por debajo del cual se define la etapa clínica de SIDA?,Menos de 50 cél/µl,Menos de 500 cél/µl,Menos de 200 cél/µl,,Menos de 200 cél/µl
PROC_INF_HIV_ART_001_013,inf,2,¿Qué fármaco se utiliza de primera línea para la profilaxis de Pneumocystis jirovecii?,Clindamicina,Linezolid,Trimetoprima/Sulfametoxazol,,Trimetoprima/Sulfametoxazol
PROC_INF_HIV_ART_001_013,inf,3,¿A qué familia de antirretrovirales pertenece el Dolutegravir (DTG)?,Inhibidor de la Proteasa (IP),Inhibidor de Nucleósidos (ITNR),Inhibidor de la Integrasa (INSTI),,Inhibidor de la Integrasa (INSTI)
PROC_INF_HIV_ART_001_014,inf,1,¿Cuál es el recuento de células CD4 por debajo del cual se define la etapa clínica de SIDA?,Menos de 200 cél/µl,Menos de 500 cél/µl,Menos de 50 cél/µl,,Menos de 200 cél/µl
PROC_INF_HIV_ART_001_014,inf,2,¿Qué fármaco se utiliza de primera línea para la profilaxis de Pneumocystis jirovecii?,Trimetoprima/Sulfametoxazol,Clindamicina,Linezolid,,Trimetoprima/Sulfametoxazol
PROC_INF_HIV_ART_001_014,inf,3,¿A qué familia de antirretrovirales pertenece el Dolutegravir (DTG)?,Inhibidor de la Integrasa (INSTI),Inhibidor de Nucleósidos (ITNR),Inhibidor de la Proteasa (IP),,Inhibidor de la Integrasa (INSTI)
PROC_INF_HIV_ART_001_015,inf,1,¿Cuál es el recuento de células CD4 por debajo del cual se define la etapa clínica de SIDA?,Menos de 500 cél/µl,Menos de 50 cél/µl,Menos de 200 cél/µl,,Menos de 200 cél/µl
PROC_INF_HIV_ART_001_015,inf,2,¿Qué fármaco se utiliza de primera línea para la profilaxis de Pneumocystis jirovecii?,Clindamicina,Trimetoprima/Sulfametoxazol,Linezolid,,Trimetoprima/Sulfametoxazol
PROC_INF_HIV_ART_001_015,inf,3,¿A qué familia de antirretrovirales pertenece el Dolutegravir (DTG)?,Inhibidor de la Integrasa (INSTI),Inhibidor de la Proteasa (IP),Inhibidor de Nucleósidos (ITNR),,Inhibidor de la Integrasa (INSTI)
PROC_INF_MENINGITIS_BACTERIAL_001_001,inf,1,¿En qué momento debe administrarse la Dexametasona?,Inmediatamente antes o con la primera dosis de antibiótico,24 horas después de iniciar el antibiótico,Solo si el paciente no mejora en 48 horas,,Inmediatamente antes o con la primera dosis de antibiótico
PROC_INF_MENINGITIS_BACTERIAL_001_001,inf,2,¿Qué fármaco se utiliza para la quimioprofilaxis de contactos en caso de sospecha de meningococo?,Rifampicina,Amoxicilina,Penicilina V,,Rifampicina
PROC_INF_MENINGITIS_BACTERIAL_001_001,inf,3,¿Cuál es el patrón típico del LCR en la meningitis bacteriana?,Hiperglucorraquia y predominio de monocitos,Glucosa normal y predominio de linfocitos,Hipoglucorraquia y predominio de polimorfonucleares,,Hipoglucorraquia y predominio de polimorfonucleares
PROC_INF_MENINGITIS_BACTERIAL_001_002,inf,1,¿Cuál es el patrón típico del LCR en la meningitis bacteriana?,Hipoglucorraquia y predominio de polimorfonucleares,Glucosa normal y predominio de linfocitos,Hiperglucorraquia y predominio de monocitos,,Hipoglucorraquia y predominio de polimorfonucleares
PROC_INF_MENINGITIS_BACTERIAL_001_002,inf,2,¿En qué momento debe administrarse la Dexametasona?,24 horas después de iniciar el antibiótico,Inmediatamente antes o con la primera dosis de antibiótico,Solo si el paciente no mejora en 48 horas,,Inmediatamente antes o con la primera dosis de antibiótico
PROC_INF_MENINGITIS_BACTERIAL_001_002,inf,3,¿Qué fármaco se utiliza para la quimioprofilaxis de contactos en caso de sospecha de meningococo?,Penicilina V,Rifampicina,Amoxicilina,,Rifampicina
PROC_INF_MENINGITIS_BACTERIAL_001_003,inf,1,¿Cuál es el patrón típico del LCR en la meningitis bacteriana?,Hipoglucorraquia y predominio de polimorfonucleares,Hiperglucorraquia y predominio de monocitos,Glucosa normal y predominio de linfocitos,,Hipoglucorraquia y predominio de polimorfonucleares
PROC_INF_MENINGITIS_BACTERIAL_001_003,inf,2,¿En qué momento debe administrarse la Dexametasona?,24 horas después de iniciar el antibiótico,Solo si el paciente no mejora en 48 horas,Inmediatamente antes o con la primera dosis de antibiótico,,Inmediatamente antes o con la primera dosis de antibiótico
PROC_INF_MENINGITIS_BACTERIAL_001_003,inf,3,¿Qué fármaco se utiliza para la quimioprofilaxis de contactos en caso de sospecha de meningococo?,Amoxicilina,Rifampicina,Penicilina V,,Rifampicina
PROC_INF_MENINGITIS_BACTERIAL_001_004,inf,1,¿Cuál es el patrón típico del LCR en la meningitis bacteriana?,Glucosa normal y predominio de linfocitos,Hiperglucorraquia y predominio de monocitos,Hipoglucorraquia y predominio de polimorfonucleares,,Hipoglucorraquia y predominio de polimorfonucleares
PROC_INF_MENINGITIS_BACTERIAL_001_004,inf,2,¿En qué momento debe administrarse la Dexametasona?,Solo si el paciente no mejora en 48 horas,24 horas después de iniciar el antibiótico,Inmediatamente antes o con la primera dosis de antibiótico,,Inmediatamente antes o con la primera dosis de antibiótico
PROC_INF_MENINGITIS_BACTERIAL_001_004,inf,3,¿Qué fármaco se utiliza para la quimioprofilaxis de contactos en caso de sospecha de meningococo?,Amoxicilina,Penicilina V,Rifampicina,,Rifampicina
PROC_INF_MENINGITIS_BACTERIAL_001_005,inf,1,¿Cuál es el patrón típico del LCR en la meningitis bacteriana?,Hipoglucorraquia y predominio de polimorfonucleares,Hiperglucorraquia y predominio de monocitos,Glucosa normal y predominio de linfocitos,,Hipoglucorraquia y predominio de polimorfonucleares
PROC_INF_MENINGITIS_BACTERIAL_001_005,inf,2,¿En qué momento debe administrarse la Dexametasona?,24 horas después de iniciar el antibiótico,Solo si el paciente no mejora en 48 horas,Inmediatamente antes o con la primera dosis de antibiótico,,Inmediatamente antes o con la primera dosis de antibiótico
PROC_INF_MENINGITIS_BACTERIAL_001_005,inf,3,¿Qué fármaco se utiliza para la quimioprofilaxis de contactos en caso de sospecha de meningococo?,Penicilina V,Amoxicilina,Rifampicina,,Rifampicina
PROC_INF_MENINGITIS_BACTERIAL_001_006,inf,1,¿Cuál es el patrón típico del LCR en la meningitis bacteriana?,Hiperglucorraquia y predominio de monocitos,Glucosa normal y predominio de linfocitos,Hipoglucorraquia y predominio de polimorfonucleares,,Hipoglucorraquia y predominio de polimorfonucleares
PROC_INF_MENINGITIS_BACTERIAL_001_006,inf,2,¿En qué momento debe administrarse la Dexametasona?,Solo si el paciente no mejora en 48 horas,24 horas después de iniciar el antibiótico,Inmediatamente antes o con la primera dosis de antibiótico,,Inmediatamente antes o con la primera dosis de antibiótico
PROC_INF_MENINGITIS_BACTERIAL_001_006,inf,3,¿Qué fármaco se utiliza para la quimioprofilaxis de contactos en caso de sospecha de meningococo?,Rifampicina,Amoxicilina,Penicilina V,,Rifampicina
PROC_INF_MENINGITIS_BACTERIAL_001_007,inf,1,¿Cuál es el patrón típico del LCR en la meningitis bacteriana?,Glucosa normal y predominio de linfocitos,Hipoglucorraquia y predominio de polimorfonucleares,Hiperglucorraquia y predominio de monocitos,,Hipoglucorraquia y predominio de polimorfonucleares
PROC_INF_MENINGITIS_BACTERIAL_001_007,inf,2,¿En qué momento debe administrarse la Dexametasona?,Solo si el paciente no mejora en 48 horas,24 horas después de iniciar el antibiótico,Inmediatamente antes o con la primera dosis de antibiótico,,Inmediatamente antes o con la primera dosis de antibiótico
PROC_INF_MENINGITIS_BACTERIAL_001_007,inf,3,¿Qué fármaco se utiliza para la quimioprofilaxis de contactos en caso de sospecha de meningococo?,Rifampicina,Penicilina V,Amoxicilina,,Rifampicina
PROC_INF_MENINGITIS_BACTERIAL_001_008,inf,1,¿Cuál es el patrón típico del LCR en la meningitis bacteriana?,Hiperglucorraquia y predominio de monocitos,Hipoglucorraquia y predominio de polimorfonucleares,Glucosa normal y predominio de linfocitos,,Hipoglucorraquia y predominio de polimorfonucleares
PROC_INF_MENINGITIS_BACTERIAL_001_008,inf,2,¿En qué momento debe administrarse la Dexametasona?,24 horas después de iniciar el antibiótico,Inmediatamente antes o con la primera dosis de antibiótico,Solo si el paciente no mejora en 48 horas,,Inmediatamente antes o con la primera dosis de antibiótico
PROC_INF_MENINGITIS_BACTERIAL_001_008,inf,3,¿Qué fármaco se utiliza para la quimioprofilaxis de contactos en caso de sospecha de meningococo?,Amoxicilina,Penicilina V,Rifampicina,,Rifampicina
PROC_INF_MENINGITIS_BACTERIAL_001_009,inf,1,¿Cuál es el patrón típico del LCR en la meningitis bacteriana?,Glucosa normal y predominio de linfocitos,Hipoglucorraquia y predominio de polimorfonucleares,Hiperglucorraquia y predominio de monocitos,,Hipoglucorraquia y predominio de polimorfonucleares
PROC_INF_MENINGITIS_BACTERIAL_001_009,inf,2,¿En qué momento debe administrarse la Dexametasona?,24 horas después de iniciar el antibiótico,Inmediatamente antes o con la primera dosis de antibiótico,Solo si el paciente no mejora en 48 horas,,Inmediatamente antes o con la primera dosis de antibiótico
PROC_INF_MENINGITIS_BACTERIAL_001_009,inf,3,¿Qué fármaco se utiliza para la quimioprofilaxis de contactos en caso de sospecha de meningococo?,Rifampicina,Amoxicilina,Penicilina V,,Rifampicina
PROC_INF_MENINGITIS_BACTERIAL_001_010,inf,1,¿Cuál es el patrón típico del LCR en la meningitis bacteriana?,Glucosa normal y predominio de linfocitos,Hipoglucorraquia y predominio de polimorfonucleares,Hiperglucorraquia y predominio de monocitos,,Hipoglucorraquia y predominio de polimorfonucleares
PROC_INF_MENINGITIS_BACTERIAL_001_010,inf,2,¿En qué momento debe administrarse la Dexametasona?,24 horas después de iniciar el antibiótico,Inmediatamente antes o con la primera dosis de antibiótico,Solo si el paciente no mejora en 48 horas,,Inmediatamente antes o con la primera dosis de antibiótico
PROC_INF_MENINGITIS_BACTERIAL_001_010,inf,3,¿Qué fármaco se utiliza para la quimioprofilaxis de contactos en caso de sospecha de meningococo?,Penicilina V,Rifampicina,Amoxicilina,,Rifampicina
PROC_INF_MENINGITIS_BACTERIAL_001_011,inf,1,¿Cuál es el patrón típico del LCR en la meningitis bacteriana?,Hipoglucorraquia y predominio de polimorfonucleares,Glucosa normal y predominio de linfocitos,Hiperglucorraquia y predominio de monocitos,,Hipoglucorraquia y predominio de polimorfonucleares
PROC_INF_MENINGITIS_BACTERIAL_001_011,inf,2,¿En qué momento debe administrarse la Dexametasona?,24 horas después de iniciar el antibiótico,Solo si el paciente no mejora en 48 horas,Inmediatamente antes o con la primera dosis de antibiótico,,Inmediatamente antes o con la primera dosis de antibiótico
PROC_INF_MENINGITIS_BACTERIAL_001_011,inf,3,¿Qué fármaco se utiliza para la quimioprofilaxis de contactos en caso de sospecha de meningococo?,Amoxicilina,Penicilina V,Rifampicina,,Rifampicina
PROC_INF_MENINGITIS_BACTERIAL_001_012,inf,1,¿Cuál es el patrón típico del LCR en la meningitis bacteriana?,Hipoglucorraquia y predominio de polimorfonucleares,Hiperglucorraquia y predominio de monocitos,Glucosa normal y predominio de linfocitos,,Hipoglucorraquia y predominio de polimorfonucleares
PROC_INF_MENINGITIS_BACTERIAL_001_012,inf,2,¿En qué momento debe administrarse la Dexametasona?,Solo si el paciente no mejora en 48 horas,24 horas después de iniciar el antibiótico,Inmediatamente antes o con la primera dosis de antibiótico,,Inmediatamente antes o con la primera dosis de antibiótico
PROC_INF_MENINGITIS_BACTERIAL_001_012,inf,3,¿Qué fármaco se utiliza para la quimioprofilaxis de contactos en caso de sospecha de meningococo?,Rifampicina,Penicilina V,Amoxicilina,,Rifampicina
PROC_INF_MENINGITIS_BACTERIAL_001_013,inf,1,¿Cuál es el patrón típico del LCR en la meningitis bacteriana?,Hipoglucorraquia y predominio de polimorfonucleares,Glucosa normal y predominio de linfocitos,Hiperglucorraquia y predominio de monocitos,,Hipoglucorraquia y predominio de polimorfonucleares
PROC_INF_MENINGITIS_BACTERIAL_001_013,inf,2,¿En qué momento debe administrarse la Dexametasona?,24 horas después de iniciar el antibiótico,Inmediatamente antes o con la primera dosis de antibiótico,Solo si el paciente no mejora en 48 horas,,Inmediatamente antes o con la primera dosis de antibiótico
PROC_INF_MENINGITIS_BACTERIAL_001_013,inf,3,¿Qué fármaco se utiliza para la quimioprofilaxis de contactos en caso de sospecha de meningococo?,Rifampicina,Amoxicilina,Penicilina V,,Rifampicina
PROC_INF_MENINGITIS_BACTERIAL_001_014,inf,1,¿Cuál es el patrón típico del LCR en la meningitis bacteriana?,Glucosa normal y predominio de linfocitos,Hiperglucorraquia y predominio de monocitos,Hipoglucorraquia y predominio de polimorfonucleares,,Hipoglucorraquia y predominio de polimorfonucleares
PROC_INF_MENINGITIS_BACTERIAL_001_014,inf,2,¿En qué momento debe administrarse la Dexametasona?,Solo si el paciente no mejora en 48 horas,Inmediatamente antes o con la primera dosis de antibiótico,24 horas después de iniciar el antibiótico,,Inmediatamente antes o con la primera dosis de antibiótico
PROC_INF_MENINGITIS_BACTERIAL_001_014,inf,3,¿Qué fármaco se utiliza para la quimioprofilaxis de contactos en caso de sospecha de meningococo?,Rifampicina,Amoxicilina,Penicilina V,,Rifampicina
PROC_INF_MENINGITIS_BACTERIAL_001_015,inf,1,¿Cuál es el patrón típico del LCR en la meningitis bacteriana?,Glucosa normal y predominio de linfocitos,Hiperglucorraquia y predominio de monocitos,Hipoglucorraquia y predominio de polimorfonucleares,,Hipoglucorraquia y predominio de polimorfonucleares
PROC_INF_MENINGITIS_BACTERIAL_001_015,inf,2,¿En qué momento debe administrarse la Dexametasona?,Solo si el paciente no mejora en 48 horas,24 horas después de iniciar el antibiótico,Inmediatamente antes o con la primera dosis de antibiótico,,Inmediatamente antes o con la primera dosis de antibiótico
PROC_INF_MENINGITIS_BACTERIAL_001_015,inf,3,¿Qué fármaco se utiliza para la quimioprofilaxis de contactos en caso de sospecha de meningococo?,Rifampicina,Amoxicilina,Penicilina V,,Rifampicina
PROC_INF_SEPSIS_SOFA_001_001,inf,1,"Con respecto a la patología, ¿cuál es la meta de Presión Arterial Media (PAM) tras la reanimación inicial?",>=90 mmHg,>=50 mmHg,>=65 mmHg,,>=65 mmHg
PROC_INF_SEPSIS_SOFA_001_001,inf,2,Identifique el vasopresor de primera elección en el choque séptico?,Epinefrina,Dopamina,Norepinefrina,,Norepinefrina
PROC_INF_SEPSIS_SOFA_001_001,inf,3,¿Qué par de criterios definen el Choque Séptico tras la reanimación con líquidos?,TAS <100 y qSOFA de 3,Fiebre y Leucocitosis,Necesidad de vasopresores y Lactato >2 mmol/L,,Necesidad de vasopresores y Lactato >2 mmol/L
PROC_INF_SEPSIS_SOFA_001_002,inf,1,¿Cuál es la meta de Presión Arterial Media (PAM) tras la reanimación inicial?,>=50 mmHg,>=65 mmHg,>=90 mmHg,,>=65 mmHg
PROC_INF_SEPSIS_SOFA_001_002,inf,2,¿Cuál es el vasopresor de primera elección en el choque séptico?,Norepinefrina,Dopamina,Epinefrina,,Norepinefrina
PROC_INF_SEPSIS_SOFA_001_002,inf,3,¿Qué par de criterios definen el Choque Séptico tras la reanimación con líquidos?,TAS <100 y qSOFA de 3,Necesidad de vasopresores y Lactato >2 mmol/L,Fiebre y Leucocitosis,,Necesidad de vasopresores y Lactato >2 mmol/L
PROC_INF_SEPSIS_SOFA_001_003,inf,1,¿Cuál es la meta de Presión Arterial Media (PAM) tras la reanimación inicial?,>=50 mmHg,>=90 mmHg,>=65 mmHg,,>=65 mmHg
PROC_INF_SEPSIS_SOFA_001_003,inf,2,¿Cuál es el vasopresor de primera elección en el choque séptico?,Norepinefrina,Epinefrina,Dopamina,,Norepinefrina
PROC_INF_SEPSIS_SOFA_001_003,inf,3,¿Qué par de criterios definen el Choque Séptico tras la reanimación con líquidos?,TAS <100 y qSOFA de 3,Necesidad de vasopresores y Lactato >2 mmol/L,Fiebre y Leucocitosis,,Necesidad de vasopresores y Lactato >2 mmol/L
PROC_INF_SEPSIS_SOFA_001_004,inf,1,¿Cuál es la meta de Presión Arterial Media (PAM) tras la reanimación inicial?,>=50 mmHg,>=90 mmHg,>=65 mmHg,,>=65 mmHg
PROC_INF_SEPSIS_SOFA_001_004,inf,2,¿Cuál es el vasopresor de primera elección en el choque séptico?,Dopamina,Epinefrina,Norepinefrina,,Norepinefrina
PROC_INF_SEPSIS_SOFA_001_004,inf,3,¿Qué par de criterios definen el Choque Séptico tras la reanimación con líquidos?,TAS <100 y qSOFA de 3,Necesidad de vasopresores y Lactato >2 mmol/L,Fiebre y Leucocitosis,,Necesidad de vasopresores y Lactato >2 mmol/L
PROC_INF_SEPSIS_SOFA_001_005,inf,1,¿Cuál es la meta de Presión Arterial Media (PAM) tras la reanimación inicial?,>=65 mmHg,>=50 mmHg,>=90 mmHg,,>=65 mmHg
PROC_INF_SEPSIS_SOFA_001_005,inf,2,¿Cuál es el vasopresor de primera elección en el choque séptico?,Dopamina,Epinefrina,Norepinefrina,,Norepinefrina
PROC_INF_SEPSIS_SOFA_001_005,inf,3,¿Qué par de criterios definen el Choque Séptico tras la reanimación con líquidos?,Fiebre y Leucocitosis,Necesidad de vasopresores y Lactato >2 mmol/L,TAS <100 y qSOFA de 3,,Necesidad de vasopresores y Lactato >2 mmol/L
PROC_INF_SEPSIS_SOFA_001_006,inf,1,¿Cuál es la meta de Presión Arterial Media (PAM) tras la reanimación inicial?,>=65 mmHg,>=50 mmHg,>=90 mmHg,,>=65 mmHg
PROC_INF_SEPSIS_SOFA_001_006,inf,2,¿Cuál es el vasopresor de primera elección en el choque séptico?,Norepinefrina,Epinefrina,Dopamina,,Norepinefrina
PROC_INF_SEPSIS_SOFA_001_006,inf,3,¿Qué par de criterios definen el Choque Séptico tras la reanimación con líquidos?,Fiebre y Leucocitosis,Necesidad de vasopresores y Lactato >2 mmol/L,TAS <100 y qSOFA de 3,,Necesidad de vasopresores y Lactato >2 mmol/L
PROC_INF_SEPSIS_SOFA_001_007,inf,1,¿Cuál es la meta de Presión Arterial Media (PAM) tras la reanimación inicial?,>=50 mmHg,>=90 mmHg,>=65 mmHg,,>=65 mmHg
PROC_INF_SEPSIS_SOFA_001_007,inf,2,¿Cuál es el vasopresor de primera elección en el choque séptico?,Norepinefrina,Dopamina,Epinefrina,,Norepinefrina
PROC_INF_SEPSIS_SOFA_001_007,inf,3,¿Qué par de criterios definen el Choque Séptico tras la reanimación con líquidos?,Fiebre y Leucocitosis,Necesidad de vasopresores y Lactato >2 mmol/L,TAS <100 y qSOFA de 3,,Necesidad de vasopresores y Lactato >2 mmol/L
PROC_INF_SEPSIS_SOFA_001_008,inf,1,¿Cuál es la meta de Presión Arterial Media (PAM) tras la reanimación inicial?,>=90 mmHg,>=65 mmHg,>=50 mmHg,,>=65 mmHg
PROC_INF_SEPSIS_SOFA_001_008,inf,2,¿Cuál es el vasopresor de primera elección en el choque séptico?,Norepinefrina,Dopamina,Epinefrina,,Norepinefrina
PROC_INF_SEPSIS_SOFA_001_008,inf,3,¿Qué par de criterios definen el Choque Séptico tras la reanimación con líquidos?,Necesidad de vasopresores y Lactato >2 mmol/L,Fiebre y Leucocitosis,TAS <100 y qSOFA de 3,,Necesidad de vasopresores y Lactato >2 mmol/L
PROC_INF_SEPSIS_SOFA_001_009,inf,1,¿Cuál es la meta de Presión Arterial Media (PAM) tras la reanimación inicial?,>=65 mmHg,>=50 mmHg,>=90 mmHg,,>=65 mmHg
PROC_INF_SEPSIS_SOFA_001_009,inf,2,¿Cuál es el vasopresor de primera elección en el choque séptico?,Epinefrina,Dopamina,Norepinefrina,,Norepinefrina
PROC_INF_SEPSIS_SOFA_001_009,inf,3,¿Qué par de criterios definen el Choque Séptico tras la reanimación con líquidos?,TAS <100 y qSOFA de 3,Necesidad de vasopresores y Lactato >2 mmol/L,Fiebre y Leucocitosis,,Necesidad de vasopresores y Lactato >2 mmol/L
PROC_INF_SEPSIS_SOFA_001_010,inf,1,¿Cuál es la meta de Presión Arterial Media (PAM) tras la reanimación inicial?,>=50 mmHg,>=65 mmHg,>=90 mmHg,,>=65 mmHg
PROC_INF_SEPSIS_SOFA_001_010,inf,2,¿Cuál es el vasopresor de primera elección en el choque séptico?,Norepinefrina,Epinefrina,Dopamina,,Norepinefrina
PROC_INF_SEPSIS_SOFA_001_010,inf,3,¿Qué par de criterios definen el Choque Séptico tras la reanimación con líquidos?,TAS <100 y qSOFA de 3,Fiebre y Leucocitosis,Necesidad de vasopresores y Lactato >2 mmol/L,,Necesidad de vasopresores y Lactato >2 mmol/L
PROC_INF_SEPSIS_SOFA_001_011,inf,1,¿Cuál es la meta de Presión Arterial Media (PAM) tras la reanimación inicial?,>=65 mmHg,>=50 mmHg,>=90 mmHg,,>=65 mmHg
PROC_INF_SEPSIS_SOFA_001_011,inf,2,¿Cuál es el vasopresor de primera elección en el choque séptico?,Epinefrina,Norepinefrina,Dopamina,,Norepinefrina
PROC_INF_SEPSIS_SOFA_001_011,inf,3,¿Qué par de criterios definen el Choque Séptico tras la reanimación con líquidos?,Necesidad de vasopresores y Lactato >2 mmol/L,Fiebre y Leucocitosis,TAS <100 y qSOFA de 3,,Necesidad de vasopresores y Lactato >2 mmol/L
PROC_INF_SEPSIS_SOFA_001_012,inf,1,¿Cuál es la meta de Presión Arterial Media (PAM) tras la reanimación inicial?,>=90 mmHg,>=50 mmHg,>=65 mmHg,,>=65 mmHg
PROC_INF_SEPSIS_SOFA_001_012,inf,2,¿Cuál es el vasopresor de primera elección en el choque séptico?,Epinefrina,Norepinefrina,Dopamina,,Norepinefrina
PROC_INF_SEPSIS_SOFA_001_012,inf,3,¿Qué par de criterios definen el Choque Séptico tras la reanimación con líquidos?,Necesidad de vasopresores y Lactato >2 mmol/L,TAS <100 y qSOFA de 3,Fiebre y Leucocitosis,,Necesidad de vasopresores y Lactato >2 mmol/L
PROC_INF_SEPSIS_SOFA_001_013,inf,1,¿Cuál es la meta de Presión Arterial Media (PAM) tras la reanimación inicial?,>=90 mmHg,>=50 mmHg,>=65 mmHg,,>=65 mmHg
PROC_INF_SEPSIS_SOFA_001_013,inf,2,¿Cuál es el vasopresor de primera elección en el choque séptico?,Dopamina,Epinefrina,Norepinefrina,,Norepinefrina
PROC_INF_SEPSIS_SOFA_001_013,inf,3,¿Qué par de criterios definen el Choque Séptico tras la reanimación con líquidos?,TAS <100 y qSOFA de 3,Necesidad de vasopresores y Lactato >2 mmol/L,Fiebre y Leucocitosis,,Necesidad de vasopresores y Lactato >2 mmol/L
PROC_INF_SEPSIS_SOFA_001_014,inf,1,¿Cuál es la meta de Presión Arterial Media (PAM) tras la reanimación inicial?,>=65 mmHg,>=90 mmHg,>=50 mmHg,,>=65 mmHg
PROC_INF_SEPSIS_SOFA_001_014,inf,2,¿Cuál es el vasopresor de primera elección en el choque séptico?,Norepinefrina,Epinefrina,Dopamina,,Norepinefrina
PROC_INF_SEPSIS_SOFA_001_014,inf,3,¿Qué par de criterios definen el Choque Séptico tras la reanimación con líquidos?,TAS <100 y qSOFA de 3,Fiebre y Leucocitosis,Necesidad de vasopresores y Lactato >2 mmol/L,,Necesidad de vasopresores y Lactato >2 mmol/L
PROC_INF_SEPSIS_SOFA_001_015,inf,1,¿Cuál es la meta de Presión Arterial Media (PAM) tras la reanimación inicial?,>=50 mmHg,>=65 mmHg,>=90 mmHg,,>=65 mmHg
PROC_INF_SEPSIS_SOFA_001_015,inf,2,¿Cuál es el vasopresor de primera elección en el choque séptico?,Epinefrina,Dopamina,Norepinefrina,,Norepinefrina
PROC_INF_SEPSIS_SOFA_001_015,inf,3,¿Qué par de criterios definen el Choque Séptico tras la reanimación con líquidos?,Fiebre y Leucocitosis,TAS <100 y qSOFA de 3,Necesidad de vasopresores y Lactato >2 mmol/L,,Necesidad de vasopresores y Lactato >2 mmol/L
PROC_INF_STI_SYPHILIS_001_001,inf,1,¿Cuál de las siguientes pruebas se utiliza para evaluar la respuesta al tratamiento y detectar reinfecciones?,Inmunotransferencia (Western Blot),Pruebas treponémicas (FTA-ABS),Pruebas no treponémicas (VDRL/RPR),,Pruebas no treponémicas (VDRL/RPR)
PROC_INF_STI_SYPHILIS_001_001,inf,2,¿Cuál es el tratamiento de primera elección para un paciente con diagnóstico de sífilis primaria?,Doxiciclina 100 mg c/12h por 14 días,Penicilina G benzatínica 2.4 millones UI IM,Ceftriaxona 250 mg IM dosis única,,Penicilina G benzatínica 2.4 millones UI IM
PROC_INF_STI_SYPHILIS_001_001,inf,3,¿Cuál es la característica clínica definitiva del chancro sifilítico primario?,Úlcera sucia con base friable,Úlcera indolora de base indurada,Múltiples vesículas dolorosas,,Úlcera indolora de base indurada
PROC_INF_STI_SYPHILIS_001_002,inf,1,¿Cuál es la característica clínica definitiva del chancro sifilítico primario?,Úlcera sucia con base friable,Úlcera indolora de base indurada,Múltiples vesículas dolorosas,,Úlcera indolora de base indurada
PROC_INF_STI_SYPHILIS_001_002,inf,2,¿Cuál es el tratamiento de primera elección para un paciente con diagnóstico de sífilis primaria?,Doxiciclina 100 mg c/12h por 14 días,Penicilina G benzatínica 2.4 millones UI IM,Ceftriaxona 250 mg IM dosis única,,Penicilina G benzatínica 2.4 millones UI IM
PROC_INF_STI_SYPHILIS_001_002,inf,3,¿Cuál de las siguientes pruebas se utiliza para evaluar la respuesta al tratamiento y detectar reinfecciones?,Pruebas no treponémicas (VDRL/RPR),Inmunotransferencia (Western Blot),Pruebas treponémicas (FTA-ABS),,Pruebas no treponémicas (VDRL/RPR)
PROC_INF_STI_SYPHILIS_001_003,inf,1,¿Cuál es la característica clínica definitiva del chancro sifilítico primario?,Úlcera indolora de base indurada,Úlcera sucia con base friable,Múltiples vesículas dolorosas,,Úlcera indolora de base indurada
PROC_INF_STI_SYPHILIS_001_003,inf,2,¿Cuál es el tratamiento de primera elección para un paciente con diagnóstico de sífilis primaria?,Doxiciclina 100 mg c/12h por 14 días,Ceftriaxona 250 mg IM dosis única,Penicilina G benzatínica 2.4 millones UI IM,,Penicilina G benzatínica 2.4 millones UI IM
PROC_INF_STI_SYPHILIS_001_003,inf,3,¿Cuál de las siguientes pruebas se utiliza para evaluar la respuesta al tratamiento y detectar reinfecciones?,Pruebas no treponémicas (VDRL/RPR),Pruebas treponémicas (FTA-ABS),Inmunotransferencia (Western Blot),,Pruebas no treponémicas (VDRL/RPR)
PROC_INF_STI_SYPHILIS_001_004,inf,1,¿Cuál es la característica clínica definitiva del chancro sifilítico primario?,Úlcera indolora de base indurada,Úlcera sucia con base friable,Múltiples vesículas dolorosas,,Úlcera indolora de base indurada
PROC_INF_STI_SYPHILIS_001_004,inf,2,¿Cuál es el tratamiento de primera elección para un paciente con diagnóstico de sífilis primaria?,Penicilina G benzatínica 2.4 millones UI IM,Ceftriaxona 250 mg IM dosis única,Doxiciclina 100 mg c/12h por 14 días,,Penicilina G benzatínica 2.4 millones UI IM
PROC_INF_STI_SYPHILIS_001_004,inf,3,¿Cuál de las siguientes pruebas se utiliza para evaluar la respuesta al tratamiento y detectar reinfecciones?,Pruebas no treponémicas (VDRL/RPR),Inmunotransferencia (Western Blot),Pruebas treponémicas (FTA-ABS),,Pruebas no treponémicas (VDRL/RPR)
PROC_INF_STI_SYPHILIS_001_005,inf,1,¿Cuál es la característica clínica definitiva del chancro sifilítico primario?,Úlcera indolora de base indurada,Úlcera sucia con base friable,Múltiples vesículas dolorosas,,Úlcera indolora de base indurada
PROC_INF_STI_SYPHILIS_001_005,inf,2,¿Cuál es el tratamiento de primera elección para un paciente con diagnóstico de sífilis primaria?,Ceftriaxona 250 mg IM dosis única,Penicilina G benzatínica 2.4 millones UI IM,Doxiciclina 100 mg c/12h por 14 días,,Penicilina G benzatínica 2.4 millones UI IM
PROC_INF_STI_SYPHILIS_001_005,inf,3,¿Cuál de las siguientes pruebas se utiliza para evaluar la respuesta al tratamiento y detectar reinfecciones?,Inmunotransferencia (Western Blot),Pruebas no treponémicas (VDRL/RPR),Pruebas treponémicas (FTA-ABS),,Pruebas no treponémicas (VDRL/RPR)
PROC_INT_AMI_001_001,int,1,¿Cuál es el tiempo meta establecido por las guías para la realización e interpretación del ECG?,Menos de 30 minutos,Menos de 10 minutos,A la brevedad posible sin tiempo límite,,Menos de 10 minutos
PROC_INT_AMI_001_001,int,2,¿Cuál es la principal causa de muerte prehospitalaria en un paciente con IAM?,Fibrilación Ventricular,Ruptura de pared libre,Choque cardiogénico,,Fibrilación Ventricular
PROC_INT_AMI_001_001,int,3,Identifique la estrategia de reperfusión de elección si el hospital cuenta con sala de hemodinamia?,Intervención Coronaria Percutánea (ICP) primaria,Fibrinólisis farmacológica,Bypass de arteria coronaria urgente,,Intervención Coronaria Percutánea (ICP) primaria
PROC_INT_AMI_001_002,int,1,¿Cuál es la estrategia de reperfusión de elección si el hospital cuenta con sala de hemodinamia?,Bypass de arteria coronaria urgente,Intervención Coronaria Percutánea (ICP) primaria,Fibrinólisis farmacológica,,Intervención Coronaria Percutánea (ICP) primaria
PROC_INT_AMI_001_002,int,2,¿Cuál es la principal causa de muerte prehospitalaria en un paciente con IAM?,Ruptura de pared libre,Choque cardiogénico,Fibrilación Ventricular,,Fibrilación Ventricular
PROC_INT_AMI_001_002,int,3,"Con respecto a la patología, ¿cuál es el tiempo meta establecido por las guías para la realización e interpretación del ECG?",A la brevedad posible sin tiempo límite,Menos de 10 minutos,Menos de 30 minutos,,Menos de 10 minutos
PROC_INT_AMI_001_003,int,1,"En este contexto clínico, ¿cuál es la estrategia de reperfusión de elección si el hospital cuenta con sala de hemodinamia?",Bypass de arteria coronaria urgente,Fibrinólisis farmacológica,Intervención Coronaria Percutánea (ICP) primaria,,Intervención Coronaria Percutánea (ICP) primaria
PROC_INT_AMI_001_003,int,2,¿Cuál es el tiempo meta establecido por las guías para la realización e interpretación del ECG?,A la brevedad posible sin tiempo límite,Menos de 30 minutos,Menos de 10 minutos,,Menos de 10 minutos
PROC_INT_AMI_001_003,int,3,"En este contexto clínico, ¿cuál es la principal causa de muerte prehospitalaria en un paciente con IAM?",Fibrilación Ventricular,Ruptura de pared libre,Choque cardiogénico,,Fibrilación Ventricular
PROC_INT_AMI_001_004,int,1,¿Cuál es el tiempo meta establecido por las guías para la realización e interpretación del ECG?,A la brevedad posible sin tiempo límite,Menos de 10 minutos,Menos de 30 minutos,,Menos de 10 minutos
PROC_INT_AMI_001_004,int,2,¿Cuál es la principal causa de muerte prehospitalaria en un paciente con IAM?,Fibrilación Ventricular,Choque cardiogénico,Ruptura de pared libre,,Fibrilación Ventricular
PROC_INT_AMI_001_004,int,3,Identifique la estrategia de reperfusión de elección si el hospital cuenta con sala de hemodinamia?,Intervención Coronaria Percutánea (ICP) primaria,Fibrinólisis farmacológica,Bypass de arteria coronaria urgente,,Intervención Coronaria Percutánea (ICP) primaria
PROC_INT_AMI_001_005,int,1,¿Cuál es la estrategia de reperfusión de elección si el hospital cuenta con sala de hemodinamia?,Intervención Coronaria Percutánea (ICP) primaria,Bypass de arteria coronaria urgente,Fibrinólisis farmacológica,,Intervención Coronaria Percutánea (ICP) primaria
PROC_INT_AMI_001_005,int,2,¿Cuál es la principal causa de muerte prehospitalaria en un paciente con IAM?,Fibrilación Ventricular,Choque cardiogénico,Ruptura de pared libre,,Fibrilación Ventricular
PROC_INT_AMI_001_005,int,3,¿Cuál es el tiempo meta establecido por las guías para la realización e interpretación del ECG?,Menos de 10 minutos,Menos de 30 minutos,A la brevedad posible sin tiempo límite,,Menos de 10 minutos
PROC_INT_AMI_001_006,int,1,¿Cuál es el tiempo meta establecido por las guías para la realización e interpretación del ECG?,Menos de 30 minutos,Menos de 10 minutos,A la brevedad posible sin tiempo límite,,Menos de 10 minutos
PROC_INT_AMI_001_006,int,2,¿Cuál es la estrategia de reperfusión de elección si el hospital cuenta con sala de hemodinamia?,Fibrinólisis farmacológica,Bypass de arteria coronaria urgente,Intervención Coronaria Percutánea (ICP) primaria,,Intervención Coronaria Percutánea (ICP) primaria
PROC_INT_AMI_001_006,int,3,¿Cuál es la principal causa de muerte prehospitalaria en un paciente con IAM?,Fibrilación Ventricular,Choque cardiogénico,Ruptura de pared libre,,Fibrilación Ventricular
PROC_INT_AMI_001_007,int,1,¿Cuál es el tiempo meta establecido por las guías para la realización e interpretación del ECG?,A la brevedad posible sin tiempo límite,Menos de 10 minutos,Menos de 30 minutos,,Menos de 10 minutos
PROC_INT_AMI_001_007,int,2,¿Cuál es la estrategia de reperfusión de elección si el hospital cuenta con sala de hemodinamia?,Fibrinólisis farmacológica,Bypass de arteria coronaria urgente,Intervención Coronaria Percutánea (ICP) primaria,,Intervención Coronaria Percutánea (ICP) primaria
PROC_INT_AMI_001_007,int,3,¿Cuál es la principal causa de muerte prehospitalaria en un paciente con IAM?,Fibrilación Ventricular,Ruptura de pared libre,Choque cardiogénico,,Fibrilación Ventricular
PROC_INT_AMI_001_008,int,1,¿Cuál es el tiempo meta establecido por las guías para la realización e interpretación del ECG?,Menos de 10 minutos,Menos de 30 minutos,A la brevedad posible sin tiempo límite,,Menos de 10 minutos
PROC_INT_AMI_001_008,int,2,¿Cuál es la estrategia de reperfusión de elección si el hospital cuenta con sala de hemodinamia?,Intervención Coronaria Percutánea (ICP) primaria,Fibrinólisis farmacológica,Bypass de arteria coronaria urgente,,Intervención Coronaria Percutánea (ICP) primaria
PROC_INT_AMI_001_008,int,3,¿Cuál es la principal causa de muerte prehospitalaria en un paciente con IAM?,Ruptura de pared libre,Fibrilación Ventricular,Choque cardiogénico,,Fibrilación Ventricular
PROC_INT_AMI_001_009,int,1,¿Cuál es el tiempo meta establecido por las guías para la realización e interpretación del ECG?,A la brevedad posible sin tiempo límite,Menos de 10 minutos,Menos de 30 minutos,,Menos de 10 minutos
PROC_INT_AMI_001_009,int,2,¿Cuál es la estrategia de reperfusión de elección si el hospital cuenta con sala de hemodinamia?,Intervención Coronaria Percutánea (ICP) primaria,Fibrinólisis farmacológica,Bypass de arteria coronaria urgente,,Intervención Coronaria Percutánea (ICP) primaria
PROC_INT_AMI_001_009,int,3,¿Cuál es la principal causa de muerte prehospitalaria en un paciente con IAM?,Fibrilación Ventricular,Choque cardiogénico,Ruptura de pared libre,,Fibrilación Ventricular
PROC_INT_AMI_001_010,int,1,¿Cuál es el tiempo meta establecido por las guías para la realización e interpretación del ECG?,A la brevedad posible sin tiempo límite,Menos de 30 minutos,Menos de 10 minutos,,Menos de 10 minutos
PROC_INT_AMI_001_010,int,2,¿Cuál es la estrategia de reperfusión de elección si el hospital cuenta con sala de hemodinamia?,Fibrinólisis farmacológica,Bypass de arteria coronaria urgente,Intervención Coronaria Percutánea (ICP) primaria,,Intervención Coronaria Percutánea (ICP) primaria
PROC_INT_AMI_001_010,int,3,¿Cuál es la principal causa de muerte prehospitalaria en un paciente con IAM?,Ruptura de pared libre,Choque cardiogénico,Fibrilación Ventricular,,Fibrilación Ventricular
PROC_INT_AMI_001_011,int,1,¿Cuál es el tiempo meta establecido por las guías para la realización e interpretación del ECG?,Menos de 30 minutos,A la brevedad posible sin tiempo límite,Menos de 10 minutos,,Menos de 10 minutos
PROC_INT_AMI_001_011,int,2,¿Cuál es la estrategia de reperfusión de elección si el hospital cuenta con sala de hemodinamia?,Intervención Coronaria Percutánea (ICP) primaria,Bypass de arteria coronaria urgente,Fibrinólisis farmacológica,,Intervención Coronaria Percutánea (ICP) primaria
PROC_INT_AMI_001_011,int,3,¿Cuál es la principal causa de muerte prehospitalaria en un paciente con IAM?,Choque cardiogénico,Fibrilación Ventricular,Ruptura de pared libre,,Fibrilación Ventricular
PROC_INT_AMI_001_012,int,1,¿Cuál es el tiempo meta establecido por las guías para la realización e interpretación del ECG?,Menos de 30 minutos,A la brevedad posible sin tiempo límite,Menos de 10 minutos,,Menos de 10 minutos
PROC_INT_AMI_001_012,int,2,¿Cuál es la estrategia de reperfusión de elección si el hospital cuenta con sala de hemodinamia?,Intervención Coronaria Percutánea (ICP) primaria,Bypass de arteria coronaria urgente,Fibrinólisis farmacológica,,Intervención Coronaria Percutánea (ICP) primaria
PROC_INT_AMI_001_012,int,3,¿Cuál es la principal causa de muerte prehospitalaria en un paciente con IAM?,Choque cardiogénico,Ruptura de pared libre,Fibrilación Ventricular,,Fibrilación Ventricular
PROC_INT_AMI_001_013,int,1,¿Cuál es el tiempo meta establecido por las guías para la realización e interpretación del ECG?,Menos de 30 minutos,Menos de 10 minutos,A la brevedad posible sin tiempo límite,,Menos de 10 minutos
PROC_INT_AMI_001_013,int,2,¿Cuál es la estrategia de reperfusión de elección si el hospital cuenta con sala de hemodinamia?,Fibrinólisis farmacológica,Intervención Coronaria Percutánea (ICP) primaria,Bypass de arteria coronaria urgente,,Intervención Coronaria Percutánea (ICP) primaria
PROC_INT_AMI_001_013,int,3,¿Cuál es la principal causa de muerte prehospitalaria en un paciente con IAM?,Ruptura de pared libre,Choque cardiogénico,Fibrilación Ventricular,,Fibrilación Ventricular
PROC_INT_AMI_001_014,int,1,¿Cuál es el tiempo meta establecido por las guías para la realización e interpretación del ECG?,Menos de 30 minutos,A la brevedad posible sin tiempo límite,Menos de 10 minutos,,Menos de 10 minutos
PROC_INT_AMI_001_014,int,2,¿Cuál es la estrategia de reperfusión de elección si el hospital cuenta con sala de hemodinamia?,Fibrinólisis farmacológica,Bypass de arteria coronaria urgente,Intervención Coronaria Percutánea (ICP) primaria,,Intervención Coronaria Percutánea (ICP) primaria
PROC_INT_AMI_001_014,int,3,¿Cuál es la principal causa de muerte prehospitalaria en un paciente con IAM?,Choque cardiogénico,Fibrilación Ventricular,Ruptura de pared libre,,Fibrilación Ventricular
PROC_INT_AMI_001_015,int,1,¿Cuál es el tiempo meta establecido por las guías para la realización e interpretación del ECG?,Menos de 10 minutos,Menos de 30 minutos,A la brevedad posible sin tiempo límite,,Menos de 10 minutos
PROC_INT_AMI_001_015,int,2,¿Cuál es la estrategia de reperfusión de elección si el hospital cuenta con sala de hemodinamia?,Intervención Coronaria Percutánea (ICP) primaria,Fibrinólisis farmacológica,Bypass de arteria coronaria urgente,,Intervención Coronaria Percutánea (ICP) primaria
PROC_INT_AMI_001_015,int,3,¿Cuál es la principal causa de muerte prehospitalaria en un paciente con IAM?,Choque cardiogénico,Fibrilación Ventricular,Ruptura de pared libre,,Fibrilación Ventricular
PROC_INT_DM2_DX_001_001,int,1,¿Cuál es la cifra de glucosa en ayuno para diagnóstico de DM2?,>=100 mg/dL,>=126 mg/dL,>=200 mg/dL,,>=126 mg/dL
PROC_INT_DM2_DX_001_001,int,2,¿Qué porcentaje de HbA1c confirma el diagnóstico?,>=6.5%,>=8.0%,>=5.7%,,>=6.5%
PROC_INT_DM2_DX_001_001,int,3,¿En qué momento se diagnostica DM2 con glucosa al azar >=200?,Si hay síntomas clásicos (síntomas),"Nunca, requiere confirmación",Siempre es diagnóstico,,Si hay síntomas clásicos (síntomas)
PROC_INT_DM2_DX_001_002,int,1,¿Qué porcentaje de HbA1c confirma el diagnóstico?,>=8.0%,>=6.5%,>=5.7%,,>=6.5%
PROC_INT_DM2_DX_001_002,int,2,¿En qué momento se diagnostica DM2 con glucosa al azar >=200?,"Nunca, requiere confirmación",Si hay síntomas clásicos (síntomas),Siempre es diagnóstico,,Si hay síntomas clásicos (síntomas)
PROC_INT_DM2_DX_001_002,int,3,"De las siguientes opciones, ¿cuál es la cifra de glucosa en ayuno para diagnóstico de DM2?",>=100 mg/dL,>=126 mg/dL,>=200 mg/dL,,>=126 mg/dL
PROC_INT_DM2_DX_001_003,int,1,¿Cuál es la cifra de glucosa en ayuno para diagnóstico de DM2?,>=200 mg/dL,>=100 mg/dL,>=126 mg/dL,,>=126 mg/dL
PROC_INT_DM2_DX_001_003,int,2,¿Qué porcentaje de HbA1c confirma el diagnóstico?,>=5.7%,>=6.5%,>=8.0%,,>=6.5%
PROC_INT_DM2_DX_001_003,int,3,¿En qué momento se diagnostica DM2 con glucosa al azar >=200?,Si hay síntomas clásicos (síntomas),Siempre es diagnóstico,"Nunca, requiere confirmación",,Si hay síntomas clásicos (síntomas)
PROC_INT_DM2_DX_001_004,int,1,¿Cuál es la cifra de glucosa en ayuno para diagnóstico de DM2?,>=200 mg/dL,>=126 mg/dL,>=100 mg/dL,,>=126 mg/dL
PROC_INT_DM2_DX_001_004,int,2,¿Qué porcentaje de HbA1c confirma el diagnóstico?,>=5.7%,>=6.5%,>=8.0%,,>=6.5%
PROC_INT_DM2_DX_001_004,int,3,¿En qué momento se diagnostica DM2 con glucosa al azar >=200?,Si hay síntomas clásicos (síntomas),"Nunca, requiere confirmación",Siempre es diagnóstico,,Si hay síntomas clásicos (síntomas)
PROC_INT_DM2_DX_001_005,int,1,¿Cuál es la cifra de glucosa en ayuno para diagnóstico de DM2?,>=100 mg/dL,>=200 mg/dL,>=126 mg/dL,,>=126 mg/dL
PROC_INT_DM2_DX_001_005,int,2,¿Qué porcentaje de HbA1c confirma el diagnóstico?,>=8.0%,>=6.5%,>=5.7%,,>=6.5%
PROC_INT_DM2_DX_001_005,int,3,¿En qué momento se diagnostica DM2 con glucosa al azar >=200?,Siempre es diagnóstico,"Nunca, requiere confirmación",Si hay síntomas clásicos (síntomas),,Si hay síntomas clásicos (síntomas)
PROC_INT_DM2_DX_001_006,int,1,¿Cuál es la cifra de glucosa en ayuno para diagnóstico de DM2?,>=200 mg/dL,>=100 mg/dL,>=126 mg/dL,,>=126 mg/dL
PROC_INT_DM2_DX_001_006,int,2,¿Qué porcentaje de HbA1c confirma el diagnóstico?,>=5.7%,>=8.0%,>=6.5%,,>=6.5%
PROC_INT_DM2_DX_001_006,int,3,¿En qué momento se diagnostica DM2 con glucosa al azar >=200?,Si hay síntomas clásicos (síntomas),Siempre es diagnóstico,"Nunca, requiere confirmación",,Si hay síntomas clásicos (síntomas)
PROC_INT_DM2_DX_001_007,int,1,¿Cuál es la cifra de glucosa en ayuno para diagnóstico de DM2?,>=126 mg/dL,>=200 mg/dL,>=100 mg/dL,,>=126 mg/dL
PROC_INT_DM2_DX_001_007,int,2,¿Qué porcentaje de HbA1c confirma el diagnóstico?,>=5.7%,>=6.5%,>=8.0%,,>=6.5%
PROC_INT_DM2_DX_001_007,int,3,¿En qué momento se diagnostica DM2 con glucosa al azar >=200?,"Nunca, requiere confirmación",Siempre es diagnóstico,Si hay síntomas clásicos (síntomas),,Si hay síntomas clásicos (síntomas)
PROC_INT_DM2_DX_001_008,int,1,¿Cuál es la cifra de glucosa en ayuno para diagnóstico de DM2?,>=100 mg/dL,>=126 mg/dL,>=200 mg/dL,,>=126 mg/dL
PROC_INT_DM2_DX_001_008,int,2,¿Qué porcentaje de HbA1c confirma el diagnóstico?,>=6.5%,>=8.0%,>=5.7%,,>=6.5%
PROC_INT_DM2_DX_001_008,int,3,¿En qué momento se diagnostica DM2 con glucosa al azar >=200?,Si hay síntomas clásicos (síntomas),"Nunca, requiere confirmación",Siempre es diagnóstico,,Si hay síntomas clásicos (síntomas)
PROC_INT_DM2_DX_001_009,int,1,¿Cuál es la cifra de glucosa en ayuno para diagnóstico de DM2?,>=200 mg/dL,>=126 mg/dL,>=100 mg/dL,,>=126 mg/dL
PROC_INT_DM2_DX_001_009,int,2,¿Qué porcentaje de HbA1c confirma el diagnóstico?,>=8.0%,>=5.7%,>=6.5%,,>=6.5%
PROC_INT_DM2_DX_001_009,int,3,¿En qué momento se diagnostica DM2 con glucosa al azar >=200?,"Nunca, requiere confirmación",Siempre es diagnóstico,Si hay síntomas clásicos (síntomas),,Si hay síntomas clásicos (síntomas)
PROC_INT_DM2_DX_001_010,int,1,¿Cuál es la cifra de glucosa en ayuno para diagnóstico de DM2?,>=126 mg/dL,>=100 mg/dL,>=200 mg/dL,,>=126 mg/dL
PROC_INT_DM2_DX_001_010,int,2,¿Qué porcentaje de HbA1c confirma el diagnóstico?,>=5.7%,>=6.5%,>=8.0%,,>=6.5%
PROC_INT_DM2_DX_001_010,int,3,¿En qué momento se diagnostica DM2 con glucosa al azar >=200?,Si hay síntomas clásicos (síntomas),"Nunca, requiere confirmación",Siempre es diagnóstico,,Si hay síntomas clásicos (síntomas)
PROC_INT_DM2_DX_001_011,int,1,¿Cuál es la cifra de glucosa en ayuno para diagnóstico de DM2?,>=126 mg/dL,>=100 mg/dL,>=200 mg/dL,,>=126 mg/dL
PROC_INT_DM2_DX_001_011,int,2,¿Qué porcentaje de HbA1c confirma el diagnóstico?,>=8.0%,>=6.5%,>=5.7%,,>=6.5%
PROC_INT_DM2_DX_001_011,int,3,¿En qué momento se diagnostica DM2 con glucosa al azar >=200?,Si hay síntomas clásicos (síntomas),"Nunca, requiere confirmación",Siempre es diagnóstico,,Si hay síntomas clásicos (síntomas)
PROC_INT_DM2_DX_001_012,int,1,¿Cuál es la cifra de glucosa en ayuno para diagnóstico de DM2?,>=100 mg/dL,>=126 mg/dL,>=200 mg/dL,,>=126 mg/dL
PROC_INT_DM2_DX_001_012,int,2,¿Qué porcentaje de HbA1c confirma el diagnóstico?,>=6.5%,>=5.7%,>=8.0%,,>=6.5%
PROC_INT_DM2_DX_001_012,int,3,¿En qué momento se diagnostica DM2 con glucosa al azar >=200?,Siempre es diagnóstico,Si hay síntomas clásicos (síntomas),"Nunca, requiere confirmación",,Si hay síntomas clásicos (síntomas)
PROC_INT_DM2_DX_001_013,int,1,¿Cuál es la cifra de glucosa en ayuno para diagnóstico de DM2?,>=100 mg/dL,>=126 mg/dL,>=200 mg/dL,,>=126 mg/dL
PROC_INT_DM2_DX_001_013,int,2,¿Qué porcentaje de HbA1c confirma el diagnóstico?,>=8.0%,>=5.7%,>=6.5%,,>=6.5%
PROC_INT_DM2_DX_001_013,int,3,¿En qué momento se diagnostica DM2 con glucosa al azar >=200?,Si hay síntomas clásicos (síntomas),"Nunca, requiere confirmación",Siempre es diagnóstico,,Si hay síntomas clásicos (síntomas)
PROC_INT_DM2_DX_001_014,int,1,¿Cuál es la cifra de glucosa en ayuno para diagnóstico de DM2?,>=100 mg/dL,>=126 mg/dL,>=200 mg/dL,,>=126 mg/dL
PROC_INT_DM2_DX_001_014,int,2,¿Qué porcentaje de HbA1c confirma el diagnóstico?,>=8.0%,>=5.7%,>=6.5%,,>=6.5%
PROC_INT_DM2_DX_001_014,int,3,¿En qué momento se diagnostica DM2 con glucosa al azar >=200?,"Nunca, requiere confirmación",Siempre es diagnóstico,Si hay síntomas clásicos (síntomas),,Si hay síntomas clásicos (síntomas)
PROC_INT_DM2_DX_001_015,int,1,¿Cuál es la cifra de glucosa en ayuno para diagnóstico de DM2?,>=126 mg/dL,>=200 mg/dL,>=100 mg/dL,,>=126 mg/dL
PROC_INT_DM2_DX_001_015,int,2,¿Qué porcentaje de HbA1c confirma el diagnóstico?,>=8.0%,>=5.7%,>=6.5%,,>=6.5%
PROC_INT_DM2_DX_001_015,int,3,¿En qué momento se diagnostica DM2 con glucosa al azar >=200?,Si hay síntomas clásicos (síntomas),Siempre es diagnóstico,"Nunca, requiere confirmación",,Si hay síntomas clásicos (síntomas)
PROC_INT_ENDO_CAD_001_001,int,1,¿Cuál es el valor mínimo de Potasio requerido para iniciar la infusión de insulina de forma segura?,Mayor a 2.5 mEq/L,Mayor a 5.0 mEq/L,Mayor a 3.3 mEq/L,,Mayor a 3.3 mEq/L
PROC_INT_ENDO_CAD_001_001,int,2,¿En qué situación clínica se recomienda el uso de Bicarbonato de Sodio?,pH menor a 6.9,pH menor a 7.2,Solo ante hiperpotasemia grave,,pH menor a 6.9
PROC_INT_ENDO_CAD_001_001,int,3,"Con respecto a la patología, ¿cuál es el parámetro laboratorial principal para definir la resolución de la CAD?",Cierre del Anion Gap / Brecha aniónica,Glucosa menor a 100 mg/dl,Ausencia de glucosuria,,Cierre del Anion Gap / Brecha aniónica
PROC_INT_ENDO_CAD_001_002,int,1,¿Cuál es el valor mínimo de Potasio requerido para iniciar la infusión de insulina de forma segura?,Mayor a 2.5 mEq/L,Mayor a 5.0 mEq/L,Mayor a 3.3 mEq/L,,Mayor a 3.3 mEq/L
PROC_INT_ENDO_CAD_001_002,int,2,¿En qué situación clínica se recomienda el uso de Bicarbonato de Sodio?,Solo ante hiperpotasemia grave,pH menor a 7.2,pH menor a 6.9,,pH menor a 6.9
PROC_INT_ENDO_CAD_001_002,int,3,¿Cuál es el parámetro laboratorial principal para definir la resolución de la CAD?,Glucosa menor a 100 mg/dl,Ausencia de glucosuria,Cierre del Anion Gap / Brecha aniónica,,Cierre del Anion Gap / Brecha aniónica
PROC_INT_ENDO_CAD_001_003,int,1,¿Cuál es el valor mínimo de Potasio requerido para iniciar la infusión de insulina de forma segura?,Mayor a 5.0 mEq/L,Mayor a 3.3 mEq/L,Mayor a 2.5 mEq/L,,Mayor a 3.3 mEq/L
PROC_INT_ENDO_CAD_001_003,int,2,¿En qué situación clínica se recomienda el uso de Bicarbonato de Sodio?,pH menor a 6.9,pH menor a 7.2,Solo ante hiperpotasemia grave,,pH menor a 6.9
PROC_INT_ENDO_CAD_001_003,int,3,¿Cuál es el parámetro laboratorial principal para definir la resolución de la CAD?,Ausencia de glucosuria,Glucosa menor a 100 mg/dl,Cierre del Anion Gap / Brecha aniónica,,Cierre del Anion Gap / Brecha aniónica
PROC_INT_ENDO_CAD_001_004,int,1,¿Cuál es el valor mínimo de Potasio requerido para iniciar la infusión de insulina de forma segura?,Mayor a 2.5 mEq/L,Mayor a 3.3 mEq/L,Mayor a 5.0 mEq/L,,Mayor a 3.3 mEq/L
PROC_INT_ENDO_CAD_001_004,int,2,¿En qué situación clínica se recomienda el uso de Bicarbonato de Sodio?,Solo ante hiperpotasemia grave,pH menor a 7.2,pH menor a 6.9,,pH menor a 6.9
PROC_INT_ENDO_CAD_001_004,int,3,¿Cuál es el parámetro laboratorial principal para definir la resolución de la CAD?,Ausencia de glucosuria,Cierre del Anion Gap / Brecha aniónica,Glucosa menor a 100 mg/dl,,Cierre del Anion Gap / Brecha aniónica
PROC_INT_ENDO_CAD_001_005,int,1,¿Cuál es el valor mínimo de Potasio requerido para iniciar la infusión de insulina de forma segura?,Mayor a 5.0 mEq/L,Mayor a 2.5 mEq/L,Mayor a 3.3 mEq/L,,Mayor a 3.3 mEq/L
PROC_INT_ENDO_CAD_001_005,int,2,¿En qué situación clínica se recomienda el uso de Bicarbonato de Sodio?,pH menor a 6.9,pH menor a 7.2,Solo ante hiperpotasemia grave,,pH menor a 6.9
PROC_INT_ENDO_CAD_001_005,int,3,¿Cuál es el parámetro laboratorial principal para definir la resolución de la CAD?,Glucosa menor a 100 mg/dl,Cierre del Anion Gap / Brecha aniónica,Ausencia de glucosuria,,Cierre del Anion Gap / Brecha aniónica
PROC_INT_ENDO_CAD_001_006,int,1,¿Cuál es el valor mínimo de Potasio requerido para iniciar la infusión de insulina de forma segura?,Mayor a 2.5 mEq/L,Mayor a 5.0 mEq/L,Mayor a 3.3 mEq/L,,Mayor a 3.3 mEq/L
PROC_INT_ENDO_CAD_001_006,int,2,¿En qué situación clínica se recomienda el uso de Bicarbonato de Sodio?,pH menor a 6.9,Solo ante hiperpotasemia grave,pH menor a 7.2,,pH menor a 6.9
PROC_INT_ENDO_CAD_001_006,int,3,¿Cuál es el parámetro laboratorial principal para definir la resolución de la CAD?,Ausencia de glucosuria,Cierre del Anion Gap / Brecha aniónica,Glucosa menor a 100 mg/dl,,Cierre del Anion Gap / Brecha aniónica
PROC_INT_ENDO_CAD_001_007,int,1,¿Cuál es el valor mínimo de Potasio requerido para iniciar la infusión de insulina de forma segura?,Mayor a 5.0 mEq/L,Mayor a 3.3 mEq/L,Mayor a 2.5 mEq/L,,Mayor a 3.3 mEq/L
PROC_INT_ENDO_CAD_001_007,int,2,¿En qué situación clínica se recomienda el uso de Bicarbonato de Sodio?,pH menor a 7.2,pH menor a 6.9,Solo ante hiperpotasemia grave,,pH menor a 6.9
PROC_INT_ENDO_CAD_001_007,int,3,¿Cuál es el parámetro laboratorial principal para definir la resolución de la CAD?,Cierre del Anion Gap / Brecha aniónica,Ausencia de glucosuria,Glucosa menor a 100 mg/dl,,Cierre del Anion Gap / Brecha aniónica
PROC_INT_ENDO_CAD_001_008,int,1,¿Cuál es el valor mínimo de Potasio requerido para iniciar la infusión de insulina de forma segura?,Mayor a 3.3 mEq/L,Mayor a 2.5 mEq/L,Mayor a 5.0 mEq/L,,Mayor a 3.3 mEq/L
PROC_INT_ENDO_CAD_001_008,int,2,¿En qué situación clínica se recomienda el uso de Bicarbonato de Sodio?,pH menor a 7.2,Solo ante hiperpotasemia grave,pH menor a 6.9,,pH menor a 6.9
PROC_INT_ENDO_CAD_001_008,int,3,¿Cuál es el parámetro laboratorial principal para definir la resolución de la CAD?,Ausencia de glucosuria,Glucosa menor a 100 mg/dl,Cierre del Anion Gap / Brecha aniónica,,Cierre del Anion Gap / Brecha aniónica
PROC_INT_ENDO_CAD_001_009,int,1,¿Cuál es el valor mínimo de Potasio requerido para iniciar la infusión de insulina de forma segura?,Mayor a 2.5 mEq/L,Mayor a 5.0 mEq/L,Mayor a 3.3 mEq/L,,Mayor a 3.3 mEq/L
PROC_INT_ENDO_CAD_001_009,int,2,¿En qué situación clínica se recomienda el uso de Bicarbonato de Sodio?,pH menor a 7.2,pH menor a 6.9,Solo ante hiperpotasemia grave,,pH menor a 6.9
PROC_INT_ENDO_CAD_001_009,int,3,¿Cuál es el parámetro laboratorial principal para definir la resolución de la CAD?,Cierre del Anion Gap / Brecha aniónica,Glucosa menor a 100 mg/dl,Ausencia de glucosuria,,Cierre del Anion Gap / Brecha aniónica
PROC_INT_ENDO_CAD_001_010,int,1,¿Cuál es el valor mínimo de Potasio requerido para iniciar la infusión de insulina de forma segura?,Mayor a 2.5 mEq/L,Mayor a 3.3 mEq/L,Mayor a 5.0 mEq/L,,Mayor a 3.3 mEq/L
PROC_INT_ENDO_CAD_001_010,int,2,¿En qué situación clínica se recomienda el uso de Bicarbonato de Sodio?,pH menor a 6.9,Solo ante hiperpotasemia grave,pH menor a 7.2,,pH menor a 6.9
PROC_INT_ENDO_CAD_001_010,int,3,¿Cuál es el parámetro laboratorial principal para definir la resolución de la CAD?,Glucosa menor a 100 mg/dl,Cierre del Anion Gap / Brecha aniónica,Ausencia de glucosuria,,Cierre del Anion Gap / Brecha aniónica
PROC_INT_ENDO_CAD_001_011,int,1,¿Cuál es el valor mínimo de Potasio requerido para iniciar la infusión de insulina de forma segura?,Mayor a 2.5 mEq/L,Mayor a 3.3 mEq/L,Mayor a 5.0 mEq/L,,Mayor a 3.3 mEq/L
PROC_INT_ENDO_CAD_001_011,int,2,¿En qué situación clínica se recomienda el uso de Bicarbonato de Sodio?,pH menor a 7.2,pH menor a 6.9,Solo ante hiperpotasemia grave,,pH menor a 6.9
PROC_INT_ENDO_CAD_001_011,int,3,¿Cuál es el parámetro laboratorial principal para definir la resolución de la CAD?,Ausencia de glucosuria,Glucosa menor a 100 mg/dl,Cierre del Anion Gap / Brecha aniónica,,Cierre del Anion Gap / Brecha aniónica
PROC_INT_ENDO_CAD_001_012,int,1,¿Cuál es el valor mínimo de Potasio requerido para iniciar la infusión de insulina de forma segura?,Mayor a 3.3 mEq/L,Mayor a 5.0 mEq/L,Mayor a 2.5 mEq/L,,Mayor a 3.3 mEq/L
PROC_INT_ENDO_CAD_001_012,int,2,¿En qué situación clínica se recomienda el uso de Bicarbonato de Sodio?,pH menor a 7.2,pH menor a 6.9,Solo ante hiperpotasemia grave,,pH menor a 6.9
PROC_INT_ENDO_CAD_001_012,int,3,¿Cuál es el parámetro laboratorial principal para definir la resolución de la CAD?,Cierre del Anion Gap / Brecha aniónica,Ausencia de glucosuria,Glucosa menor a 100 mg/dl,,Cierre del Anion Gap / Brecha aniónica
PROC_INT_ENDO_CAD_001_013,int,1,¿Cuál es el valor mínimo de Potasio requerido para iniciar la infusión de insulina de forma segura?,Mayor a 5.0 mEq/L,Mayor a 3.3 mEq/L,Mayor a 2.5 mEq/L,,Mayor a 3.3 mEq/L
PROC_INT_ENDO_CAD_001_013,int,2,¿En qué situación clínica se recomienda el uso de Bicarbonato de Sodio?,pH menor a 6.9,pH menor a 7.2,Solo ante hiperpotasemia grave,,pH menor a 6.9
PROC_INT_ENDO_CAD_001_013,int,3,¿Cuál es el parámetro laboratorial principal para definir la resolución de la CAD?,Glucosa menor a 100 mg/dl,Cierre del Anion Gap / Brecha aniónica,Ausencia de glucosuria,,Cierre del Anion Gap / Brecha aniónica
PROC_INT_ENDO_CAD_001_014,int,1,¿Cuál es el valor mínimo de Potasio requerido para iniciar la infusión de insulina de forma segura?,Mayor a 2.5 mEq/L,Mayor a 5.0 mEq/L,Mayor a 3.3 mEq/L,,Mayor a 3.3 mEq/L
PROC_INT_ENDO_CAD_001_014,int,2,¿En qué situación clínica se recomienda el uso de Bicarbonato de Sodio?,pH menor a 6.9,pH menor a 7.2,Solo ante hiperpotasemia grave,,pH menor a 6.9
PROC_INT_ENDO_CAD_001_014,int,3,¿Cuál es el parámetro laboratorial principal para definir la resolución de la CAD?,Ausencia de glucosuria,Cierre del Anion Gap / Brecha aniónica,Glucosa menor a 100 mg/dl,,Cierre del Anion Gap / Brecha aniónica
PROC_INT_ENDO_CAD_001_015,int,1,¿Cuál es el valor mínimo de Potasio requerido para iniciar la infusión de insulina de forma segura?,Mayor a 2.5 mEq/L,Mayor a 3.3 mEq/L,Mayor a 5.0 mEq/L,,Mayor a 3.3 mEq/L
PROC_INT_ENDO_CAD_001_015,int,2,¿En qué situación clínica se recomienda el uso de Bicarbonato de Sodio?,pH menor a 7.2,pH menor a 6.9,Solo ante hiperpotasemia grave,,pH menor a 6.9
PROC_INT_ENDO_CAD_001_015,int,3,¿Cuál es el parámetro laboratorial principal para definir la resolución de la CAD?,Ausencia de glucosuria,Cierre del Anion Gap / Brecha aniónica,Glucosa menor a 100 mg/dl,,Cierre del Anion Gap / Brecha aniónica
PROC_INT_HTN_DX_001_001,int,1,¿Meta de TA en diabéticos según la ADA?,<120/70 mmHg,<130/80 mmHg,<140/90 mmHg,,<130/80 mmHg
PROC_INT_HTN_DX_001_001,int,2,¿Qué indica el fondo de ojo en HAS?,No tiene utilidad,Daño a órgano blanco crónico,Solo agudeza visual,,Daño a órgano blanco crónico
PROC_INT_HTN_DX_001_001,int,3,¿Cifra para diagnóstico de HAS según NOM-030?,>=130/80 mmHg,>=140/90 mmHg,>=150/95 mmHg,,>=140/90 mmHg
PROC_INT_HTN_DX_001_002,int,1,¿Qué indica el fondo de ojo en HAS?,Daño a órgano blanco crónico,No tiene utilidad,Solo agudeza visual,,Daño a órgano blanco crónico
PROC_INT_HTN_DX_001_002,int,2,¿Meta de TA en diabéticos según la ADA?,<140/90 mmHg,<130/80 mmHg,<120/70 mmHg,,<130/80 mmHg
PROC_INT_HTN_DX_001_002,int,3,¿Cifra para diagnóstico de HAS según NOM-030?,>=140/90 mmHg,>=150/95 mmHg,>=130/80 mmHg,,>=140/90 mmHg
PROC_INT_HTN_DX_001_003,int,1,¿Cifra para diagnóstico de HAS según NOM-030?,>=140/90 mmHg,>=130/80 mmHg,>=150/95 mmHg,,>=140/90 mmHg
PROC_INT_HTN_DX_001_003,int,2,¿Meta de TA en diabéticos según la ADA?,<140/90 mmHg,<120/70 mmHg,<130/80 mmHg,,<130/80 mmHg
PROC_INT_HTN_DX_001_003,int,3,¿Qué indica el fondo de ojo en HAS?,No tiene utilidad,Solo agudeza visual,Daño a órgano blanco crónico,,Daño a órgano blanco crónico
PROC_INT_HTN_DX_001_004,int,1,¿Cifra para diagnóstico de HAS según NOM-030?,>=130/80 mmHg,>=150/95 mmHg,>=140/90 mmHg,,>=140/90 mmHg
PROC_INT_HTN_DX_001_004,int,2,¿Meta de TA en diabéticos según la ADA?,<120/70 mmHg,<130/80 mmHg,<140/90 mmHg,,<130/80 mmHg
PROC_INT_HTN_DX_001_004,int,3,¿Qué indica el fondo de ojo en HAS?,No tiene utilidad,Solo agudeza visual,Daño a órgano blanco crónico,,Daño a órgano blanco crónico
PROC_INT_HTN_DX_001_005,int,1,¿Cifra para diagnóstico de HAS según NOM-030?,>=140/90 mmHg,>=130/80 mmHg,>=150/95 mmHg,,>=140/90 mmHg
PROC_INT_HTN_DX_001_005,int,2,¿Meta de TA en diabéticos según la ADA?,<140/90 mmHg,<130/80 mmHg,<120/70 mmHg,,<130/80 mmHg
PROC_INT_HTN_DX_001_005,int,3,¿Qué indica el fondo de ojo en HAS?,Daño a órgano blanco crónico,Solo agudeza visual,No tiene utilidad,,Daño a órgano blanco crónico
PROC_INT_HTN_DX_001_006,int,1,¿Cifra para diagnóstico de HAS según NOM-030?,>=140/90 mmHg,>=130/80 mmHg,>=150/95 mmHg,,>=140/90 mmHg
PROC_INT_HTN_DX_001_006,int,2,¿Meta de TA en diabéticos según la ADA?,<140/90 mmHg,<130/80 mmHg,<120/70 mmHg,,<130/80 mmHg
PROC_INT_HTN_DX_001_006,int,3,¿Qué indica el fondo de ojo en HAS?,No tiene utilidad,Solo agudeza visual,Daño a órgano blanco crónico,,Daño a órgano blanco crónico
PROC_INT_HTN_DX_001_007,int,1,¿Cifra para diagnóstico de HAS según NOM-030?,>=150/95 mmHg,>=140/90 mmHg,>=130/80 mmHg,,>=140/90 mmHg
PROC_INT_HTN_DX_001_007,int,2,¿Meta de TA en diabéticos según la ADA?,<140/90 mmHg,<130/80 mmHg,<120/70 mmHg,,<130/80 mmHg
PROC_INT_HTN_DX_001_007,int,3,¿Qué indica el fondo de ojo en HAS?,Daño a órgano blanco crónico,No tiene utilidad,Solo agudeza visual,,Daño a órgano blanco crónico
PROC_INT_HTN_DX_001_008,int,1,¿Cifra para diagnóstico de HAS según NOM-030?,>=130/80 mmHg,>=150/95 mmHg,>=140/90 mmHg,,>=140/90 mmHg
PROC_INT_HTN_DX_001_008,int,2,¿Meta de TA en diabéticos según la ADA?,<130/80 mmHg,<120/70 mmHg,<140/90 mmHg,,<130/80 mmHg
PROC_INT_HTN_DX_001_008,int,3,¿Qué indica el fondo de ojo en HAS?,No tiene utilidad,Daño a órgano blanco crónico,Solo agudeza visual,,Daño a órgano blanco crónico
PROC_INT_HTN_DX_001_009,int,1,¿Cifra para diagnóstico de HAS según NOM-030?,>=140/90 mmHg,>=150/95 mmHg,>=130/80 mmHg,,>=140/90 mmHg
PROC_INT_HTN_DX_001_009,int,2,¿Meta de TA en diabéticos según la ADA?,<140/90 mmHg,<120/70 mmHg,<130/80 mmHg,,<130/80 mmHg
PROC_INT_HTN_DX_001_009,int,3,¿Qué indica el fondo de ojo en HAS?,Solo agudeza visual,Daño a órgano blanco crónico,No tiene utilidad,,Daño a órgano blanco crónico
PROC_INT_HTN_DX_001_010,int,1,¿Cifra para diagnóstico de HAS según NOM-030?,>=150/95 mmHg,>=140/90 mmHg,>=130/80 mmHg,,>=140/90 mmHg
PROC_INT_HTN_DX_001_010,int,2,¿Meta de TA en diabéticos según la ADA?,<130/80 mmHg,<120/70 mmHg,<140/90 mmHg,,<130/80 mmHg
PROC_INT_HTN_DX_001_010,int,3,¿Qué indica el fondo de ojo en HAS?,Solo agudeza visual,No tiene utilidad,Daño a órgano blanco crónico,,Daño a órgano blanco crónico
PROC_INT_HTN_DX_001_011,int,1,¿Cifra para diagnóstico de HAS según NOM-030?,>=150/95 mmHg,>=140/90 mmHg,>=130/80 mmHg,,>=140/90 mmHg
PROC_INT_HTN_DX_001_011,int,2,¿Meta de TA en diabéticos según la ADA?,<120/70 mmHg,<130/80 mmHg,<140/90 mmHg,,<130/80 mmHg
PROC_INT_HTN_DX_001_011,int,3,¿Qué indica el fondo de ojo en HAS?,No tiene utilidad,Daño a órgano blanco crónico,Solo agudeza visual,,Daño a órgano blanco crónico
PROC_INT_HTN_DX_001_012,int,1,¿Cifra para diagnóstico de HAS según NOM-030?,>=130/80 mmHg,>=150/95 mmHg,>=140/90 mmHg,,>=140/90 mmHg
PROC_INT_HTN_DX_001_012,int,2,¿Meta de TA en diabéticos según la ADA?,<140/90 mmHg,<130/80 mmHg,<120/70 mmHg,,<130/80 mmHg
PROC_INT_HTN_DX_001_012,int,3,¿Qué indica el fondo de ojo en HAS?,Daño a órgano blanco crónico,Solo agudeza visual,No tiene utilidad,,Daño a órgano blanco crónico
PROC_INT_HTN_DX_001_013,int,1,¿Cifra para diagnóstico de HAS según NOM-030?,>=140/90 mmHg,>=130/80 mmHg,>=150/95 mmHg,,>=140/90 mmHg
PROC_INT_HTN_DX_001_013,int,2,¿Meta de TA en diabéticos según la ADA?,<140/90 mmHg,<120/70 mmHg,<130/80 mmHg,,<130/80 mmHg
PROC_INT_HTN_DX_001_013,int,3,¿Qué indica el fondo de ojo en HAS?,No tiene utilidad,Solo agudeza visual,Daño a órgano blanco crónico,,Daño a órgano blanco crónico
PROC_INT_HTN_DX_001_014,int,1,¿Cifra para diagnóstico de HAS según NOM-030?,>=150/95 mmHg,>=140/90 mmHg,>=130/80 mmHg,,>=140/90 mmHg
PROC_INT_HTN_DX_001_014,int,2,¿Meta de TA en diabéticos según la ADA?,<130/80 mmHg,<140/90 mmHg,<120/70 mmHg,,<130/80 mmHg
PROC_INT_HTN_DX_001_014,int,3,¿Qué indica el fondo de ojo en HAS?,Solo agudeza visual,No tiene utilidad,Daño a órgano blanco crónico,,Daño a órgano blanco crónico
PROC_INT_HTN_DX_001_015,int,1,¿Cifra para diagnóstico de HAS según NOM-030?,>=150/95 mmHg,>=140/90 mmHg,>=130/80 mmHg,,>=140/90 mmHg
PROC_INT_HTN_DX_001_015,int,2,¿Meta de TA en diabéticos según la ADA?,<120/70 mmHg,<140/90 mmHg,<130/80 mmHg,,<130/80 mmHg
PROC_INT_HTN_DX_001_015,int,3,¿Qué indica el fondo de ojo en HAS?,No tiene utilidad,Daño a órgano blanco crónico,Solo agudeza visual,,Daño a órgano blanco crónico
PROC_INT_SCA_IAM_001_001,int,1,¿Cuál es la conducta de reperfusión recomendada si el tiempo estimado para realizar una ICP primaria es mayor a 120 minutos?,Fibrinolisis sistémica inmediata,Esperar el tiempo necesario para ICP,Manejo conservador con nitratos,,Fibrinolisis sistémica inmediata
PROC_INT_SCA_IAM_001_001,int,2,¿Qué hallazgo electrocardiográfico define un IAMCEST según los criterios universales?,Inversión de la onda T en V1-V2,Elevación del ST >= 1 mm en 2 derivadas contiguas,Presencia aislada de ondas Q profundas,,Elevación del ST >= 1 mm en 2 derivadas contiguas
PROC_INT_SCA_IAM_001_001,int,3,¿Cuál es la dosis de carga recomendada de Ácido Acetilsalicílico (Aspirina) en la fase aguda del infarto según la GPC?,300 mg,500 mg,100 mg,,300 mg
PROC_INT_SCA_IAM_001_002,int,1,¿Cuál es el tiempo meta establecido por las guías para la realización e interpretación del ECG?,Menos de 10 minutos,A la brevedad posible sin tiempo límite,Menos de 30 minutos,,Menos de 10 minutos
PROC_INT_SCA_IAM_001_002,int,2,¿Cuál es la estrategia de reperfusión de elección si el hospital cuenta con sala de hemodinamia?,Intervención Coronaria Percutánea (ICP) primaria,Bypass de arteria coronaria urgente,Fibrinólisis farmacológica,,Intervención Coronaria Percutánea (ICP) primaria
PROC_INT_SCA_IAM_001_002,int,3,¿Cuál es la principal causa de muerte prehospitalaria en un paciente con IAM?,Choque cardiogénico,Ruptura de pared libre,Fibrilación Ventricular,,Fibrilación Ventricular
PROC_INT_SCA_IAM_001_003,int,1,¿Cuál es el tiempo meta establecido por las guías para la realización e interpretación del ECG?,A la brevedad posible sin tiempo límite,Menos de 10 minutos,Menos de 30 minutos,,Menos de 10 minutos
PROC_INT_SCA_IAM_001_003,int,2,¿Cuál es la estrategia de reperfusión de elección si el hospital cuenta con sala de hemodinamia?,Fibrinólisis farmacológica,Intervención Coronaria Percutánea (ICP) primaria,Bypass de arteria coronaria urgente,,Intervención Coronaria Percutánea (ICP) primaria
PROC_INT_SCA_IAM_001_003,int,3,¿Cuál es la principal causa de muerte prehospitalaria en un paciente con IAM?,Choque cardiogénico,Fibrilación Ventricular,Ruptura de pared libre,,Fibrilación Ventricular
PROC_INT_SCA_IAM_001_004,int,1,¿Cuál es el tiempo meta establecido por las guías para la realización e interpretación del ECG?,Menos de 10 minutos,Menos de 30 minutos,A la brevedad posible sin tiempo límite,,Menos de 10 minutos
PROC_INT_SCA_IAM_001_004,int,2,¿Cuál es la estrategia de reperfusión de elección si el hospital cuenta con sala de hemodinamia?,Intervención Coronaria Percutánea (ICP) primaria,Fibrinólisis farmacológica,Bypass de arteria coronaria urgente,,Intervención Coronaria Percutánea (ICP) primaria
PROC_INT_SCA_IAM_001_004,int,3,¿Cuál es la principal causa de muerte prehospitalaria en un paciente con IAM?,Choque cardiogénico,Ruptura de pared libre,Fibrilación Ventricular,,Fibrilación Ventricular
PROC_INT_SCA_IAM_001_005,int,1,¿Cuál es el tiempo meta establecido por las guías para la realización e interpretación del ECG?,Menos de 30 minutos,A la brevedad posible sin tiempo límite,Menos de 10 minutos,,Menos de 10 minutos
PROC_INT_SCA_IAM_001_005,int,2,¿Cuál es la estrategia de reperfusión de elección si el hospital cuenta con sala de hemodinamia?,Fibrinólisis farmacológica,Intervención Coronaria Percutánea (ICP) primaria,Bypass de arteria coronaria urgente,,Intervención Coronaria Percutánea (ICP) primaria
PROC_INT_SCA_IAM_001_005,int,3,¿Cuál es la principal causa de muerte prehospitalaria en un paciente con IAM?,Choque cardiogénico,Fibrilación Ventricular,Ruptura de pared libre,,Fibrilación Ventricular
PROC_INT_SCA_IAM_001_006,int,1,¿Cuál es el tiempo meta establecido por las guías para la realización e interpretación del ECG?,A la brevedad posible sin tiempo límite,Menos de 30 minutos,Menos de 10 minutos,,Menos de 10 minutos
PROC_INT_SCA_IAM_001_006,int,2,¿Cuál es la estrategia de reperfusión de elección si el hospital cuenta con sala de hemodinamia?,Intervención Coronaria Percutánea (ICP) primaria,Bypass de arteria coronaria urgente,Fibrinólisis farmacológica,,Intervención Coronaria Percutánea (ICP) primaria
PROC_INT_SCA_IAM_001_006,int,3,¿Cuál es la principal causa de muerte prehospitalaria en un paciente con IAM?,Choque cardiogénico,Ruptura de pared libre,Fibrilación Ventricular,,Fibrilación Ventricular
PROC_INT_SCA_IAM_001_007,int,1,¿Cuál es el tiempo meta establecido por las guías para la realización e interpretación del ECG?,A la brevedad posible sin tiempo límite,Menos de 10 minutos,Menos de 30 minutos,,Menos de 10 minutos
PROC_INT_SCA_IAM_001_007,int,2,¿Cuál es la estrategia de reperfusión de elección si el hospital cuenta con sala de hemodinamia?,Fibrinólisis farmacológica,Intervención Coronaria Percutánea (ICP) primaria,Bypass de arteria coronaria urgente,,Intervención Coronaria Percutánea (ICP) primaria
PROC_INT_SCA_IAM_001_007,int,3,¿Cuál es la principal causa de muerte prehospitalaria en un paciente con IAM?,Choque cardiogénico,Fibrilación Ventricular,Ruptura de pared libre,,Fibrilación Ventricular
PROC_INT_SCA_IAM_001_008,int,1,¿Cuál es el tiempo meta establecido por las guías para la realización e interpretación del ECG?,Menos de 30 minutos,Menos de 10 minutos,A la brevedad posible sin tiempo límite,,Menos de 10 minutos
PROC_INT_SCA_IAM_001_008,int,2,¿Cuál es la estrategia de reperfusión de elección si el hospital cuenta con sala de hemodinamia?,Bypass de arteria coronaria urgente,Intervención Coronaria Percutánea (ICP) primaria,Fibrinólisis farmacológica,,Intervención Coronaria Percutánea (ICP) primaria
PROC_INT_SCA_IAM_001_008,int,3,¿Cuál es la principal causa de muerte prehospitalaria en un paciente con IAM?,Fibrilación Ventricular,Ruptura de pared libre,Choque cardiogénico,,Fibrilación Ventricular
PROC_INT_SCA_IAM_001_009,int,1,¿Cuál es el tiempo meta establecido por las guías para la realización e interpretación del ECG?,Menos de 10 minutos,Menos de 30 minutos,A la brevedad posible sin tiempo límite,,Menos de 10 minutos
PROC_INT_SCA_IAM_001_009,int,2,¿Cuál es la estrategia de reperfusión de elección si el hospital cuenta con sala de hemodinamia?,Fibrinólisis farmacológica,Intervención Coronaria Percutánea (ICP) primaria,Bypass de arteria coronaria urgente,,Intervención Coronaria Percutánea (ICP) primaria
PROC_INT_SCA_IAM_001_009,int,3,¿Cuál es la principal causa de muerte prehospitalaria en un paciente con IAM?,Choque cardiogénico,Ruptura de pared libre,Fibrilación Ventricular,,Fibrilación Ventricular
PROC_INT_SCA_IAM_001_010,int,1,¿Cuál es el tiempo meta establecido por las guías para la realización e interpretación del ECG?,Menos de 30 minutos,Menos de 10 minutos,A la brevedad posible sin tiempo límite,,Menos de 10 minutos
PROC_INT_SCA_IAM_001_010,int,2,¿Cuál es la estrategia de reperfusión de elección si el hospital cuenta con sala de hemodinamia?,Bypass de arteria coronaria urgente,Fibrinólisis farmacológica,Intervención Coronaria Percutánea (ICP) primaria,,Intervención Coronaria Percutánea (ICP) primaria
PROC_INT_SCA_IAM_001_010,int,3,¿Cuál es la principal causa de muerte prehospitalaria en un paciente con IAM?,Ruptura de pared libre,Choque cardiogénico,Fibrilación Ventricular,,Fibrilación Ventricular
PROC_INT_SCA_IAM_001_011,int,1,¿Cuál es el tiempo meta establecido por las guías para la realización e interpretación del ECG?,Menos de 10 minutos,A la brevedad posible sin tiempo límite,Menos de 30 minutos,,Menos de 10 minutos
PROC_INT_SCA_IAM_001_011,int,2,¿Cuál es la estrategia de reperfusión de elección si el hospital cuenta con sala de hemodinamia?,Bypass de arteria coronaria urgente,Intervención Coronaria Percutánea (ICP) primaria,Fibrinólisis farmacológica,,Intervención Coronaria Percutánea (ICP) primaria
PROC_INT_SCA_IAM_001_011,int,3,¿Cuál es la principal causa de muerte prehospitalaria en un paciente con IAM?,Ruptura de pared libre,Choque cardiogénico,Fibrilación Ventricular,,Fibrilación Ventricular
PROC_INT_SCA_IAM_001_012,int,1,¿Cuál es el tiempo meta establecido por las guías para la realización e interpretación del ECG?,Menos de 30 minutos,A la brevedad posible sin tiempo límite,Menos de 10 minutos,,Menos de 10 minutos
PROC_INT_SCA_IAM_001_012,int,2,¿Cuál es la estrategia de reperfusión de elección si el hospital cuenta con sala de hemodinamia?,Fibrinólisis farmacológica,Bypass de arteria coronaria urgente,Intervención Coronaria Percutánea (ICP) primaria,,Intervención Coronaria Percutánea (ICP) primaria
PROC_INT_SCA_IAM_001_012,int,3,¿Cuál es la principal causa de muerte prehospitalaria en un paciente con IAM?,Choque cardiogénico,Fibrilación Ventricular,Ruptura de pared libre,,Fibrilación Ventricular
PROC_INT_SCA_IAM_001_013,int,1,¿Cuál es el tiempo meta establecido por las guías para la realización e interpretación del ECG?,Menos de 30 minutos,A la brevedad posible sin tiempo límite,Menos de 10 minutos,,Menos de 10 minutos
PROC_INT_SCA_IAM_001_013,int,2,¿Cuál es la estrategia de reperfusión de elección si el hospital cuenta con sala de hemodinamia?,Bypass de arteria coronaria urgente,Fibrinólisis farmacológica,Intervención Coronaria Percutánea (ICP) primaria,,Intervención Coronaria Percutánea (ICP) primaria
PROC_INT_SCA_IAM_001_013,int,3,¿Cuál es la principal causa de muerte prehospitalaria en un paciente con IAM?,Choque cardiogénico,Fibrilación Ventricular,Ruptura de pared libre,,Fibrilación Ventricular
PROC_INT_SCA_IAM_001_014,int,1,¿Cuál es el tiempo meta establecido por las guías para la realización e interpretación del ECG?,Menos de 30 minutos,Menos de 10 minutos,A la brevedad posible sin tiempo límite,,Menos de 10 minutos
PROC_INT_SCA_IAM_001_014,int,2,¿Cuál es la estrategia de reperfusión de elección si el hospital cuenta con sala de hemodinamia?,Bypass de arteria coronaria urgente,Intervención Coronaria Percutánea (ICP) primaria,Fibrinólisis farmacológica,,Intervención Coronaria Percutánea (ICP) primaria
PROC_INT_SCA_IAM_001_014,int,3,¿Cuál es la principal causa de muerte prehospitalaria en un paciente con IAM?,Fibrilación Ventricular,Ruptura de pared libre,Choque cardiogénico,,Fibrilación Ventricular
PROC_INT_SCA_IAM_001_015,int,1,¿Cuál es el tiempo meta establecido por las guías para la realización e interpretación del ECG?,Menos de 10 minutos,A la brevedad posible sin tiempo límite,Menos de 30 minutos,,Menos de 10 minutos
PROC_INT_SCA_IAM_001_015,int,2,¿Cuál es la estrategia de reperfusión de elección si el hospital cuenta con sala de hemodinamia?,Bypass de arteria coronaria urgente,Fibrinólisis farmacológica,Intervención Coronaria Percutánea (ICP) primaria,,Intervención Coronaria Percutánea (ICP) primaria
PROC_INT_SCA_IAM_001_015,int,3,¿Cuál es la principal causa de muerte prehospitalaria en un paciente con IAM?,Choque cardiogénico,Fibrilación Ventricular,Ruptura de pared libre,,Fibrilación Ventricular
PROC_INT_TEP_001_001,int,1,Identifique la puntuación de Wells que indica ALTA probabilidad clínica de TEP?,Menor a 2 puntos,Entre 3 y 4 puntos,Mayor a 6 puntos,,Mayor a 6 puntos
PROC_INT_TEP_001_001,int,2,¿Qué estudio de imagen es preferible en una mujer EMBARAZADA con sospecha de TEP ante una radiografía normal?,Arteriografía pulmonar directa,Gammagrafía de ventilación/perfusión (V/Q),AngioTAC (por dosis fetal baja),,Gammagrafía de ventilación/perfusión (V/Q)
PROC_INT_TEP_001_001,int,3,"En este contexto clínico, ¿cuál es el componente de la Triada de Virchow que describe la inmovilidad prolongada?",Lesión endotelial,Hipercoagulabilidad,Estasis venosa,,Estasis venosa
PROC_INT_TEP_001_002,int,1,¿Cuál es el componente de la Triada de Virchow que describe la inmovilidad prolongada?,Lesión endotelial,Estasis venosa,Hipercoagulabilidad,,Estasis venosa
PROC_INT_TEP_001_002,int,2,¿Qué estudio de imagen es preferible en una mujer EMBARAZADA con sospecha de TEP ante una radiografía normal?,AngioTAC (por dosis fetal baja),Gammagrafía de ventilación/perfusión (V/Q),Arteriografía pulmonar directa,,Gammagrafía de ventilación/perfusión (V/Q)
PROC_INT_TEP_001_002,int,3,"En este contexto clínico, ¿cuál es la puntuación de Wells que indica ALTA probabilidad clínica de TEP?",Mayor a 6 puntos,Menor a 2 puntos,Entre 3 y 4 puntos,,Mayor a 6 puntos
PROC_INT_TEP_001_003,int,1,¿Cuál es el componente de la Triada de Virchow que describe la inmovilidad prolongada?,Hipercoagulabilidad,Estasis venosa,Lesión endotelial,,Estasis venosa
PROC_INT_TEP_001_003,int,2,¿Qué estudio de imagen es preferible en una mujer EMBARAZADA con sospecha de TEP ante una radiografía normal?,Gammagrafía de ventilación/perfusión (V/Q),Arteriografía pulmonar directa,AngioTAC (por dosis fetal baja),,Gammagrafía de ventilación/perfusión (V/Q)
PROC_INT_TEP_001_003,int,3,¿Cuál es la puntuación de Wells que indica ALTA probabilidad clínica de TEP?,Entre 3 y 4 puntos,Mayor a 6 puntos,Menor a 2 puntos,,Mayor a 6 puntos
PROC_INT_TEP_001_004,int,1,"De las siguientes opciones, ¿cuál es la puntuación de Wells que indica ALTA probabilidad clínica de TEP?",Entre 3 y 4 puntos,Menor a 2 puntos,Mayor a 6 puntos,,Mayor a 6 puntos
PROC_INT_TEP_001_004,int,2,¿Cuál es el componente de la Triada de Virchow que describe la inmovilidad prolongada?,Estasis venosa,Hipercoagulabilidad,Lesión endotelial,,Estasis venosa
PROC_INT_TEP_001_004,int,3,¿Qué estudio de imagen es preferible en una mujer EMBARAZADA con sospecha de TEP ante una radiografía normal?,Arteriografía pulmonar directa,AngioTAC (por dosis fetal baja),Gammagrafía de ventilación/perfusión (V/Q),,Gammagrafía de ventilación/perfusión (V/Q)
PROC_INT_TEP_001_005,int,1,Identifique la puntuación de Wells que indica ALTA probabilidad clínica de TEP?,Mayor a 6 puntos,Entre 3 y 4 puntos,Menor a 2 puntos,,Mayor a 6 puntos
PROC_INT_TEP_001_005,int,2,¿Qué estudio de imagen es preferible en una mujer EMBARAZADA con sospecha de TEP ante una radiografía normal?,Arteriografía pulmonar directa,AngioTAC (por dosis fetal baja),Gammagrafía de ventilación/perfusión (V/Q),,Gammagrafía de ventilación/perfusión (V/Q)
PROC_INT_TEP_001_005,int,3,¿Cuál es el componente de la Triada de Virchow que describe la inmovilidad prolongada?,Lesión endotelial,Hipercoagulabilidad,Estasis venosa,,Estasis venosa
PROC_INT_TEP_001_006,int,1,¿Cuál es la puntuación de Wells que indica ALTA probabilidad clínica de TEP?,Mayor a 6 puntos,Menor a 2 puntos,Entre 3 y 4 puntos,,Mayor a 6 puntos
PROC_INT_TEP_001_006,int,2,"De las siguientes opciones, ¿cuál es el componente de la Triada de Virchow que describe la inmovilidad prolongada?",Lesión endotelial,Hipercoagulabilidad,Estasis venosa,,Estasis venosa
PROC_INT_TEP_001_006,int,3,¿Qué estudio de imagen es preferible en una mujer EMBARAZADA con sospecha de TEP ante una radiografía normal?,Gammagrafía de ventilación/perfusión (V/Q),Arteriografía pulmonar directa,AngioTAC (por dosis fetal baja),,Gammagrafía de ventilación/perfusión (V/Q)
PROC_INT_TEP_001_007,int,1,¿Qué estudio de imagen es preferible en una mujer EMBARAZADA con sospecha de TEP ante una radiografía normal?,Gammagrafía de ventilación/perfusión (V/Q),AngioTAC (por dosis fetal baja),Arteriografía pulmonar directa,,Gammagrafía de ventilación/perfusión (V/Q)
PROC_INT_TEP_001_007,int,2,¿Cuál es la puntuación de Wells que indica ALTA probabilidad clínica de TEP?,Mayor a 6 puntos,Entre 3 y 4 puntos,Menor a 2 puntos,,Mayor a 6 puntos
PROC_INT_TEP_001_007,int,3,"De las siguientes opciones, ¿cuál es el componente de la Triada de Virchow que describe la inmovilidad prolongada?",Lesión endotelial,Hipercoagulabilidad,Estasis venosa,,Estasis venosa
PROC_INT_TEP_001_008,int,1,¿Qué estudio de imagen es preferible en una mujer EMBARAZADA con sospecha de TEP ante una radiografía normal?,AngioTAC (por dosis fetal baja),Gammagrafía de ventilación/perfusión (V/Q),Arteriografía pulmonar directa,,Gammagrafía de ventilación/perfusión (V/Q)
PROC_INT_TEP_001_008,int,2,"De las siguientes opciones, ¿cuál es la puntuación de Wells que indica ALTA probabilidad clínica de TEP?",Entre 3 y 4 puntos,Menor a 2 puntos,Mayor a 6 puntos,,Mayor a 6 puntos
PROC_INT_TEP_001_008,int,3,¿Cuál es el componente de la Triada de Virchow que describe la inmovilidad prolongada?,Hipercoagulabilidad,Lesión endotelial,Estasis venosa,,Estasis venosa
PROC_INT_TEP_001_009,int,1,"En este contexto clínico, ¿cuál es la puntuación de Wells que indica ALTA probabilidad clínica de TEP?",Entre 3 y 4 puntos,Menor a 2 puntos,Mayor a 6 puntos,,Mayor a 6 puntos
PROC_INT_TEP_001_009,int,2,¿Cuál es el componente de la Triada de Virchow que describe la inmovilidad prolongada?,Hipercoagulabilidad,Estasis venosa,Lesión endotelial,,Estasis venosa
PROC_INT_TEP_001_009,int,3,¿Qué estudio de imagen es preferible en una mujer EMBARAZADA con sospecha de TEP ante una radiografía normal?,Arteriografía pulmonar directa,Gammagrafía de ventilación/perfusión (V/Q),AngioTAC (por dosis fetal baja),,Gammagrafía de ventilación/perfusión (V/Q)
PROC_INT_TEP_001_010,int,1,¿Qué estudio de imagen es preferible en una mujer EMBARAZADA con sospecha de TEP ante una radiografía normal?,AngioTAC (por dosis fetal baja),Arteriografía pulmonar directa,Gammagrafía de ventilación/perfusión (V/Q),,Gammagrafía de ventilación/perfusión (V/Q)
PROC_INT_TEP_001_010,int,2,Identifique la puntuación de Wells que indica ALTA probabilidad clínica de TEP?,Entre 3 y 4 puntos,Mayor a 6 puntos,Menor a 2 puntos,,Mayor a 6 puntos
PROC_INT_TEP_001_010,int,3,Identifique el componente de la Triada de Virchow que describe la inmovilidad prolongada?,Lesión endotelial,Hipercoagulabilidad,Estasis venosa,,Estasis venosa
PROC_INT_TEP_001_011,int,1,Identifique el componente de la Triada de Virchow que describe la inmovilidad prolongada?,Lesión endotelial,Estasis venosa,Hipercoagulabilidad,,Estasis venosa
PROC_INT_TEP_001_011,int,2,¿Qué estudio de imagen es preferible en una mujer EMBARAZADA con sospecha de TEP ante una radiografía normal?,AngioTAC (por dosis fetal baja),Arteriografía pulmonar directa,Gammagrafía de ventilación/perfusión (V/Q),,Gammagrafía de ventilación/perfusión (V/Q)
PROC_INT_TEP_001_011,int,3,¿Cuál es la puntuación de Wells que indica ALTA probabilidad clínica de TEP?,Menor a 2 puntos,Mayor a 6 puntos,Entre 3 y 4 puntos,,Mayor a 6 puntos
PROC_INT_TEP_001_012,int,1,¿Cuál es la puntuación de Wells que indica ALTA probabilidad clínica de TEP?,Entre 3 y 4 puntos,Mayor a 6 puntos,Menor a 2 puntos,,Mayor a 6 puntos
PROC_INT_TEP_001_012,int,2,¿Cuál es el componente de la Triada de Virchow que describe la inmovilidad prolongada?,Hipercoagulabilidad,Estasis venosa,Lesión endotelial,,Estasis venosa
PROC_INT_TEP_001_012,int,3,¿Qué estudio de imagen es preferible en una mujer EMBARAZADA con sospecha de TEP ante una radiografía normal?,Arteriografía pulmonar directa,AngioTAC (por dosis fetal baja),Gammagrafía de ventilación/perfusión (V/Q),,Gammagrafía de ventilación/perfusión (V/Q)
PROC_INT_TEP_001_013,int,1,Identifique el componente de la Triada de Virchow que describe la inmovilidad prolongada?,Hipercoagulabilidad,Lesión endotelial,Estasis venosa,,Estasis venosa
PROC_INT_TEP_001_013,int,2,¿Qué estudio de imagen es preferible en una mujer EMBARAZADA con sospecha de TEP ante una radiografía normal?,Gammagrafía de ventilación/perfusión (V/Q),AngioTAC (por dosis fetal baja),Arteriografía pulmonar directa,,Gammagrafía de ventilación/perfusión (V/Q)
PROC_INT_TEP_001_013,int,3,¿Cuál es la puntuación de Wells que indica ALTA probabilidad clínica de TEP?,Mayor a 6 puntos,Entre 3 y 4 puntos,Menor a 2 puntos,,Mayor a 6 puntos
PROC_INT_TEP_001_014,int,1,¿Cuál es el componente de la Triada de Virchow que describe la inmovilidad prolongada?,Estasis venosa,Lesión endotelial,Hipercoagulabilidad,,Estasis venosa
PROC_INT_TEP_001_014,int,2,¿Cuál es la puntuación de Wells que indica ALTA probabilidad clínica de TEP?,Menor a 2 puntos,Entre 3 y 4 puntos,Mayor a 6 puntos,,Mayor a 6 puntos
PROC_INT_TEP_001_014,int,3,¿Qué estudio de imagen es preferible en una mujer EMBARAZADA con sospecha de TEP ante una radiografía normal?,AngioTAC (por dosis fetal baja),Arteriografía pulmonar directa,Gammagrafía de ventilación/perfusión (V/Q),,Gammagrafía de ventilación/perfusión (V/Q)
PROC_INT_TEP_001_015,int,1,¿Qué estudio de imagen es preferible en una mujer EMBARAZADA con sospecha de TEP ante una radiografía normal?,AngioTAC (por dosis fetal baja),Gammagrafía de ventilación/perfusión (V/Q),Arteriografía pulmonar directa,,Gammagrafía de ventilación/perfusión (V/Q)
PROC_INT_TEP_001_015,int,2,¿Cuál es la puntuación de Wells que indica ALTA probabilidad clínica de TEP?,Mayor a 6 puntos,Entre 3 y 4 puntos,Menor a 2 puntos,,Mayor a 6 puntos
PROC_INT_TEP_001_015,int,3,"En este contexto clínico, ¿cuál es el componente de la Triada de Virchow que describe la inmovilidad prolongada?",Lesión endotelial,Hipercoagulabilidad,Estasis venosa,,Estasis venosa
PROC_NEUR_HEADACHE_THUNDER_001_001,neur,1,"Con respecto a la patología, ¿cuál es la causa no traumática más frecuente de Hemorragia Subaracnoidea?",Angiopatía amiloide,Rotura de aneurisma sacular,Malformación arteriovenosa (MAV),,Rotura de aneurisma sacular
PROC_NEUR_HEADACHE_THUNDER_001_001,neur,2,"En este contexto clínico, ¿cuál es el fármaco de elección para prevenir el vasoespasmo cerebral tras la rotura?",Amlodipino,Nimodipino,Verapamilo,,Nimodipino
PROC_NEUR_HEADACHE_THUNDER_001_001,neur,3,¿Qué hallazgo en el líquido cefalorraquídeo confirma una HSA frente a una punción traumática?,Xantocromía (coloración amarillenta),Presencia de leucocitos PMN,Glucosa muy baja,,Xantocromía (coloración amarillenta)
PROC_NEUR_HEADACHE_THUNDER_001_002,neur,1,¿Cuál es el fármaco de elección para prevenir el vasoespasmo cerebral tras la rotura?,Amlodipino,Verapamilo,Nimodipino,,Nimodipino
PROC_NEUR_HEADACHE_THUNDER_001_002,neur,2,¿Cuál es la causa no traumática más frecuente de Hemorragia Subaracnoidea?,Rotura de aneurisma sacular,Malformación arteriovenosa (MAV),Angiopatía amiloide,,Rotura de aneurisma sacular
PROC_NEUR_HEADACHE_THUNDER_001_002,neur,3,¿Qué hallazgo en el líquido cefalorraquídeo confirma una HSA frente a una punción traumática?,Presencia de leucocitos PMN,Glucosa muy baja,Xantocromía (coloración amarillenta),,Xantocromía (coloración amarillenta)
PROC_NEUR_HEADACHE_THUNDER_001_003,neur,1,¿Cuál es la causa no traumática más frecuente de Hemorragia Subaracnoidea?,Angiopatía amiloide,Rotura de aneurisma sacular,Malformación arteriovenosa (MAV),,Rotura de aneurisma sacular
PROC_NEUR_HEADACHE_THUNDER_001_003,neur,2,¿Qué hallazgo en el líquido cefalorraquídeo confirma una HSA frente a una punción traumática?,Xantocromía (coloración amarillenta),Presencia de leucocitos PMN,Glucosa muy baja,,Xantocromía (coloración amarillenta)
PROC_NEUR_HEADACHE_THUNDER_001_003,neur,3,¿Cuál es el fármaco de elección para prevenir el vasoespasmo cerebral tras la rotura?,Verapamilo,Nimodipino,Amlodipino,,Nimodipino
PROC_NEUR_HEADACHE_THUNDER_001_004,neur,1,¿Cuál es la causa no traumática más frecuente de Hemorragia Subaracnoidea?,Angiopatía amiloide,Malformación arteriovenosa (MAV),Rotura de aneurisma sacular,,Rotura de aneurisma sacular
PROC_NEUR_HEADACHE_THUNDER_001_004,neur,2,¿Qué hallazgo en el líquido cefalorraquídeo confirma una HSA frente a una punción traumática?,Xantocromía (coloración amarillenta),Glucosa muy baja,Presencia de leucocitos PMN,,Xantocromía (coloración amarillenta)
PROC_NEUR_HEADACHE_THUNDER_001_004,neur,3,¿Cuál es el fármaco de elección para prevenir el vasoespasmo cerebral tras la rotura?,Amlodipino,Nimodipino,Verapamilo,,Nimodipino
PROC_NEUR_HEADACHE_THUNDER_001_005,neur,1,¿Cuál es la causa no traumática más frecuente de Hemorragia Subaracnoidea?,Malformación arteriovenosa (MAV),Rotura de aneurisma sacular,Angiopatía amiloide,,Rotura de aneurisma sacular
PROC_NEUR_HEADACHE_THUNDER_001_005,neur,2,¿Qué hallazgo en el líquido cefalorraquídeo confirma una HSA frente a una punción traumática?,Xantocromía (coloración amarillenta),Glucosa muy baja,Presencia de leucocitos PMN,,Xantocromía (coloración amarillenta)
PROC_NEUR_HEADACHE_THUNDER_001_005,neur,3,¿Cuál es el fármaco de elección para prevenir el vasoespasmo cerebral tras la rotura?,Nimodipino,Verapamilo,Amlodipino,,Nimodipino
PROC_NEUR_HEADACHE_THUNDER_001_006,neur,1,¿Cuál es la causa no traumática más frecuente de Hemorragia Subaracnoidea?,Angiopatía amiloide,Rotura de aneurisma sacular,Malformación arteriovenosa (MAV),,Rotura de aneurisma sacular
PROC_NEUR_HEADACHE_THUNDER_001_006,neur,2,¿Qué hallazgo en el líquido cefalorraquídeo confirma una HSA frente a una punción traumática?,Presencia de leucocitos PMN,Xantocromía (coloración amarillenta),Glucosa muy baja,,Xantocromía (coloración amarillenta)
PROC_NEUR_HEADACHE_THUNDER_001_006,neur,3,¿Cuál es el fármaco de elección para prevenir el vasoespasmo cerebral tras la rotura?,Verapamilo,Nimodipino,Amlodipino,,Nimodipino
PROC_NEUR_HEADACHE_THUNDER_001_007,neur,1,¿Cuál es la causa no traumática más frecuente de Hemorragia Subaracnoidea?,Angiopatía amiloide,Malformación arteriovenosa (MAV),Rotura de aneurisma sacular,,Rotura de aneurisma sacular
PROC_NEUR_HEADACHE_THUNDER_001_007,neur,2,¿Qué hallazgo en el líquido cefalorraquídeo confirma una HSA frente a una punción traumática?,Presencia de leucocitos PMN,Glucosa muy baja,Xantocromía (coloración amarillenta),,Xantocromía (coloración amarillenta)
PROC_NEUR_HEADACHE_THUNDER_001_007,neur,3,¿Cuál es el fármaco de elección para prevenir el vasoespasmo cerebral tras la rotura?,Nimodipino,Verapamilo,Amlodipino,,Nimodipino
PROC_NEUR_HEADACHE_THUNDER_001_008,neur,1,¿Cuál es la causa no traumática más frecuente de Hemorragia Subaracnoidea?,Angiopatía amiloide,Rotura de aneurisma sacular,Malformación arteriovenosa (MAV),,Rotura de aneurisma sacular
PROC_NEUR_HEADACHE_THUNDER_001_008,neur,2,¿Qué hallazgo en el líquido cefalorraquídeo confirma una HSA frente a una punción traumática?,Xantocromía (coloración amarillenta),Presencia de leucocitos PMN,Glucosa muy baja,,Xantocromía (coloración amarillenta)
PROC_NEUR_HEADACHE_THUNDER_001_008,neur,3,¿Cuál es el fármaco de elección para prevenir el vasoespasmo cerebral tras la rotura?,Verapamilo,Nimodipino,Amlodipino,,Nimodipino
PROC_NEUR_HEADACHE_THUNDER_001_009,neur,1,¿Cuál es la causa no traumática más frecuente de Hemorragia Subaracnoidea?,Malformación arteriovenosa (MAV),Angiopatía amiloide,Rotura de aneurisma sacular,,Rotura de aneurisma sacular
PROC_NEUR_HEADACHE_THUNDER_001_009,neur,2,¿Qué hallazgo en el líquido cefalorraquídeo confirma una HSA frente a una punción traumática?,Presencia de leucocitos PMN,Xantocromía (coloración amarillenta),Glucosa muy baja,,Xantocromía (coloración amarillenta)
PROC_NEUR_HEADACHE_THUNDER_001_009,neur,3,¿Cuál es el fármaco de elección para prevenir el vasoespasmo cerebral tras la rotura?,Amlodipino,Verapamilo,Nimodipino,,Nimodipino
PROC_NEUR_HEADACHE_THUNDER_001_010,neur,1,¿Cuál es la causa no traumática más frecuente de Hemorragia Subaracnoidea?,Rotura de aneurisma sacular,Angiopatía amiloide,Malformación arteriovenosa (MAV),,Rotura de aneurisma sacular
PROC_NEUR_HEADACHE_THUNDER_001_010,neur,2,¿Qué hallazgo en el líquido cefalorraquídeo confirma una HSA frente a una punción traumática?,Xantocromía (coloración amarillenta),Presencia de leucocitos PMN,Glucosa muy baja,,Xantocromía (coloración amarillenta)
PROC_NEUR_HEADACHE_THUNDER_001_010,neur,3,¿Cuál es el fármaco de elección para prevenir el vasoespasmo cerebral tras la rotura?,Nimodipino,Amlodipino,Verapamilo,,Nimodipino
PROC_NEUR_HEADACHE_THUNDER_001_011,neur,1,¿Cuál es la causa no traumática más frecuente de Hemorragia Subaracnoidea?,Rotura de aneurisma sacular,Angiopatía amiloide,Malformación arteriovenosa (MAV),,Rotura de aneurisma sacular
PROC_NEUR_HEADACHE_THUNDER_001_011,neur,2,¿Qué hallazgo en el líquido cefalorraquídeo confirma una HSA frente a una punción traumática?,Xantocromía (coloración amarillenta),Presencia de leucocitos PMN,Glucosa muy baja,,Xantocromía (coloración amarillenta)
PROC_NEUR_HEADACHE_THUNDER_001_011,neur,3,¿Cuál es el fármaco de elección para prevenir el vasoespasmo cerebral tras la rotura?,Nimodipino,Amlodipino,Verapamilo,,Nimodipino
PROC_NEUR_HEADACHE_THUNDER_001_012,neur,1,¿Cuál es la causa no traumática más frecuente de Hemorragia Subaracnoidea?,Rotura de aneurisma sacular,Angiopatía amiloide,Malformación arteriovenosa (MAV),,Rotura de aneurisma sacular
PROC_NEUR_HEADACHE_THUNDER_001_012,neur,2,¿Qué hallazgo en el líquido cefalorraquídeo confirma una HSA frente a una punción traumática?,Presencia de leucocitos PMN,Xantocromía (coloración amarillenta),Glucosa muy baja,,Xantocromía (coloración amarillenta)
PROC_NEUR_HEADACHE_THUNDER_001_012,neur,3,¿Cuál es el fármaco de elección para prevenir el vasoespasmo cerebral tras la rotura?,Verapamilo,Nimodipino,Amlodipino,,Nimodipino
PROC_NEUR_HEADACHE_THUNDER_001_013,neur,1,¿Cuál es la causa no traumática más frecuente de Hemorragia Subaracnoidea?,Angiopatía amiloide,Rotura de aneurisma sacular,Malformación arteriovenosa (MAV),,Rotura de aneurisma sacular
PROC_NEUR_HEADACHE_THUNDER_001_013,neur,2,¿Qué hallazgo en el líquido cefalorraquídeo confirma una HSA frente a una punción traumática?,Presencia de leucocitos PMN,Xantocromía (coloración amarillenta),Glucosa muy baja,,Xantocromía (coloración amarillenta)
PROC_NEUR_HEADACHE_THUNDER_001_013,neur,3,¿Cuál es el fármaco de elección para prevenir el vasoespasmo cerebral tras la rotura?,Nimodipino,Verapamilo,Amlodipino,,Nimodipino
PROC_NEUR_HEADACHE_THUNDER_001_014,neur,1,¿Cuál es la causa no traumática más frecuente de Hemorragia Subaracnoidea?,Rotura de aneurisma sacular,Malformación arteriovenosa (MAV),Angiopatía amiloide,,Rotura de aneurisma sacular
PROC_NEUR_HEADACHE_THUNDER_001_014,neur,2,¿Qué hallazgo en el líquido cefalorraquídeo confirma una HSA frente a una punción traumática?,Glucosa muy baja,Presencia de leucocitos PMN,Xantocromía (coloración amarillenta),,Xantocromía (coloración amarillenta)
PROC_NEUR_HEADACHE_THUNDER_001_014,neur,3,¿Cuál es el fármaco de elección para prevenir el vasoespasmo cerebral tras la rotura?,Amlodipino,Verapamilo,Nimodipino,,Nimodipino
PROC_NEUR_HEADACHE_THUNDER_001_015,neur,1,¿Cuál es la causa no traumática más frecuente de Hemorragia Subaracnoidea?,Malformación arteriovenosa (MAV),Angiopatía amiloide,Rotura de aneurisma sacular,,Rotura de aneurisma sacular
PROC_NEUR_HEADACHE_THUNDER_001_015,neur,2,¿Qué hallazgo en el líquido cefalorraquídeo confirma una HSA frente a una punción traumática?,Presencia de leucocitos PMN,Xantocromía (coloración amarillenta),Glucosa muy baja,,Xantocromía (coloración amarillenta)
PROC_NEUR_HEADACHE_THUNDER_001_015,neur,3,¿Cuál es el fármaco de elección para prevenir el vasoespasmo cerebral tras la rotura?,Verapamilo,Nimodipino,Amlodipino,,Nimodipino
PROC_NEUR_STROKE_ISCHEMIC_001_001,neur,1,¿Hasta cuántas horas se extiende la ventana terapéutica para rTPA en casos seleccionados?,6 horas,12 horas,4.5 horas,,4.5 horas
PROC_NEUR_STROKE_ISCHEMIC_001_001,neur,2,"En este contexto clínico, ¿cuál es la puntuación máxima de la escala NIHSS (indicadora de severidad extrema)?",42 puntos,100 puntos,15 puntos,,42 puntos
PROC_NEUR_STROKE_ISCHEMIC_001_001,neur,3,"En este contexto clínico, ¿cuál es el valor de glucosa capilar por debajo del cual los síntomas podrían ser un imitador (mimic) del EVC?",Menor a 50 mg/dl,Menor a 100 mg/dl,Mayor a 200 mg/dl,,Menor a 50 mg/dl
PROC_NEUR_STROKE_ISCHEMIC_001_002,neur,1,"Con respecto a la patología, ¿cuál es el valor de glucosa capilar por debajo del cual los síntomas podrían ser un imitador (mimic) del EVC?",Mayor a 200 mg/dl,Menor a 100 mg/dl,Menor a 50 mg/dl,,Menor a 50 mg/dl
PROC_NEUR_STROKE_ISCHEMIC_001_002,neur,2,¿Hasta cuántas horas se extiende la ventana terapéutica para rTPA en casos seleccionados?,12 horas,6 horas,4.5 horas,,4.5 horas
PROC_NEUR_STROKE_ISCHEMIC_001_002,neur,3,¿Cuál es la puntuación máxima de la escala NIHSS (indicadora de severidad extrema)?,15 puntos,42 puntos,100 puntos,,42 puntos
PROC_NEUR_STROKE_ISCHEMIC_001_003,neur,1,¿Cuál es la puntuación máxima de la escala NIHSS (indicadora de severidad extrema)?,100 puntos,15 puntos,42 puntos,,42 puntos
PROC_NEUR_STROKE_ISCHEMIC_001_003,neur,2,¿Hasta cuántas horas se extiende la ventana terapéutica para rTPA en casos seleccionados?,12 horas,6 horas,4.5 horas,,4.5 horas
PROC_NEUR_STROKE_ISCHEMIC_001_003,neur,3,¿Cuál es el valor de glucosa capilar por debajo del cual los síntomas podrían ser un imitador (mimic) del EVC?,Menor a 50 mg/dl,Menor a 100 mg/dl,Mayor a 200 mg/dl,,Menor a 50 mg/dl
PROC_NEUR_STROKE_ISCHEMIC_001_004,neur,1,¿Cuál es la puntuación máxima de la escala NIHSS (indicadora de severidad extrema)?,42 puntos,15 puntos,100 puntos,,42 puntos
PROC_NEUR_STROKE_ISCHEMIC_001_004,neur,2,¿Hasta cuántas horas se extiende la ventana terapéutica para rTPA en casos seleccionados?,4.5 horas,6 horas,12 horas,,4.5 horas
PROC_NEUR_STROKE_ISCHEMIC_001_004,neur,3,¿Cuál es el valor de glucosa capilar por debajo del cual los síntomas podrían ser un imitador (mimic) del EVC?,Menor a 100 mg/dl,Mayor a 200 mg/dl,Menor a 50 mg/dl,,Menor a 50 mg/dl
PROC_NEUR_STROKE_ISCHEMIC_001_005,neur,1,¿Cuál es la puntuación máxima de la escala NIHSS (indicadora de severidad extrema)?,15 puntos,100 puntos,42 puntos,,42 puntos
PROC_NEUR_STROKE_ISCHEMIC_001_005,neur,2,¿Hasta cuántas horas se extiende la ventana terapéutica para rTPA en casos seleccionados?,12 horas,6 horas,4.5 horas,,4.5 horas
PROC_NEUR_STROKE_ISCHEMIC_001_005,neur,3,¿Cuál es el valor de glucosa capilar por debajo del cual los síntomas podrían ser un imitador (mimic) del EVC?,Menor a 50 mg/dl,Menor a 100 mg/dl,Mayor a 200 mg/dl,,Menor a 50 mg/dl
PROC_NEUR_STROKE_ISCHEMIC_001_006,neur,1,¿Cuál es la puntuación máxima de la escala NIHSS (indicadora de severidad extrema)?,100 puntos,42 puntos,15 puntos,,42 puntos
PROC_NEUR_STROKE_ISCHEMIC_001_006,neur,2,¿Hasta cuántas horas se extiende la ventana terapéutica para rTPA en casos seleccionados?,4.5 horas,6 horas,12 horas,,4.5 horas
PROC_NEUR_STROKE_ISCHEMIC_001_006,neur,3,¿Cuál es el valor de glucosa capilar por debajo del cual los síntomas podrían ser un imitador (mimic) del EVC?,Menor a 50 mg/dl,Mayor a 200 mg/dl,Menor a 100 mg/dl,,Menor a 50 mg/dl
PROC_NEUR_STROKE_ISCHEMIC_001_007,neur,1,¿Cuál es la puntuación máxima de la escala NIHSS (indicadora de severidad extrema)?,42 puntos,100 puntos,15 puntos,,42 puntos
PROC_NEUR_STROKE_ISCHEMIC_001_007,neur,2,¿Hasta cuántas horas se extiende la ventana terapéutica para rTPA en casos seleccionados?,12 horas,4.5 horas,6 horas,,4.5 horas
PROC_NEUR_STROKE_ISCHEMIC_001_007,neur,3,¿Cuál es el valor de glucosa capilar por debajo del cual los síntomas podrían ser un imitador (mimic) del EVC?,Menor a 50 mg/dl,Mayor a 200 mg/dl,Menor a 100 mg/dl,,Menor a 50 mg/dl
PROC_NEUR_STROKE_ISCHEMIC_001_008,neur,1,¿Cuál es la puntuación máxima de la escala NIHSS (indicadora de severidad extrema)?,42 puntos,100 puntos,15 puntos,,42 puntos
PROC_NEUR_STROKE_ISCHEMIC_001_008,neur,2,¿Hasta cuántas horas se extiende la ventana terapéutica para rTPA en casos seleccionados?,4.5 horas,6 horas,12 horas,,4.5 horas
PROC_NEUR_STROKE_ISCHEMIC_001_008,neur,3,¿Cuál es el valor de glucosa capilar por debajo del cual los síntomas podrían ser un imitador (mimic) del EVC?,Menor a 50 mg/dl,Menor a 100 mg/dl,Mayor a 200 mg/dl,,Menor a 50 mg/dl
PROC_NEUR_STROKE_ISCHEMIC_001_009,neur,1,¿Cuál es la puntuación máxima de la escala NIHSS (indicadora de severidad extrema)?,15 puntos,100 puntos,42 puntos,,42 puntos
PROC_NEUR_STROKE_ISCHEMIC_001_009,neur,2,¿Hasta cuántas horas se extiende la ventana terapéutica para rTPA en casos seleccionados?,6 horas,12 horas,4.5 horas,,4.5 horas
PROC_NEUR_STROKE_ISCHEMIC_001_009,neur,3,¿Cuál es el valor de glucosa capilar por debajo del cual los síntomas podrían ser un imitador (mimic) del EVC?,Mayor a 200 mg/dl,Menor a 50 mg/dl,Menor a 100 mg/dl,,Menor a 50 mg/dl
PROC_NEUR_STROKE_ISCHEMIC_001_010,neur,1,¿Cuál es la puntuación máxima de la escala NIHSS (indicadora de severidad extrema)?,15 puntos,100 puntos,42 puntos,,42 puntos
PROC_NEUR_STROKE_ISCHEMIC_001_010,neur,2,¿Hasta cuántas horas se extiende la ventana terapéutica para rTPA en casos seleccionados?,12 horas,6 horas,4.5 horas,,4.5 horas
PROC_NEUR_STROKE_ISCHEMIC_001_010,neur,3,¿Cuál es el valor de glucosa capilar por debajo del cual los síntomas podrían ser un imitador (mimic) del EVC?,Mayor a 200 mg/dl,Menor a 50 mg/dl,Menor a 100 mg/dl,,Menor a 50 mg/dl
PROC_NEUR_STROKE_ISCHEMIC_001_011,neur,1,¿Cuál es la puntuación máxima de la escala NIHSS (indicadora de severidad extrema)?,100 puntos,42 puntos,15 puntos,,42 puntos
PROC_NEUR_STROKE_ISCHEMIC_001_011,neur,2,¿Hasta cuántas horas se extiende la ventana terapéutica para rTPA en casos seleccionados?,4.5 horas,12 horas,6 horas,,4.5 horas
PROC_NEUR_STROKE_ISCHEMIC_001_011,neur,3,¿Cuál es el valor de glucosa capilar por debajo del cual los síntomas podrían ser un imitador (mimic) del EVC?,Menor a 50 mg/dl,Menor a 100 mg/dl,Mayor a 200 mg/dl,,Menor a 50 mg/dl
PROC_NEUR_STROKE_ISCHEMIC_001_012,neur,1,¿Cuál es la puntuación máxima de la escala NIHSS (indicadora de severidad extrema)?,100 puntos,15 puntos,42 puntos,,42 puntos
PROC_NEUR_STROKE_ISCHEMIC_001_012,neur,2,¿Hasta cuántas horas se extiende la ventana terapéutica para rTPA en casos seleccionados?,6 horas,12 horas,4.5 horas,,4.5 horas
PROC_NEUR_STROKE_ISCHEMIC_001_012,neur,3,¿Cuál es el valor de glucosa capilar por debajo del cual los síntomas podrían ser un imitador (mimic) del EVC?,Menor a 100 mg/dl,Menor a 50 mg/dl,Mayor a 200 mg/dl,,Menor a 50 mg/dl
PROC_NEUR_STROKE_ISCHEMIC_001_013,neur,1,¿Cuál es la puntuación máxima de la escala NIHSS (indicadora de severidad extrema)?,15 puntos,100 puntos,42 puntos,,42 puntos
PROC_NEUR_STROKE_ISCHEMIC_001_013,neur,2,¿Hasta cuántas horas se extiende la ventana terapéutica para rTPA en casos seleccionados?,6 horas,12 horas,4.5 horas,,4.5 horas
PROC_NEUR_STROKE_ISCHEMIC_001_013,neur,3,¿Cuál es el valor de glucosa capilar por debajo del cual los síntomas podrían ser un imitador (mimic) del EVC?,Menor a 100 mg/dl,Mayor a 200 mg/dl,Menor a 50 mg/dl,,Menor a 50 mg/dl
PROC_NEUR_STROKE_ISCHEMIC_001_014,neur,1,¿Cuál es la puntuación máxima de la escala NIHSS (indicadora de severidad extrema)?,100 puntos,42 puntos,15 puntos,,42 puntos
PROC_NEUR_STROKE_ISCHEMIC_001_014,neur,2,¿Hasta cuántas horas se extiende la ventana terapéutica para rTPA en casos seleccionados?,12 horas,6 horas,4.5 horas,,4.5 horas
PROC_NEUR_STROKE_ISCHEMIC_001_014,neur,3,¿Cuál es el valor de glucosa capilar por debajo del cual los síntomas podrían ser un imitador (mimic) del EVC?,Menor a 50 mg/dl,Mayor a 200 mg/dl,Menor a 100 mg/dl,,Menor a 50 mg/dl
PROC_NEUR_STROKE_ISCHEMIC_001_015,neur,1,¿Cuál es la puntuación máxima de la escala NIHSS (indicadora de severidad extrema)?,100 puntos,15 puntos,42 puntos,,42 puntos
PROC_NEUR_STROKE_ISCHEMIC_001_015,neur,2,¿Hasta cuántas horas se extiende la ventana terapéutica para rTPA en casos seleccionados?,4.5 horas,6 horas,12 horas,,4.5 horas
PROC_NEUR_STROKE_ISCHEMIC_001_015,neur,3,¿Cuál es el valor de glucosa capilar por debajo del cual los síntomas podrían ser un imitador (mimic) del EVC?,Mayor a 200 mg/dl,Menor a 50 mg/dl,Menor a 100 mg/dl,,Menor a 50 mg/dl
PROC_OBG_HEMORRHAGE_HPP_001_001,obg,1,¿Cuál es la maniobra inicial prioritaria ante la sospecha de atonía uterina?,Masaje uterino bimanual,Histerectomía de urgencia,Legrado uterino instrumental,,Masaje uterino bimanual
PROC_OBG_HEMORRHAGE_HPP_001_001,obg,2,¿Cuál es la causa más frecuente de hemorragia posparto inmediata?,Desgarros del canal del parto,Atonía uterina,Retención de restos placentarios,,Atonía uterina
PROC_OBG_HEMORRHAGE_HPP_001_001,obg,3,¿Qué fármaco uterotónico está CONTRAINDICADO en pacientes con hipertensión arterial?,Ergonovina,Misoprostol,Oxitocina,,Ergonovina
PROC_OBG_HEMORRHAGE_HPP_001_002,obg,1,¿Cuál es la causa más frecuente de hemorragia posparto inmediata?,Desgarros del canal del parto,Retención de restos placentarios,Atonía uterina,,Atonía uterina
PROC_OBG_HEMORRHAGE_HPP_001_002,obg,2,¿Cuál es la maniobra inicial prioritaria ante la sospecha de atonía uterina?,Legrado uterino instrumental,Masaje uterino bimanual,Histerectomía de urgencia,,Masaje uterino bimanual
PROC_OBG_HEMORRHAGE_HPP_001_002,obg,3,¿Qué fármaco uterotónico está CONTRAINDICADO en pacientes con hipertensión arterial?,Oxitocina,Misoprostol,Ergonovina,,Ergonovina
PROC_OBG_HEMORRHAGE_HPP_001_003,obg,1,¿Cuál es la causa más frecuente de hemorragia posparto inmediata?,Retención de restos placentarios,Atonía uterina,Desgarros del canal del parto,,Atonía uterina
PROC_OBG_HEMORRHAGE_HPP_001_003,obg,2,¿Cuál es la maniobra inicial prioritaria ante la sospecha de atonía uterina?,Masaje uterino bimanual,Histerectomía de urgencia,Legrado uterino instrumental,,Masaje uterino bimanual
PROC_OBG_HEMORRHAGE_HPP_001_003,obg,3,¿Qué fármaco uterotónico está CONTRAINDICADO en pacientes con hipertensión arterial?,Oxitocina,Misoprostol,Ergonovina,,Ergonovina
PROC_OBG_HEMORRHAGE_HPP_001_004,obg,1,¿Cuál es la causa más frecuente de hemorragia posparto inmediata?,Desgarros del canal del parto,Retención de restos placentarios,Atonía uterina,,Atonía uterina
PROC_OBG_HEMORRHAGE_HPP_001_004,obg,2,¿Cuál es la maniobra inicial prioritaria ante la sospecha de atonía uterina?,Legrado uterino instrumental,Masaje uterino bimanual,Histerectomía de urgencia,,Masaje uterino bimanual
PROC_OBG_HEMORRHAGE_HPP_001_004,obg,3,¿Qué fármaco uterotónico está CONTRAINDICADO en pacientes con hipertensión arterial?,Oxitocina,Misoprostol,Ergonovina,,Ergonovina
PROC_OBG_HEMORRHAGE_HPP_001_005,obg,1,¿Cuál es la causa más frecuente de hemorragia posparto inmediata?,Retención de restos placentarios,Atonía uterina,Desgarros del canal del parto,,Atonía uterina
PROC_OBG_HEMORRHAGE_HPP_001_005,obg,2,¿Cuál es la maniobra inicial prioritaria ante la sospecha de atonía uterina?,Histerectomía de urgencia,Legrado uterino instrumental,Masaje uterino bimanual,,Masaje uterino bimanual
PROC_OBG_HEMORRHAGE_HPP_001_005,obg,3,¿Qué fármaco uterotónico está CONTRAINDICADO en pacientes con hipertensión arterial?,Oxitocina,Ergonovina,Misoprostol,,Ergonovina
PROC_OBS_GDM_DX_001_001,obs,1,¿Cuál es el valor diagnóstico de glucosa en AYUNO para Diabetes Gestacional en la estrategia de Un Paso (75g)?,>=126 mg/dl,>=92 mg/dl,>=140 mg/dl,,>=92 mg/dl
PROC_OBS_GDM_DX_001_001,obs,2,¿Cuál es el fármaco de primera elección cuando el manejo nutricional no logra las metas de control?,Glibenclamida,Insulina,Metformina,,Insulina
PROC_OBS_GDM_DX_001_001,obs,3,¿En qué semanas de gestación se recomienda realizar el tamizaje de Diabetes Gestacional?,32 a 36 semanas,12 a 16 semanas,24 a 28 semanas,,24 a 28 semanas
PROC_OBS_GDM_DX_001_002,obs,1,¿Cuál es el valor diagnóstico de glucosa en AYUNO para Diabetes Gestacional en la estrategia de Un Paso (75g)?,>=126 mg/dl,>=92 mg/dl,>=140 mg/dl,,>=92 mg/dl
PROC_OBS_GDM_DX_001_002,obs,2,¿En qué semanas de gestación se recomienda realizar el tamizaje de Diabetes Gestacional?,24 a 28 semanas,32 a 36 semanas,12 a 16 semanas,,24 a 28 semanas
PROC_OBS_GDM_DX_001_002,obs,3,¿Cuál es el fármaco de primera elección cuando el manejo nutricional no logra las metas de control?,Insulina,Metformina,Glibenclamida,,Insulina
PROC_OBS_GDM_DX_001_003,obs,1,¿Cuál es el fármaco de primera elección cuando el manejo nutricional no logra las metas de control?,Metformina,Insulina,Glibenclamida,,Insulina
PROC_OBS_GDM_DX_001_003,obs,2,¿En qué semanas de gestación se recomienda realizar el tamizaje de Diabetes Gestacional?,24 a 28 semanas,12 a 16 semanas,32 a 36 semanas,,24 a 28 semanas
PROC_OBS_GDM_DX_001_003,obs,3,¿Cuál es el valor diagnóstico de glucosa en AYUNO para Diabetes Gestacional en la estrategia de Un Paso (75g)?,>=126 mg/dl,>=92 mg/dl,>=140 mg/dl,,>=92 mg/dl
PROC_OBS_GDM_DX_001_004,obs,1,"Con respecto a la patología, ¿cuál es el valor diagnóstico de glucosa en AYUNO para Diabetes Gestacional en la estrategia de Un Paso (75g)?",>=140 mg/dl,>=92 mg/dl,>=126 mg/dl,,>=92 mg/dl
PROC_OBS_GDM_DX_001_004,obs,2,"De las siguientes opciones, ¿cuál es el fármaco de primera elección cuando el manejo nutricional no logra las metas de control?",Glibenclamida,Insulina,Metformina,,Insulina
PROC_OBS_GDM_DX_001_004,obs,3,¿En qué semanas de gestación se recomienda realizar el tamizaje de Diabetes Gestacional?,12 a 16 semanas,24 a 28 semanas,32 a 36 semanas,,24 a 28 semanas
PROC_OBS_GDM_DX_001_005,obs,1,"Con respecto a la patología, ¿cuál es el valor diagnóstico de glucosa en AYUNO para Diabetes Gestacional en la estrategia de Un Paso (75g)?",>=126 mg/dl,>=140 mg/dl,>=92 mg/dl,,>=92 mg/dl
PROC_OBS_GDM_DX_001_005,obs,2,"En este contexto clínico, ¿cuál es el fármaco de primera elección cuando el manejo nutricional no logra las metas de control?",Glibenclamida,Insulina,Metformina,,Insulina
PROC_OBS_GDM_DX_001_005,obs,3,¿En qué semanas de gestación se recomienda realizar el tamizaje de Diabetes Gestacional?,12 a 16 semanas,32 a 36 semanas,24 a 28 semanas,,24 a 28 semanas
PROC_OBS_GDM_DX_001_006,obs,1,¿Cuál es el valor diagnóstico de glucosa en AYUNO para Diabetes Gestacional en la estrategia de Un Paso (75g)?,>=92 mg/dl,>=126 mg/dl,>=140 mg/dl,,>=92 mg/dl
PROC_OBS_GDM_DX_001_006,obs,2,¿Cuál es el fármaco de primera elección cuando el manejo nutricional no logra las metas de control?,Metformina,Insulina,Glibenclamida,,Insulina
PROC_OBS_GDM_DX_001_006,obs,3,¿En qué semanas de gestación se recomienda realizar el tamizaje de Diabetes Gestacional?,32 a 36 semanas,12 a 16 semanas,24 a 28 semanas,,24 a 28 semanas
PROC_OBS_GDM_DX_001_007,obs,1,¿En qué semanas de gestación se recomienda realizar el tamizaje de Diabetes Gestacional?,12 a 16 semanas,32 a 36 semanas,24 a 28 semanas,,24 a 28 semanas
PROC_OBS_GDM_DX_001_007,obs,2,Identifique el fármaco de primera elección cuando el manejo nutricional no logra las metas de control?,Metformina,Glibenclamida,Insulina,,Insulina
PROC_OBS_GDM_DX_001_007,obs,3,¿Cuál es el valor diagnóstico de glucosa en AYUNO para Diabetes Gestacional en la estrategia de Un Paso (75g)?,>=140 mg/dl,>=92 mg/dl,>=126 mg/dl,,>=92 mg/dl
PROC_OBS_GDM_DX_001_008,obs,1,¿En qué semanas de gestación se recomienda realizar el tamizaje de Diabetes Gestacional?,12 a 16 semanas,32 a 36 semanas,24 a 28 semanas,,24 a 28 semanas
PROC_OBS_GDM_DX_001_008,obs,2,Identifique el valor diagnóstico de glucosa en AYUNO para Diabetes Gestacional en la estrategia de Un Paso (75g)?,>=126 mg/dl,>=140 mg/dl,>=92 mg/dl,,>=92 mg/dl
PROC_OBS_GDM_DX_001_008,obs,3,¿Cuál es el fármaco de primera elección cuando el manejo nutricional no logra las metas de control?,Metformina,Glibenclamida,Insulina,,Insulina
PROC_OBS_GDM_DX_001_009,obs,1,¿En qué semanas de gestación se recomienda realizar el tamizaje de Diabetes Gestacional?,24 a 28 semanas,32 a 36 semanas,12 a 16 semanas,,24 a 28 semanas
PROC_OBS_GDM_DX_001_009,obs,2,Identifique el valor diagnóstico de glucosa en AYUNO para Diabetes Gestacional en la estrategia de Un Paso (75g)?,>=140 mg/dl,>=92 mg/dl,>=126 mg/dl,,>=92 mg/dl
PROC_OBS_GDM_DX_001_009,obs,3,Identifique el fármaco de primera elección cuando el manejo nutricional no logra las metas de control?,Metformina,Glibenclamida,Insulina,,Insulina
PROC_OBS_GDM_DX_001_010,obs,1,¿Cuál es el valor diagnóstico de glucosa en AYUNO para Diabetes Gestacional en la estrategia de Un Paso (75g)?,>=92 mg/dl,>=140 mg/dl,>=126 mg/dl,,>=92 mg/dl
PROC_OBS_GDM_DX_001_010,obs,2,¿Cuál es el fármaco de primera elección cuando el manejo nutricional no logra las metas de control?,Insulina,Glibenclamida,Metformina,,Insulina
PROC_OBS_GDM_DX_001_010,obs,3,¿En qué semanas de gestación se recomienda realizar el tamizaje de Diabetes Gestacional?,24 a 28 semanas,32 a 36 semanas,12 a 16 semanas,,24 a 28 semanas
PROC_OBS_GDM_DX_001_011,obs,1,¿Cuál es el fármaco de primera elección cuando el manejo nutricional no logra las metas de control?,Insulina,Glibenclamida,Metformina,,Insulina
PROC_OBS_GDM_DX_001_011,obs,2,¿En qué semanas de gestación se recomienda realizar el tamizaje de Diabetes Gestacional?,24 a 28 semanas,32 a 36 semanas,12 a 16 semanas,,24 a 28 semanas
PROC_OBS_GDM_DX_001_011,obs,3,"De las siguientes opciones, ¿cuál es el valor diagnóstico de glucosa en AYUNO para Diabetes Gestacional en la estrategia de Un Paso (75g)?",>=140 mg/dl,>=92 mg/dl,>=126 mg/dl,,>=92 mg/dl
PROC_OBS_GDM_DX_001_012,obs,1,"De las siguientes opciones, ¿cuál es el valor diagnóstico de glucosa en AYUNO para Diabetes Gestacional en la estrategia de Un Paso (75g)?",>=126 mg/dl,>=140 mg/dl,>=92 mg/dl,,>=92 mg/dl
PROC_OBS_GDM_DX_001_012,obs,2,"De las siguientes opciones, ¿cuál es el fármaco de primera elección cuando el manejo nutricional no logra las metas de control?",Insulina,Glibenclamida,Metformina,,Insulina
PROC_OBS_GDM_DX_001_012,obs,3,¿En qué semanas de gestación se recomienda realizar el tamizaje de Diabetes Gestacional?,12 a 16 semanas,32 a 36 semanas,24 a 28 semanas,,24 a 28 semanas
PROC_OBS_GDM_DX_001_013,obs,1,¿Cuál es el fármaco de primera elección cuando el manejo nutricional no logra las metas de control?,Glibenclamida,Insulina,Metformina,,Insulina
PROC_OBS_GDM_DX_001_013,obs,2,¿En qué semanas de gestación se recomienda realizar el tamizaje de Diabetes Gestacional?,24 a 28 semanas,12 a 16 semanas,32 a 36 semanas,,24 a 28 semanas
PROC_OBS_GDM_DX_001_013,obs,3,¿Cuál es el valor diagnóstico de glucosa en AYUNO para Diabetes Gestacional en la estrategia de Un Paso (75g)?,>=140 mg/dl,>=126 mg/dl,>=92 mg/dl,,>=92 mg/dl
PROC_OBS_GDM_DX_001_014,obs,1,¿Cuál es el fármaco de primera elección cuando el manejo nutricional no logra las metas de control?,Metformina,Glibenclamida,Insulina,,Insulina
PROC_OBS_GDM_DX_001_014,obs,2,¿En qué semanas de gestación se recomienda realizar el tamizaje de Diabetes Gestacional?,32 a 36 semanas,12 a 16 semanas,24 a 28 semanas,,24 a 28 semanas
PROC_OBS_GDM_DX_001_014,obs,3,¿Cuál es el valor diagnóstico de glucosa en AYUNO para Diabetes Gestacional en la estrategia de Un Paso (75g)?,>=140 mg/dl,>=126 mg/dl,>=92 mg/dl,,>=92 mg/dl
PROC_OBS_GDM_DX_001_015,obs,1,¿Cuál es el fármaco de primera elección cuando el manejo nutricional no logra las metas de control?,Metformina,Glibenclamida,Insulina,,Insulina
PROC_OBS_GDM_DX_001_015,obs,2,¿En qué semanas de gestación se recomienda realizar el tamizaje de Diabetes Gestacional?,24 a 28 semanas,12 a 16 semanas,32 a 36 semanas,,24 a 28 semanas
PROC_OBS_GDM_DX_001_015,obs,3,¿Cuál es el valor diagnóstico de glucosa en AYUNO para Diabetes Gestacional en la estrategia de Un Paso (75g)?,>=126 mg/dl,>=92 mg/dl,>=140 mg/dl,,>=92 mg/dl
PROC_OBS_HEMORRHAGE_DPPNI_001_001,obs,1,"De las siguientes opciones, ¿cuál es la complicación hematológica más grave asociada al DPPNI?",Coagulación Intravascular Diseminada (CID),Anemia ferropénica severa,Trombocitosis reactiva,,Coagulación Intravascular Diseminada (CID)
PROC_OBS_HEMORRHAGE_DPPNI_001_001,obs,2,"En este contexto clínico, ¿cuál es el factor de riesgo más importante para presentar DPPNI?",Hipertensión Arterial / Preeclampsia,Diabetes Gestacional,Edad materna avanzada,,Hipertensión Arterial / Preeclampsia
PROC_OBS_HEMORRHAGE_DPPNI_001_001,obs,3,¿Qué hallazgo quirúrgico define al Útero de Couvelaire?,Acretismo placentario focal,Infiltración de sangre en el miometrio,Ruptura de la serosa uterina,,Infiltración de sangre en el miometrio
PROC_OBS_HEMORRHAGE_DPPNI_001_002,obs,1,¿Qué hallazgo quirúrgico define al Útero de Couvelaire?,Acretismo placentario focal,Infiltración de sangre en el miometrio,Ruptura de la serosa uterina,,Infiltración de sangre en el miometrio
PROC_OBS_HEMORRHAGE_DPPNI_001_002,obs,2,"De las siguientes opciones, ¿cuál es la complicación hematológica más grave asociada al DPPNI?",Trombocitosis reactiva,Anemia ferropénica severa,Coagulación Intravascular Diseminada (CID),,Coagulación Intravascular Diseminada (CID)
PROC_OBS_HEMORRHAGE_DPPNI_001_002,obs,3,¿Cuál es el factor de riesgo más importante para presentar DPPNI?,Hipertensión Arterial / Preeclampsia,Edad materna avanzada,Diabetes Gestacional,,Hipertensión Arterial / Preeclampsia
PROC_OBS_HEMORRHAGE_DPPNI_001_003,obs,1,¿Qué hallazgo quirúrgico define al Útero de Couvelaire?,Ruptura de la serosa uterina,Infiltración de sangre en el miometrio,Acretismo placentario focal,,Infiltración de sangre en el miometrio
PROC_OBS_HEMORRHAGE_DPPNI_001_003,obs,2,"De las siguientes opciones, ¿cuál es el factor de riesgo más importante para presentar DPPNI?",Edad materna avanzada,Diabetes Gestacional,Hipertensión Arterial / Preeclampsia,,Hipertensión Arterial / Preeclampsia
PROC_OBS_HEMORRHAGE_DPPNI_001_003,obs,3,"De las siguientes opciones, ¿cuál es la complicación hematológica más grave asociada al DPPNI?",Trombocitosis reactiva,Anemia ferropénica severa,Coagulación Intravascular Diseminada (CID),,Coagulación Intravascular Diseminada (CID)
PROC_OBS_HEMORRHAGE_DPPNI_001_004,obs,1,¿Qué hallazgo quirúrgico define al Útero de Couvelaire?,Infiltración de sangre en el miometrio,Acretismo placentario focal,Ruptura de la serosa uterina,,Infiltración de sangre en el miometrio
PROC_OBS_HEMORRHAGE_DPPNI_001_004,obs,2,¿Cuál es la complicación hematológica más grave asociada al DPPNI?,Trombocitosis reactiva,Anemia ferropénica severa,Coagulación Intravascular Diseminada (CID),,Coagulación Intravascular Diseminada (CID)
PROC_OBS_HEMORRHAGE_DPPNI_001_004,obs,3,¿Cuál es el factor de riesgo más importante para presentar DPPNI?,Edad materna avanzada,Diabetes Gestacional,Hipertensión Arterial / Preeclampsia,,Hipertensión Arterial / Preeclampsia
PROC_OBS_HEMORRHAGE_DPPNI_001_005,obs,1,¿Qué hallazgo quirúrgico define al Útero de Couvelaire?,Acretismo placentario focal,Ruptura de la serosa uterina,Infiltración de sangre en el miometrio,,Infiltración de sangre en el miometrio
PROC_OBS_HEMORRHAGE_DPPNI_001_005,obs,2,¿Cuál es la complicación hematológica más grave asociada al DPPNI?,Anemia ferropénica severa,Trombocitosis reactiva,Coagulación Intravascular Diseminada (CID),,Coagulación Intravascular Diseminada (CID)
PROC_OBS_HEMORRHAGE_DPPNI_001_005,obs,3,"De las siguientes opciones, ¿cuál es el factor de riesgo más importante para presentar DPPNI?",Edad materna avanzada,Hipertensión Arterial / Preeclampsia,Diabetes Gestacional,,Hipertensión Arterial / Preeclampsia
PROC_OBS_HEMORRHAGE_DPPNI_001_006,obs,1,¿Cuál es el factor de riesgo más importante para presentar DPPNI?,Hipertensión Arterial / Preeclampsia,Diabetes Gestacional,Edad materna avanzada,,Hipertensión Arterial / Preeclampsia
PROC_OBS_HEMORRHAGE_DPPNI_001_006,obs,2,"En este contexto clínico, ¿cuál es la complicación hematológica más grave asociada al DPPNI?",Trombocitosis reactiva,Coagulación Intravascular Diseminada (CID),Anemia ferropénica severa,,Coagulación Intravascular Diseminada (CID)
PROC_OBS_HEMORRHAGE_DPPNI_001_006,obs,3,¿Qué hallazgo quirúrgico define al Útero de Couvelaire?,Acretismo placentario focal,Infiltración de sangre en el miometrio,Ruptura de la serosa uterina,,Infiltración de sangre en el miometrio
PROC_OBS_HEMORRHAGE_DPPNI_001_007,obs,1,¿Cuál es la complicación hematológica más grave asociada al DPPNI?,Coagulación Intravascular Diseminada (CID),Trombocitosis reactiva,Anemia ferropénica severa,,Coagulación Intravascular Diseminada (CID)
PROC_OBS_HEMORRHAGE_DPPNI_001_007,obs,2,¿Cuál es el factor de riesgo más importante para presentar DPPNI?,Diabetes Gestacional,Edad materna avanzada,Hipertensión Arterial / Preeclampsia,,Hipertensión Arterial / Preeclampsia
PROC_OBS_HEMORRHAGE_DPPNI_001_007,obs,3,¿Qué hallazgo quirúrgico define al Útero de Couvelaire?,Infiltración de sangre en el miometrio,Ruptura de la serosa uterina,Acretismo placentario focal,,Infiltración de sangre en el miometrio
PROC_OBS_HEMORRHAGE_DPPNI_001_008,obs,1,¿Qué hallazgo quirúrgico define al Útero de Couvelaire?,Infiltración de sangre en el miometrio,Ruptura de la serosa uterina,Acretismo placentario focal,,Infiltración de sangre en el miometrio
PROC_OBS_HEMORRHAGE_DPPNI_001_008,obs,2,"En este contexto clínico, ¿cuál es la complicación hematológica más grave asociada al DPPNI?",Coagulación Intravascular Diseminada (CID),Trombocitosis reactiva,Anemia ferropénica severa,,Coagulación Intravascular Diseminada (CID)
PROC_OBS_HEMORRHAGE_DPPNI_001_008,obs,3,¿Cuál es el factor de riesgo más importante para presentar DPPNI?,Diabetes Gestacional,Hipertensión Arterial / Preeclampsia,Edad materna avanzada,,Hipertensión Arterial / Preeclampsia
PROC_OBS_HEMORRHAGE_DPPNI_001_009,obs,1,¿Qué hallazgo quirúrgico define al Útero de Couvelaire?,Infiltración de sangre en el miometrio,Acretismo placentario focal,Ruptura de la serosa uterina,,Infiltración de sangre en el miometrio
PROC_OBS_HEMORRHAGE_DPPNI_001_009,obs,2,¿Cuál es la complicación hematológica más grave asociada al DPPNI?,Coagulación Intravascular Diseminada (CID),Trombocitosis reactiva,Anemia ferropénica severa,,Coagulación Intravascular Diseminada (CID)
PROC_OBS_HEMORRHAGE_DPPNI_001_009,obs,3,"Con respecto a la patología, ¿cuál es el factor de riesgo más importante para presentar DPPNI?",Edad materna avanzada,Diabetes Gestacional,Hipertensión Arterial / Preeclampsia,,Hipertensión Arterial / Preeclampsia
PROC_OBS_HEMORRHAGE_DPPNI_001_010,obs,1,¿Qué hallazgo quirúrgico define al Útero de Couvelaire?,Acretismo placentario focal,Infiltración de sangre en el miometrio,Ruptura de la serosa uterina,,Infiltración de sangre en el miometrio
PROC_OBS_HEMORRHAGE_DPPNI_001_010,obs,2,Identifique la complicación hematológica más grave asociada al DPPNI?,Trombocitosis reactiva,Coagulación Intravascular Diseminada (CID),Anemia ferropénica severa,,Coagulación Intravascular Diseminada (CID)
PROC_OBS_HEMORRHAGE_DPPNI_001_010,obs,3,"Con respecto a la patología, ¿cuál es el factor de riesgo más importante para presentar DPPNI?",Edad materna avanzada,Diabetes Gestacional,Hipertensión Arterial / Preeclampsia,,Hipertensión Arterial / Preeclampsia
PROC_OBS_HEMORRHAGE_DPPNI_001_011,obs,1,¿Cuál es el factor de riesgo más importante para presentar DPPNI?,Edad materna avanzada,Diabetes Gestacional,Hipertensión Arterial / Preeclampsia,,Hipertensión Arterial / Preeclampsia
PROC_OBS_HEMORRHAGE_DPPNI_001_011,obs,2,"En este contexto clínico, ¿cuál es la complicación hematológica más grave asociada al DPPNI?",Coagulación Intravascular Diseminada (CID),Trombocitosis reactiva,Anemia ferropénica severa,,Coagulación Intravascular Diseminada (CID)
PROC_OBS_HEMORRHAGE_DPPNI_001_011,obs,3,¿Qué hallazgo quirúrgico define al Útero de Couvelaire?,Acretismo placentario focal,Ruptura de la serosa uterina,Infiltración de sangre en el miometrio,,Infiltración de sangre en el miometrio
PROC_OBS_HEMORRHAGE_DPPNI_001_012,obs,1,¿Cuál es la complicación hematológica más grave asociada al DPPNI?,Anemia ferropénica severa,Coagulación Intravascular Diseminada (CID),Trombocitosis reactiva,,Coagulación Intravascular Diseminada (CID)
PROC_OBS_HEMORRHAGE_DPPNI_001_012,obs,2,¿Cuál es el factor de riesgo más importante para presentar DPPNI?,Diabetes Gestacional,Hipertensión Arterial / Preeclampsia,Edad materna avanzada,,Hipertensión Arterial / Preeclampsia
PROC_OBS_HEMORRHAGE_DPPNI_001_012,obs,3,¿Qué hallazgo quirúrgico define al Útero de Couvelaire?,Acretismo placentario focal,Ruptura de la serosa uterina,Infiltración de sangre en el miometrio,,Infiltración de sangre en el miometrio
PROC_OBS_HEMORRHAGE_DPPNI_001_013,obs,1,¿Qué hallazgo quirúrgico define al Útero de Couvelaire?,Acretismo placentario focal,Ruptura de la serosa uterina,Infiltración de sangre en el miometrio,,Infiltración de sangre en el miometrio
PROC_OBS_HEMORRHAGE_DPPNI_001_013,obs,2,¿Cuál es la complicación hematológica más grave asociada al DPPNI?,Coagulación Intravascular Diseminada (CID),Trombocitosis reactiva,Anemia ferropénica severa,,Coagulación Intravascular Diseminada (CID)
PROC_OBS_HEMORRHAGE_DPPNI_001_013,obs,3,¿Cuál es el factor de riesgo más importante para presentar DPPNI?,Diabetes Gestacional,Edad materna avanzada,Hipertensión Arterial / Preeclampsia,,Hipertensión Arterial / Preeclampsia
PROC_OBS_HEMORRHAGE_DPPNI_001_014,obs,1,¿Qué hallazgo quirúrgico define al Útero de Couvelaire?,Acretismo placentario focal,Infiltración de sangre en el miometrio,Ruptura de la serosa uterina,,Infiltración de sangre en el miometrio
PROC_OBS_HEMORRHAGE_DPPNI_001_014,obs,2,"De las siguientes opciones, ¿cuál es la complicación hematológica más grave asociada al DPPNI?",Trombocitosis reactiva,Coagulación Intravascular Diseminada (CID),Anemia ferropénica severa,,Coagulación Intravascular Diseminada (CID)
PROC_OBS_HEMORRHAGE_DPPNI_001_014,obs,3,¿Cuál es el factor de riesgo más importante para presentar DPPNI?,Edad materna avanzada,Hipertensión Arterial / Preeclampsia,Diabetes Gestacional,,Hipertensión Arterial / Preeclampsia
PROC_OBS_HEMORRHAGE_DPPNI_001_015,obs,1,¿Qué hallazgo quirúrgico define al Útero de Couvelaire?,Ruptura de la serosa uterina,Infiltración de sangre en el miometrio,Acretismo placentario focal,,Infiltración de sangre en el miometrio
PROC_OBS_HEMORRHAGE_DPPNI_001_015,obs,2,"De las siguientes opciones, ¿cuál es el factor de riesgo más importante para presentar DPPNI?",Edad materna avanzada,Diabetes Gestacional,Hipertensión Arterial / Preeclampsia,,Hipertensión Arterial / Preeclampsia
PROC_OBS_HEMORRHAGE_DPPNI_001_015,obs,3,¿Cuál es la complicación hematológica más grave asociada al DPPNI?,Trombocitosis reactiva,Coagulación Intravascular Diseminada (CID),Anemia ferropénica severa,,Coagulación Intravascular Diseminada (CID)
PROC_OBS_HEM_ABORTION_001_001,obs,1,"En este contexto clínico, ¿cuál es la definición cronológica del aborto según la norma oficial mexicana?",Antes de la semana 20 de gestación,Antes de la semana 12 de gestación,Antes de la semana 28 de gestación,,Antes de la semana 20 de gestación
PROC_OBS_HEM_ABORTION_001_001,obs,2,¿Cuál es el tratamiento quirúrgico de elección en una paciente con aborto incompleto estable y útero de 10 semanas?,LUI (Legrado uterino),AMEU (Aspiración endouterina),Histerectomía,,AMEU (Aspiración endouterina)
PROC_OBS_HEM_ABORTION_001_001,obs,3,¿Qué hallazgo clínico diferencia el aborto incompleto de la amenaza de aborto?,Aparición de dolor abdominal,Hemorragia transvaginal,Dilatación cervical (cérvix abierto),,Dilatación cervical (cérvix abierto)
PROC_OBS_HEM_ABORTION_001_002,obs,1,¿Qué hallazgo clínico diferencia el aborto incompleto de la amenaza de aborto?,Dilatación cervical (cérvix abierto),Aparición de dolor abdominal,Hemorragia transvaginal,,Dilatación cervical (cérvix abierto)
PROC_OBS_HEM_ABORTION_001_002,obs,2,"Con respecto a la patología, ¿cuál es la definición cronológica del aborto según la norma oficial mexicana?",Antes de la semana 20 de gestación,Antes de la semana 12 de gestación,Antes de la semana 28 de gestación,,Antes de la semana 20 de gestación
PROC_OBS_HEM_ABORTION_001_002,obs,3,¿Cuál es el tratamiento quirúrgico de elección en una paciente con aborto incompleto estable y útero de 10 semanas?,Histerectomía,LUI (Legrado uterino),AMEU (Aspiración endouterina),,AMEU (Aspiración endouterina)
PROC_OBS_HEM_ABORTION_001_003,obs,1,"Con respecto a la patología, ¿cuál es el tratamiento quirúrgico de elección en una paciente con aborto incompleto estable y útero de 10 semanas?",Histerectomía,LUI (Legrado uterino),AMEU (Aspiración endouterina),,AMEU (Aspiración endouterina)
PROC_OBS_HEM_ABORTION_001_003,obs,2,¿Qué hallazgo clínico diferencia el aborto incompleto de la amenaza de aborto?,Hemorragia transvaginal,Dilatación cervical (cérvix abierto),Aparición de dolor abdominal,,Dilatación cervical (cérvix abierto)
PROC_OBS_HEM_ABORTION_001_003,obs,3,¿Cuál es la definición cronológica del aborto según la norma oficial mexicana?,Antes de la semana 28 de gestación,Antes de la semana 20 de gestación,Antes de la semana 12 de gestación,,Antes de la semana 20 de gestación
PROC_OBS_HEM_ABORTION_001_004,obs,1,"Con respecto a la patología, ¿cuál es el tratamiento quirúrgico de elección en una paciente con aborto incompleto estable y útero de 10 semanas?",Histerectomía,LUI (Legrado uterino),AMEU (Aspiración endouterina),,AMEU (Aspiración endouterina)
PROC_OBS_HEM_ABORTION_001_004,obs,2,"En este contexto clínico, ¿cuál es la definición cronológica del aborto según la norma oficial mexicana?",Antes de la semana 20 de gestación,Antes de la semana 28 de gestación,Antes de la semana 12 de gestación,,Antes de la semana 20 de gestación
PROC_OBS_HEM_ABORTION_001_004,obs,3,¿Qué hallazgo clínico diferencia el aborto incompleto de la amenaza de aborto?,Hemorragia transvaginal,Aparición de dolor abdominal,Dilatación cervical (cérvix abierto),,Dilatación cervical (cérvix abierto)
PROC_OBS_HEM_ABORTION_001_005,obs,1,¿Cuál es la definición cronológica del aborto según la norma oficial mexicana?,Antes de la semana 12 de gestación,Antes de la semana 28 de gestación,Antes de la semana 20 de gestación,,Antes de la semana 20 de gestación
PROC_OBS_HEM_ABORTION_001_005,obs,2,¿Qué hallazgo clínico diferencia el aborto incompleto de la amenaza de aborto?,Hemorragia transvaginal,Aparición de dolor abdominal,Dilatación cervical (cérvix abierto),,Dilatación cervical (cérvix abierto)
PROC_OBS_HEM_ABORTION_001_005,obs,3,Identifique el tratamiento quirúrgico de elección en una paciente con aborto incompleto estable y útero de 10 semanas?,LUI (Legrado uterino),Histerectomía,AMEU (Aspiración endouterina),,AMEU (Aspiración endouterina)
PROC_OBS_HEM_ABORTION_001_006,obs,1,¿Cuál es la definición cronológica del aborto según la norma oficial mexicana?,Antes de la semana 28 de gestación,Antes de la semana 20 de gestación,Antes de la semana 12 de gestación,,Antes de la semana 20 de gestación
PROC_OBS_HEM_ABORTION_001_006,obs,2,"Con respecto a la patología, ¿cuál es el tratamiento quirúrgico de elección en una paciente con aborto incompleto estable y útero de 10 semanas?",Histerectomía,AMEU (Aspiración endouterina),LUI (Legrado uterino),,AMEU (Aspiración endouterina)
PROC_OBS_HEM_ABORTION_001_006,obs,3,¿Qué hallazgo clínico diferencia el aborto incompleto de la amenaza de aborto?,Hemorragia transvaginal,Dilatación cervical (cérvix abierto),Aparición de dolor abdominal,,Dilatación cervical (cérvix abierto)
PROC_OBS_HEM_ABORTION_001_007,obs,1,Identifique la definición cronológica del aborto según la norma oficial mexicana?,Antes de la semana 20 de gestación,Antes de la semana 12 de gestación,Antes de la semana 28 de gestación,,Antes de la semana 20 de gestación
PROC_OBS_HEM_ABORTION_001_007,obs,2,"Con respecto a la patología, ¿cuál es el tratamiento quirúrgico de elección en una paciente con aborto incompleto estable y útero de 10 semanas?",AMEU (Aspiración endouterina),LUI (Legrado uterino),Histerectomía,,AMEU (Aspiración endouterina)
PROC_OBS_HEM_ABORTION_001_007,obs,3,¿Qué hallazgo clínico diferencia el aborto incompleto de la amenaza de aborto?,Aparición de dolor abdominal,Hemorragia transvaginal,Dilatación cervical (cérvix abierto),,Dilatación cervical (cérvix abierto)
PROC_OBS_HEM_ABORTION_001_008,obs,1,¿Qué hallazgo clínico diferencia el aborto incompleto de la amenaza de aborto?,Aparición de dolor abdominal,Hemorragia transvaginal,Dilatación cervical (cérvix abierto),,Dilatación cervical (cérvix abierto)
PROC_OBS_HEM_ABORTION_001_008,obs,2,¿Cuál es la definición cronológica del aborto según la norma oficial mexicana?,Antes de la semana 28 de gestación,Antes de la semana 12 de gestación,Antes de la semana 20 de gestación,,Antes de la semana 20 de gestación
PROC_OBS_HEM_ABORTION_001_008,obs,3,¿Cuál es el tratamiento quirúrgico de elección en una paciente con aborto incompleto estable y útero de 10 semanas?,Histerectomía,LUI (Legrado uterino),AMEU (Aspiración endouterina),,AMEU (Aspiración endouterina)
PROC_OBS_HEM_ABORTION_001_009,obs,1,Identifique el tratamiento quirúrgico de elección en una paciente con aborto incompleto estable y útero de 10 semanas?,LUI (Legrado uterino),AMEU (Aspiración endouterina),Histerectomía,,AMEU (Aspiración endouterina)
PROC_OBS_HEM_ABORTION_001_009,obs,2,"En este contexto clínico, ¿cuál es la definición cronológica del aborto según la norma oficial mexicana?",Antes de la semana 28 de gestación,Antes de la semana 12 de gestación,Antes de la semana 20 de gestación,,Antes de la semana 20 de gestación
PROC_OBS_HEM_ABORTION_001_009,obs,3,¿Qué hallazgo clínico diferencia el aborto incompleto de la amenaza de aborto?,Aparición de dolor abdominal,Dilatación cervical (cérvix abierto),Hemorragia transvaginal,,Dilatación cervical (cérvix abierto)
PROC_OBS_HEM_ABORTION_001_010,obs,1,¿Cuál es la definición cronológica del aborto según la norma oficial mexicana?,Antes de la semana 28 de gestación,Antes de la semana 12 de gestación,Antes de la semana 20 de gestación,,Antes de la semana 20 de gestación
PROC_OBS_HEM_ABORTION_001_010,obs,2,¿Qué hallazgo clínico diferencia el aborto incompleto de la amenaza de aborto?,Aparición de dolor abdominal,Dilatación cervical (cérvix abierto),Hemorragia transvaginal,,Dilatación cervical (cérvix abierto)
PROC_OBS_HEM_ABORTION_001_010,obs,3,Identifique el tratamiento quirúrgico de elección en una paciente con aborto incompleto estable y útero de 10 semanas?,Histerectomía,AMEU (Aspiración endouterina),LUI (Legrado uterino),,AMEU (Aspiración endouterina)
PROC_OBS_HEM_ABORTION_001_011,obs,1,"Con respecto a la patología, ¿cuál es la definición cronológica del aborto según la norma oficial mexicana?",Antes de la semana 28 de gestación,Antes de la semana 20 de gestación,Antes de la semana 12 de gestación,,Antes de la semana 20 de gestación
PROC_OBS_HEM_ABORTION_001_011,obs,2,¿Qué hallazgo clínico diferencia el aborto incompleto de la amenaza de aborto?,Aparición de dolor abdominal,Dilatación cervical (cérvix abierto),Hemorragia transvaginal,,Dilatación cervical (cérvix abierto)
PROC_OBS_HEM_ABORTION_001_011,obs,3,¿Cuál es el tratamiento quirúrgico de elección en una paciente con aborto incompleto estable y útero de 10 semanas?,LUI (Legrado uterino),Histerectomía,AMEU (Aspiración endouterina),,AMEU (Aspiración endouterina)
PROC_OBS_HEM_ABORTION_001_012,obs,1,¿Cuál es el tratamiento quirúrgico de elección en una paciente con aborto incompleto estable y útero de 10 semanas?,LUI (Legrado uterino),AMEU (Aspiración endouterina),Histerectomía,,AMEU (Aspiración endouterina)
PROC_OBS_HEM_ABORTION_001_012,obs,2,¿Qué hallazgo clínico diferencia el aborto incompleto de la amenaza de aborto?,Dilatación cervical (cérvix abierto),Aparición de dolor abdominal,Hemorragia transvaginal,,Dilatación cervical (cérvix abierto)
PROC_OBS_HEM_ABORTION_001_012,obs,3,¿Cuál es la definición cronológica del aborto según la norma oficial mexicana?,Antes de la semana 12 de gestación,Antes de la semana 28 de gestación,Antes de la semana 20 de gestación,,Antes de la semana 20 de gestación
PROC_OBS_HEM_ABORTION_001_013,obs,1,¿Cuál es la definición cronológica del aborto según la norma oficial mexicana?,Antes de la semana 20 de gestación,Antes de la semana 28 de gestación,Antes de la semana 12 de gestación,,Antes de la semana 20 de gestación
PROC_OBS_HEM_ABORTION_001_013,obs,2,Identifique el tratamiento quirúrgico de elección en una paciente con aborto incompleto estable y útero de 10 semanas?,Histerectomía,LUI (Legrado uterino),AMEU (Aspiración endouterina),,AMEU (Aspiración endouterina)
PROC_OBS_HEM_ABORTION_001_013,obs,3,¿Qué hallazgo clínico diferencia el aborto incompleto de la amenaza de aborto?,Hemorragia transvaginal,Aparición de dolor abdominal,Dilatación cervical (cérvix abierto),,Dilatación cervical (cérvix abierto)
PROC_OBS_HEM_ABORTION_001_014,obs,1,¿Qué hallazgo clínico diferencia el aborto incompleto de la amenaza de aborto?,Hemorragia transvaginal,Dilatación cervical (cérvix abierto),Aparición de dolor abdominal,,Dilatación cervical (cérvix abierto)
PROC_OBS_HEM_ABORTION_001_014,obs,2,¿Cuál es el tratamiento quirúrgico de elección en una paciente con aborto incompleto estable y útero de 10 semanas?,LUI (Legrado uterino),Histerectomía,AMEU (Aspiración endouterina),,AMEU (Aspiración endouterina)
PROC_OBS_HEM_ABORTION_001_014,obs,3,¿Cuál es la definición cronológica del aborto según la norma oficial mexicana?,Antes de la semana 12 de gestación,Antes de la semana 20 de gestación,Antes de la semana 28 de gestación,,Antes de la semana 20 de gestación
PROC_OBS_HEM_ABORTION_001_015,obs,1,¿Qué hallazgo clínico diferencia el aborto incompleto de la amenaza de aborto?,Aparición de dolor abdominal,Hemorragia transvaginal,Dilatación cervical (cérvix abierto),,Dilatación cervical (cérvix abierto)
PROC_OBS_HEM_ABORTION_001_015,obs,2,"Con respecto a la patología, ¿cuál es el tratamiento quirúrgico de elección en una paciente con aborto incompleto estable y útero de 10 semanas?",AMEU (Aspiración endouterina),Histerectomía,LUI (Legrado uterino),,AMEU (Aspiración endouterina)
PROC_OBS_HEM_ABORTION_001_015,obs,3,"En este contexto clínico, ¿cuál es la definición cronológica del aborto según la norma oficial mexicana?",Antes de la semana 28 de gestación,Antes de la semana 20 de gestación,Antes de la semana 12 de gestación,,Antes de la semana 20 de gestación
PROC_OBS_HEM_DPPNI_001_001,obs,1,¿Cuál es la complicación hematológica más grave asociada al DPPNI?,Anemia ferropénica severa,Coagulación Intravascular Diseminada (CID),Trombocitosis reactiva,,Coagulación Intravascular Diseminada (CID)
PROC_OBS_HEM_DPPNI_001_001,obs,2,¿Qué hallazgo quirúrgico define al Útero de Couvelaire?,Ruptura de la serosa uterina,Acretismo placentario focal,Infiltración de sangre en el miometrio,,Infiltración de sangre en el miometrio
PROC_OBS_HEM_DPPNI_001_001,obs,3,¿Cuál es el factor de riesgo más importante para presentar DPPNI?,Hipertensión Arterial / Preeclampsia,Diabetes Gestacional,Edad materna avanzada,,Hipertensión Arterial / Preeclampsia
PROC_OBS_HEM_DPPNI_001_002,obs,1,Identifique la complicación hematológica más grave asociada al DPPNI?,Anemia ferropénica severa,Coagulación Intravascular Diseminada (CID),Trombocitosis reactiva,,Coagulación Intravascular Diseminada (CID)
PROC_OBS_HEM_DPPNI_001_002,obs,2,¿Qué hallazgo quirúrgico define al Útero de Couvelaire?,Ruptura de la serosa uterina,Acretismo placentario focal,Infiltración de sangre en el miometrio,,Infiltración de sangre en el miometrio
PROC_OBS_HEM_DPPNI_001_002,obs,3,¿Cuál es el factor de riesgo más importante para presentar DPPNI?,Diabetes Gestacional,Edad materna avanzada,Hipertensión Arterial / Preeclampsia,,Hipertensión Arterial / Preeclampsia
PROC_OBS_HEM_DPPNI_001_003,obs,1,¿Qué hallazgo quirúrgico define al Útero de Couvelaire?,Ruptura de la serosa uterina,Infiltración de sangre en el miometrio,Acretismo placentario focal,,Infiltración de sangre en el miometrio
PROC_OBS_HEM_DPPNI_001_003,obs,2,"De las siguientes opciones, ¿cuál es la complicación hematológica más grave asociada al DPPNI?",Anemia ferropénica severa,Coagulación Intravascular Diseminada (CID),Trombocitosis reactiva,,Coagulación Intravascular Diseminada (CID)
PROC_OBS_HEM_DPPNI_001_003,obs,3,¿Cuál es el factor de riesgo más importante para presentar DPPNI?,Hipertensión Arterial / Preeclampsia,Edad materna avanzada,Diabetes Gestacional,,Hipertensión Arterial / Preeclampsia
PROC_OBS_HEM_DPPNI_001_004,obs,1,¿Qué hallazgo quirúrgico define al Útero de Couvelaire?,Acretismo placentario focal,Infiltración de sangre en el miometrio,Ruptura de la serosa uterina,,Infiltración de sangre en el miometrio
PROC_OBS_HEM_DPPNI_001_004,obs,2,¿Cuál es el factor de riesgo más importante para presentar DPPNI?,Hipertensión Arterial / Preeclampsia,Edad materna avanzada,Diabetes Gestacional,,Hipertensión Arterial / Preeclampsia
PROC_OBS_HEM_DPPNI_001_004,obs,3,¿Cuál es la complicación hematológica más grave asociada al DPPNI?,Coagulación Intravascular Diseminada (CID),Trombocitosis reactiva,Anemia ferropénica severa,,Coagulación Intravascular Diseminada (CID)
PROC_OBS_HEM_DPPNI_001_005,obs,1,¿Qué hallazgo quirúrgico define al Útero de Couvelaire?,Ruptura de la serosa uterina,Acretismo placentario focal,Infiltración de sangre en el miometrio,,Infiltración de sangre en el miometrio
PROC_OBS_HEM_DPPNI_001_005,obs,2,"En este contexto clínico, ¿cuál es la complicación hematológica más grave asociada al DPPNI?",Anemia ferropénica severa,Trombocitosis reactiva,Coagulación Intravascular Diseminada (CID),,Coagulación Intravascular Diseminada (CID)
PROC_OBS_HEM_DPPNI_001_005,obs,3,¿Cuál es el factor de riesgo más importante para presentar DPPNI?,Edad materna avanzada,Diabetes Gestacional,Hipertensión Arterial / Preeclampsia,,Hipertensión Arterial / Preeclampsia
PROC_OBS_HEM_DPPNI_001_006,obs,1,¿Cuál es la complicación hematológica más grave asociada al DPPNI?,Coagulación Intravascular Diseminada (CID),Anemia ferropénica severa,Trombocitosis reactiva,,Coagulación Intravascular Diseminada (CID)
PROC_OBS_HEM_DPPNI_001_006,obs,2,¿Qué hallazgo quirúrgico define al Útero de Couvelaire?,Ruptura de la serosa uterina,Acretismo placentario focal,Infiltración de sangre en el miometrio,,Infiltración de sangre en el miometrio
PROC_OBS_HEM_DPPNI_001_006,obs,3,¿Cuál es el factor de riesgo más importante para presentar DPPNI?,Hipertensión Arterial / Preeclampsia,Diabetes Gestacional,Edad materna avanzada,,Hipertensión Arterial / Preeclampsia
PROC_OBS_HEM_DPPNI_001_007,obs,1,"Con respecto a la patología, ¿cuál es la complicación hematológica más grave asociada al DPPNI?",Trombocitosis reactiva,Coagulación Intravascular Diseminada (CID),Anemia ferropénica severa,,Coagulación Intravascular Diseminada (CID)
PROC_OBS_HEM_DPPNI_001_007,obs,2,¿Qué hallazgo quirúrgico define al Útero de Couvelaire?,Infiltración de sangre en el miometrio,Ruptura de la serosa uterina,Acretismo placentario focal,,Infiltración de sangre en el miometrio
PROC_OBS_HEM_DPPNI_001_007,obs,3,"En este contexto clínico, ¿cuál es el factor de riesgo más importante para presentar DPPNI?",Hipertensión Arterial / Preeclampsia,Edad materna avanzada,Diabetes Gestacional,,Hipertensión Arterial / Preeclampsia
PROC_OBS_HEM_DPPNI_001_008,obs,1,¿Qué hallazgo quirúrgico define al Útero de Couvelaire?,Acretismo placentario focal,Infiltración de sangre en el miometrio,Ruptura de la serosa uterina,,Infiltración de sangre en el miometrio
PROC_OBS_HEM_DPPNI_001_008,obs,2,¿Cuál es la complicación hematológica más grave asociada al DPPNI?,Trombocitosis reactiva,Coagulación Intravascular Diseminada (CID),Anemia ferropénica severa,,Coagulación Intravascular Diseminada (CID)
PROC_OBS_HEM_DPPNI_001_008,obs,3,"En este contexto clínico, ¿cuál es el factor de riesgo más importante para presentar DPPNI?",Hipertensión Arterial / Preeclampsia,Diabetes Gestacional,Edad materna avanzada,,Hipertensión Arterial / Preeclampsia
PROC_OBS_HEM_DPPNI_001_009,obs,1,¿Cuál es el factor de riesgo más importante para presentar DPPNI?,Hipertensión Arterial / Preeclampsia,Edad materna avanzada,Diabetes Gestacional,,Hipertensión Arterial / Preeclampsia
PROC_OBS_HEM_DPPNI_001_009,obs,2,"De las siguientes opciones, ¿cuál es la complicación hematológica más grave asociada al DPPNI?",Trombocitosis reactiva,Anemia ferropénica severa,Coagulación Intravascular Diseminada (CID),,Coagulación Intravascular Diseminada (CID)
PROC_OBS_HEM_DPPNI_001_009,obs,3,¿Qué hallazgo quirúrgico define al Útero de Couvelaire?,Ruptura de la serosa uterina,Infiltración de sangre en el miometrio,Acretismo placentario focal,,Infiltración de sangre en el miometrio
PROC_OBS_HEM_DPPNI_001_010,obs,1,"En este contexto clínico, ¿cuál es la complicación hematológica más grave asociada al DPPNI?",Anemia ferropénica severa,Trombocitosis reactiva,Coagulación Intravascular Diseminada (CID),,Coagulación Intravascular Diseminada (CID)
PROC_OBS_HEM_DPPNI_001_010,obs,2,"Con respecto a la patología, ¿cuál es el factor de riesgo más importante para presentar DPPNI?",Edad materna avanzada,Diabetes Gestacional,Hipertensión Arterial / Preeclampsia,,Hipertensión Arterial / Preeclampsia
PROC_OBS_HEM_DPPNI_001_010,obs,3,¿Qué hallazgo quirúrgico define al Útero de Couvelaire?,Infiltración de sangre en el miometrio,Acretismo placentario focal,Ruptura de la serosa uterina,,Infiltración de sangre en el miometrio
PROC_OBS_HEM_DPPNI_001_011,obs,1,"En este contexto clínico, ¿cuál es el factor de riesgo más importante para presentar DPPNI?",Hipertensión Arterial / Preeclampsia,Diabetes Gestacional,Edad materna avanzada,,Hipertensión Arterial / Preeclampsia
PROC_OBS_HEM_DPPNI_001_011,obs,2,¿Qué hallazgo quirúrgico define al Útero de Couvelaire?,Infiltración de sangre en el miometrio,Ruptura de la serosa uterina,Acretismo placentario focal,,Infiltración de sangre en el miometrio
PROC_OBS_HEM_DPPNI_001_011,obs,3,"Con respecto a la patología, ¿cuál es la complicación hematológica más grave asociada al DPPNI?",Coagulación Intravascular Diseminada (CID),Trombocitosis reactiva,Anemia ferropénica severa,,Coagulación Intravascular Diseminada (CID)
PROC_OBS_HEM_DPPNI_001_012,obs,1,¿Qué hallazgo quirúrgico define al Útero de Couvelaire?,Infiltración de sangre en el miometrio,Acretismo placentario focal,Ruptura de la serosa uterina,,Infiltración de sangre en el miometrio
PROC_OBS_HEM_DPPNI_001_012,obs,2,¿Cuál es la complicación hematológica más grave asociada al DPPNI?,Trombocitosis reactiva,Coagulación Intravascular Diseminada (CID),Anemia ferropénica severa,,Coagulación Intravascular Diseminada (CID)
PROC_OBS_HEM_DPPNI_001_012,obs,3,"De las siguientes opciones, ¿cuál es el factor de riesgo más importante para presentar DPPNI?",Diabetes Gestacional,Edad materna avanzada,Hipertensión Arterial / Preeclampsia,,Hipertensión Arterial / Preeclampsia
PROC_OBS_HEM_DPPNI_001_013,obs,1,¿Cuál es el factor de riesgo más importante para presentar DPPNI?,Hipertensión Arterial / Preeclampsia,Edad materna avanzada,Diabetes Gestacional,,Hipertensión Arterial / Preeclampsia
PROC_OBS_HEM_DPPNI_001_013,obs,2,¿Qué hallazgo quirúrgico define al Útero de Couvelaire?,Acretismo placentario focal,Infiltración de sangre en el miometrio,Ruptura de la serosa uterina,,Infiltración de sangre en el miometrio
PROC_OBS_HEM_DPPNI_001_013,obs,3,¿Cuál es la complicación hematológica más grave asociada al DPPNI?,Trombocitosis reactiva,Anemia ferropénica severa,Coagulación Intravascular Diseminada (CID),,Coagulación Intravascular Diseminada (CID)
PROC_OBS_HEM_DPPNI_001_014,obs,1,¿Cuál es el factor de riesgo más importante para presentar DPPNI?,Hipertensión Arterial / Preeclampsia,Edad materna avanzada,Diabetes Gestacional,,Hipertensión Arterial / Preeclampsia
PROC_OBS_HEM_DPPNI_001_014,obs,2,¿Qué hallazgo quirúrgico define al Útero de Couvelaire?,Infiltración de sangre en el miometrio,Acretismo placentario focal,Ruptura de la serosa uterina,,Infiltración de sangre en el miometrio
PROC_OBS_HEM_DPPNI_001_014,obs,3,"Con respecto a la patología, ¿cuál es la complicación hematológica más grave asociada al DPPNI?",Coagulación Intravascular Diseminada (CID),Anemia ferropénica severa,Trombocitosis reactiva,,Coagulación Intravascular Diseminada (CID)
PROC_OBS_HEM_DPPNI_001_015,obs,1,¿Cuál es la complicación hematológica más grave asociada al DPPNI?,Coagulación Intravascular Diseminada (CID),Anemia ferropénica severa,Trombocitosis reactiva,,Coagulación Intravascular Diseminada (CID)
PROC_OBS_HEM_DPPNI_001_015,obs,2,¿Qué hallazgo quirúrgico define al Útero de Couvelaire?,Acretismo placentario focal,Ruptura de la serosa uterina,Infiltración de sangre en el miometrio,,Infiltración de sangre en el miometrio
PROC_OBS_HEM_DPPNI_001_015,obs,3,¿Cuál es el factor de riesgo más importante para presentar DPPNI?,Hipertensión Arterial / Preeclampsia,Diabetes Gestacional,Edad materna avanzada,,Hipertensión Arterial / Preeclampsia
PROC_OBS_HEM_ECTOPIC_001_001,obs,1,"Con respecto a la patología, ¿cuál es un criterio necesario para indicar manejo MÉDICO con Metotrexato?",Saco gestacional >5 cm,Presencia de latido cardíaco fetal,"HCG sérica <5,000 mUI/ml y estabilidad hemodinámica",,"HCG sérica <5,000 mUI/ml y estabilidad hemodinámica"
PROC_OBS_HEM_ECTOPIC_001_001,obs,2,¿Cuál es el 'estándar de oro' (Gold Standard) para el diagnóstico definitivo de embarazo ectópico?,Ultrasonido Transvaginal,Niveles de Progesterona Sérica,Laparoscopia,,Laparoscopia
PROC_OBS_HEM_ECTOPIC_001_001,obs,3,¿Cuál es la localización anatómica más frecuente del embarazo ectópico?,Región Ampular (Ampula),Región Intersticial,Región Ístmica,,Región Ampular (Ampula)
PROC_OBS_HEM_ECTOPIC_001_002,obs,1,¿Cuál es un criterio necesario para indicar manejo MÉDICO con Metotrexato?,Presencia de latido cardíaco fetal,"HCG sérica <5,000 mUI/ml y estabilidad hemodinámica",Saco gestacional >5 cm,,"HCG sérica <5,000 mUI/ml y estabilidad hemodinámica"
PROC_OBS_HEM_ECTOPIC_001_002,obs,2,Identifique la localización anatómica más frecuente del embarazo ectópico?,Región Intersticial,Región Ístmica,Región Ampular (Ampula),,Región Ampular (Ampula)
PROC_OBS_HEM_ECTOPIC_001_002,obs,3,¿Cuál es el 'estándar de oro' (Gold Standard) para el diagnóstico definitivo de embarazo ectópico?,Ultrasonido Transvaginal,Laparoscopia,Niveles de Progesterona Sérica,,Laparoscopia
PROC_OBS_HEM_ECTOPIC_001_003,obs,1,¿Cuál es un criterio necesario para indicar manejo MÉDICO con Metotrexato?,Saco gestacional >5 cm,Presencia de latido cardíaco fetal,"HCG sérica <5,000 mUI/ml y estabilidad hemodinámica",,"HCG sérica <5,000 mUI/ml y estabilidad hemodinámica"
PROC_OBS_HEM_ECTOPIC_001_003,obs,2,¿Cuál es la localización anatómica más frecuente del embarazo ectópico?,Región Ístmica,Región Intersticial,Región Ampular (Ampula),,Región Ampular (Ampula)
PROC_OBS_HEM_ECTOPIC_001_003,obs,3,¿Cuál es el 'estándar de oro' (Gold Standard) para el diagnóstico definitivo de embarazo ectópico?,Laparoscopia,Ultrasonido Transvaginal,Niveles de Progesterona Sérica,,Laparoscopia
PROC_OBS_HEM_ECTOPIC_001_004,obs,1,¿Cuál es la localización anatómica más frecuente del embarazo ectópico?,Región Ampular (Ampula),Región Intersticial,Región Ístmica,,Región Ampular (Ampula)
PROC_OBS_HEM_ECTOPIC_001_004,obs,2,¿Cuál es un criterio necesario para indicar manejo MÉDICO con Metotrexato?,Saco gestacional >5 cm,Presencia de latido cardíaco fetal,"HCG sérica <5,000 mUI/ml y estabilidad hemodinámica",,"HCG sérica <5,000 mUI/ml y estabilidad hemodinámica"
PROC_OBS_HEM_ECTOPIC_001_004,obs,3,Identifique el 'estándar de oro' (Gold Standard) para el diagnóstico definitivo de embarazo ectópico?,Laparoscopia,Ultrasonido Transvaginal,Niveles de Progesterona Sérica,,Laparoscopia
PROC_OBS_HEM_ECTOPIC_001_005,obs,1,Identifique un criterio necesario para indicar manejo MÉDICO con Metotrexato?,"HCG sérica <5,000 mUI/ml y estabilidad hemodinámica",Presencia de latido cardíaco fetal,Saco gestacional >5 cm,,"HCG sérica <5,000 mUI/ml y estabilidad hemodinámica"
PROC_OBS_HEM_ECTOPIC_001_005,obs,2,¿Cuál es el 'estándar de oro' (Gold Standard) para el diagnóstico definitivo de embarazo ectópico?,Niveles de Progesterona Sérica,Laparoscopia,Ultrasonido Transvaginal,,Laparoscopia
PROC_OBS_HEM_ECTOPIC_001_005,obs,3,¿Cuál es la localización anatómica más frecuente del embarazo ectópico?,Región Intersticial,Región Ampular (Ampula),Región Ístmica,,Región Ampular (Ampula)
PROC_OBS_HEM_ECTOPIC_001_006,obs,1,"De las siguientes opciones, ¿cuál es un criterio necesario para indicar manejo MÉDICO con Metotrexato?",Presencia de latido cardíaco fetal,Saco gestacional >5 cm,"HCG sérica <5,000 mUI/ml y estabilidad hemodinámica",,"HCG sérica <5,000 mUI/ml y estabilidad hemodinámica"
PROC_OBS_HEM_ECTOPIC_001_006,obs,2,¿Cuál es el 'estándar de oro' (Gold Standard) para el diagnóstico definitivo de embarazo ectópico?,Ultrasonido Transvaginal,Laparoscopia,Niveles de Progesterona Sérica,,Laparoscopia
PROC_OBS_HEM_ECTOPIC_001_006,obs,3,"Con respecto a la patología, ¿cuál es la localización anatómica más frecuente del embarazo ectópico?",Región Ístmica,Región Intersticial,Región Ampular (Ampula),,Región Ampular (Ampula)
PROC_OBS_HEM_ECTOPIC_001_007,obs,1,¿Cuál es la localización anatómica más frecuente del embarazo ectópico?,Región Ístmica,Región Ampular (Ampula),Región Intersticial,,Región Ampular (Ampula)
PROC_OBS_HEM_ECTOPIC_001_007,obs,2,¿Cuál es un criterio necesario para indicar manejo MÉDICO con Metotrexato?,"HCG sérica <5,000 mUI/ml y estabilidad hemodinámica",Saco gestacional >5 cm,Presencia de latido cardíaco fetal,,"HCG sérica <5,000 mUI/ml y estabilidad hemodinámica"
PROC_OBS_HEM_ECTOPIC_001_007,obs,3,¿Cuál es el 'estándar de oro' (Gold Standard) para el diagnóstico definitivo de embarazo ectópico?,Ultrasonido Transvaginal,Laparoscopia,Niveles de Progesterona Sérica,,Laparoscopia
PROC_OBS_HEM_ECTOPIC_001_008,obs,1,¿Cuál es la localización anatómica más frecuente del embarazo ectópico?,Región Ístmica,Región Ampular (Ampula),Región Intersticial,,Región Ampular (Ampula)
PROC_OBS_HEM_ECTOPIC_001_008,obs,2,"Con respecto a la patología, ¿cuál es un criterio necesario para indicar manejo MÉDICO con Metotrexato?",Saco gestacional >5 cm,Presencia de latido cardíaco fetal,"HCG sérica <5,000 mUI/ml y estabilidad hemodinámica",,"HCG sérica <5,000 mUI/ml y estabilidad hemodinámica"
PROC_OBS_HEM_ECTOPIC_001_008,obs,3,¿Cuál es el 'estándar de oro' (Gold Standard) para el diagnóstico definitivo de embarazo ectópico?,Ultrasonido Transvaginal,Niveles de Progesterona Sérica,Laparoscopia,,Laparoscopia
PROC_OBS_HEM_ECTOPIC_001_009,obs,1,"Con respecto a la patología, ¿cuál es el 'estándar de oro' (Gold Standard) para el diagnóstico definitivo de embarazo ectópico?",Niveles de Progesterona Sérica,Laparoscopia,Ultrasonido Transvaginal,,Laparoscopia
PROC_OBS_HEM_ECTOPIC_001_009,obs,2,"En este contexto clínico, ¿cuál es la localización anatómica más frecuente del embarazo ectópico?",Región Ampular (Ampula),Región Ístmica,Región Intersticial,,Región Ampular (Ampula)
PROC_OBS_HEM_ECTOPIC_001_009,obs,3,¿Cuál es un criterio necesario para indicar manejo MÉDICO con Metotrexato?,Presencia de latido cardíaco fetal,Saco gestacional >5 cm,"HCG sérica <5,000 mUI/ml y estabilidad hemodinámica",,"HCG sérica <5,000 mUI/ml y estabilidad hemodinámica"
PROC_OBS_HEM_ECTOPIC_001_010,obs,1,¿Cuál es el 'estándar de oro' (Gold Standard) para el diagnóstico definitivo de embarazo ectópico?,Ultrasonido Transvaginal,Laparoscopia,Niveles de Progesterona Sérica,,Laparoscopia
PROC_OBS_HEM_ECTOPIC_001_010,obs,2,¿Cuál es un criterio necesario para indicar manejo MÉDICO con Metotrexato?,"HCG sérica <5,000 mUI/ml y estabilidad hemodinámica",Saco gestacional >5 cm,Presencia de latido cardíaco fetal,,"HCG sérica <5,000 mUI/ml y estabilidad hemodinámica"
PROC_OBS_HEM_ECTOPIC_001_010,obs,3,¿Cuál es la localización anatómica más frecuente del embarazo ectópico?,Región Intersticial,Región Ampular (Ampula),Región Ístmica,,Región Ampular (Ampula)
PROC_OBS_HEM_ECTOPIC_001_011,obs,1,"En este contexto clínico, ¿cuál es el 'estándar de oro' (Gold Standard) para el diagnóstico definitivo de embarazo ectópico?",Ultrasonido Transvaginal,Niveles de Progesterona Sérica,Laparoscopia,,Laparoscopia
PROC_OBS_HEM_ECTOPIC_001_011,obs,2,Identifique la localización anatómica más frecuente del embarazo ectópico?,Región Ampular (Ampula),Región Ístmica,Región Intersticial,,Región Ampular (Ampula)
PROC_OBS_HEM_ECTOPIC_001_011,obs,3,¿Cuál es un criterio necesario para indicar manejo MÉDICO con Metotrexato?,Presencia de latido cardíaco fetal,Saco gestacional >5 cm,"HCG sérica <5,000 mUI/ml y estabilidad hemodinámica",,"HCG sérica <5,000 mUI/ml y estabilidad hemodinámica"
PROC_OBS_HEM_ECTOPIC_001_012,obs,1,¿Cuál es la localización anatómica más frecuente del embarazo ectópico?,Región Ampular (Ampula),Región Intersticial,Región Ístmica,,Región Ampular (Ampula)
PROC_OBS_HEM_ECTOPIC_001_012,obs,2,¿Cuál es un criterio necesario para indicar manejo MÉDICO con Metotrexato?,"HCG sérica <5,000 mUI/ml y estabilidad hemodinámica",Saco gestacional >5 cm,Presencia de latido cardíaco fetal,,"HCG sérica <5,000 mUI/ml y estabilidad hemodinámica"
PROC_OBS_HEM_ECTOPIC_001_012,obs,3,¿Cuál es el 'estándar de oro' (Gold Standard) para el diagnóstico definitivo de embarazo ectópico?,Niveles de Progesterona Sérica,Ultrasonido Transvaginal,Laparoscopia,,Laparoscopia
PROC_OBS_HEM_ECTOPIC_001_013,obs,1,Identifique un criterio necesario para indicar manejo MÉDICO con Metotrexato?,"HCG sérica <5,000 mUI/ml y estabilidad hemodinámica",Presencia de latido cardíaco fetal,Saco gestacional >5 cm,,"HCG sérica <5,000 mUI/ml y estabilidad hemodinámica"
PROC_OBS_HEM_ECTOPIC_001_013,obs,2,¿Cuál es el 'estándar de oro' (Gold Standard) para el diagnóstico definitivo de embarazo ectópico?,Niveles de Progesterona Sérica,Laparoscopia,Ultrasonido Transvaginal,,Laparoscopia
PROC_OBS_HEM_ECTOPIC_001_013,obs,3,"En este contexto clínico, ¿cuál es la localización anatómica más frecuente del embarazo ectópico?",Región Ampular (Ampula),Región Ístmica,Región Intersticial,,Región Ampular (Ampula)
PROC_OBS_HEM_ECTOPIC_001_014,obs,1,"De las siguientes opciones, ¿cuál es la localización anatómica más frecuente del embarazo ectópico?",Región Ístmica,Región Intersticial,Región Ampular (Ampula),,Región Ampular (Ampula)
PROC_OBS_HEM_ECTOPIC_001_014,obs,2,"Con respecto a la patología, ¿cuál es un criterio necesario para indicar manejo MÉDICO con Metotrexato?",Presencia de latido cardíaco fetal,Saco gestacional >5 cm,"HCG sérica <5,000 mUI/ml y estabilidad hemodinámica",,"HCG sérica <5,000 mUI/ml y estabilidad hemodinámica"
PROC_OBS_HEM_ECTOPIC_001_014,obs,3,"En este contexto clínico, ¿cuál es el 'estándar de oro' (Gold Standard) para el diagnóstico definitivo de embarazo ectópico?",Niveles de Progesterona Sérica,Laparoscopia,Ultrasonido Transvaginal,,Laparoscopia
PROC_OBS_HEM_ECTOPIC_001_015,obs,1,¿Cuál es un criterio necesario para indicar manejo MÉDICO con Metotrexato?,"HCG sérica <5,000 mUI/ml y estabilidad hemodinámica",Saco gestacional >5 cm,Presencia de latido cardíaco fetal,,"HCG sérica <5,000 mUI/ml y estabilidad hemodinámica"
PROC_OBS_HEM_ECTOPIC_001_015,obs,2,"En este contexto clínico, ¿cuál es el 'estándar de oro' (Gold Standard) para el diagnóstico definitivo de embarazo ectópico?",Ultrasonido Transvaginal,Laparoscopia,Niveles de Progesterona Sérica,,Laparoscopia
PROC_OBS_HEM_ECTOPIC_001_015,obs,3,"De las siguientes opciones, ¿cuál es la localización anatómica más frecuente del embarazo ectópico?",Región Intersticial,Región Ampular (Ampula),Región Ístmica,,Región Ampular (Ampula)
PROC_OBS_HEM_MOLA_001_001,obs,1,¿Por cuánto tiempo se recomienda el seguimiento con anticonceptivos orales tras la evacuación de una mola?,3 meses,6 a 12 meses,No se requiere anticoncepción,,6 a 12 meses
PROC_OBS_HEM_MOLA_001_001,obs,2,¿Cómo se describe clásicamente el patrón ultrasonográfico de una mola hidatidiforme completa?,Imagen en 'anillo de fuego' peritubárica,Imagen de 'masa heterogénea' con feto presente,Imagen en 'tormenta de nieve' o 'panal de abejas',,Imagen en 'tormenta de nieve' o 'panal de abejas'
PROC_OBS_HEM_MOLA_001_001,obs,3,¿La aparición de qué patología antes de las 20 semanas de gestación es altamente sugestiva de mola hidatidiforme?,Preeclampsia / Hipertensión,Colestasis Intrahepática,Diabetes Gestacional,,Preeclampsia / Hipertensión
PROC_OBS_HEM_MOLA_001_002,obs,1,¿La aparición de qué patología antes de las 20 semanas de gestación es altamente sugestiva de mola hidatidiforme?,Preeclampsia / Hipertensión,Diabetes Gestacional,Colestasis Intrahepática,,Preeclampsia / Hipertensión
PROC_OBS_HEM_MOLA_001_002,obs,2,¿Cómo se describe clásicamente el patrón ultrasonográfico de una mola hidatidiforme completa?,Imagen en 'anillo de fuego' peritubárica,Imagen de 'masa heterogénea' con feto presente,Imagen en 'tormenta de nieve' o 'panal de abejas',,Imagen en 'tormenta de nieve' o 'panal de abejas'
PROC_OBS_HEM_MOLA_001_002,obs,3,¿Por cuánto tiempo se recomienda el seguimiento con anticonceptivos orales tras la evacuación de una mola?,3 meses,No se requiere anticoncepción,6 a 12 meses,,6 a 12 meses
PROC_OBS_HEM_MOLA_001_003,obs,1,¿Por cuánto tiempo se recomienda el seguimiento con anticonceptivos orales tras la evacuación de una mola?,6 a 12 meses,3 meses,No se requiere anticoncepción,,6 a 12 meses
PROC_OBS_HEM_MOLA_001_003,obs,2,¿Cómo se describe clásicamente el patrón ultrasonográfico de una mola hidatidiforme completa?,Imagen en 'tormenta de nieve' o 'panal de abejas',Imagen de 'masa heterogénea' con feto presente,Imagen en 'anillo de fuego' peritubárica,,Imagen en 'tormenta de nieve' o 'panal de abejas'
PROC_OBS_HEM_MOLA_001_003,obs,3,¿La aparición de qué patología antes de las 20 semanas de gestación es altamente sugestiva de mola hidatidiforme?,Preeclampsia / Hipertensión,Colestasis Intrahepática,Diabetes Gestacional,,Preeclampsia / Hipertensión
PROC_OBS_HEM_MOLA_001_004,obs,1,¿Por cuánto tiempo se recomienda el seguimiento con anticonceptivos orales tras la evacuación de una mola?,No se requiere anticoncepción,3 meses,6 a 12 meses,,6 a 12 meses
PROC_OBS_HEM_MOLA_001_004,obs,2,¿Cómo se describe clásicamente el patrón ultrasonográfico de una mola hidatidiforme completa?,Imagen en 'tormenta de nieve' o 'panal de abejas',Imagen de 'masa heterogénea' con feto presente,Imagen en 'anillo de fuego' peritubárica,,Imagen en 'tormenta de nieve' o 'panal de abejas'
PROC_OBS_HEM_MOLA_001_004,obs,3,¿La aparición de qué patología antes de las 20 semanas de gestación es altamente sugestiva de mola hidatidiforme?,Preeclampsia / Hipertensión,Diabetes Gestacional,Colestasis Intrahepática,,Preeclampsia / Hipertensión
PROC_OBS_HEM_MOLA_001_005,obs,1,¿La aparición de qué patología antes de las 20 semanas de gestación es altamente sugestiva de mola hidatidiforme?,Diabetes Gestacional,Colestasis Intrahepática,Preeclampsia / Hipertensión,,Preeclampsia / Hipertensión
PROC_OBS_HEM_MOLA_001_005,obs,2,¿Por cuánto tiempo se recomienda el seguimiento con anticonceptivos orales tras la evacuación de una mola?,No se requiere anticoncepción,3 meses,6 a 12 meses,,6 a 12 meses
PROC_OBS_HEM_MOLA_001_005,obs,3,¿Cómo se describe clásicamente el patrón ultrasonográfico de una mola hidatidiforme completa?,Imagen de 'masa heterogénea' con feto presente,Imagen en 'anillo de fuego' peritubárica,Imagen en 'tormenta de nieve' o 'panal de abejas',,Imagen en 'tormenta de nieve' o 'panal de abejas'
PROC_OBS_HEM_MOLA_001_006,obs,1,¿La aparición de qué patología antes de las 20 semanas de gestación es altamente sugestiva de mola hidatidiforme?,Diabetes Gestacional,Colestasis Intrahepática,Preeclampsia / Hipertensión,,Preeclampsia / Hipertensión
PROC_OBS_HEM_MOLA_001_006,obs,2,¿Cómo se describe clásicamente el patrón ultrasonográfico de una mola hidatidiforme completa?,Imagen en 'tormenta de nieve' o 'panal de abejas',Imagen en 'anillo de fuego' peritubárica,Imagen de 'masa heterogénea' con feto presente,,Imagen en 'tormenta de nieve' o 'panal de abejas'
PROC_OBS_HEM_MOLA_001_006,obs,3,¿Por cuánto tiempo se recomienda el seguimiento con anticonceptivos orales tras la evacuación de una mola?,No se requiere anticoncepción,6 a 12 meses,3 meses,,6 a 12 meses
PROC_OBS_HEM_MOLA_001_007,obs,1,¿La aparición de qué patología antes de las 20 semanas de gestación es altamente sugestiva de mola hidatidiforme?,Diabetes Gestacional,Preeclampsia / Hipertensión,Colestasis Intrahepática,,Preeclampsia / Hipertensión
PROC_OBS_HEM_MOLA_001_007,obs,2,¿Cómo se describe clásicamente el patrón ultrasonográfico de una mola hidatidiforme completa?,Imagen en 'tormenta de nieve' o 'panal de abejas',Imagen en 'anillo de fuego' peritubárica,Imagen de 'masa heterogénea' con feto presente,,Imagen en 'tormenta de nieve' o 'panal de abejas'
PROC_OBS_HEM_MOLA_001_007,obs,3,¿Por cuánto tiempo se recomienda el seguimiento con anticonceptivos orales tras la evacuación de una mola?,6 a 12 meses,No se requiere anticoncepción,3 meses,,6 a 12 meses
PROC_OBS_HEM_MOLA_001_008,obs,1,¿La aparición de qué patología antes de las 20 semanas de gestación es altamente sugestiva de mola hidatidiforme?,Colestasis Intrahepática,Diabetes Gestacional,Preeclampsia / Hipertensión,,Preeclampsia / Hipertensión
PROC_OBS_HEM_MOLA_001_008,obs,2,¿Por cuánto tiempo se recomienda el seguimiento con anticonceptivos orales tras la evacuación de una mola?,3 meses,6 a 12 meses,No se requiere anticoncepción,,6 a 12 meses
PROC_OBS_HEM_MOLA_001_008,obs,3,¿Cómo se describe clásicamente el patrón ultrasonográfico de una mola hidatidiforme completa?,Imagen en 'tormenta de nieve' o 'panal de abejas',Imagen de 'masa heterogénea' con feto presente,Imagen en 'anillo de fuego' peritubárica,,Imagen en 'tormenta de nieve' o 'panal de abejas'
PROC_OBS_HEM_MOLA_001_009,obs,1,¿Cómo se describe clásicamente el patrón ultrasonográfico de una mola hidatidiforme completa?,Imagen de 'masa heterogénea' con feto presente,Imagen en 'tormenta de nieve' o 'panal de abejas',Imagen en 'anillo de fuego' peritubárica,,Imagen en 'tormenta de nieve' o 'panal de abejas'
PROC_OBS_HEM_MOLA_001_009,obs,2,¿La aparición de qué patología antes de las 20 semanas de gestación es altamente sugestiva de mola hidatidiforme?,Diabetes Gestacional,Colestasis Intrahepática,Preeclampsia / Hipertensión,,Preeclampsia / Hipertensión
PROC_OBS_HEM_MOLA_001_009,obs,3,¿Por cuánto tiempo se recomienda el seguimiento con anticonceptivos orales tras la evacuación de una mola?,No se requiere anticoncepción,6 a 12 meses,3 meses,,6 a 12 meses
PROC_OBS_HEM_MOLA_001_010,obs,1,¿La aparición de qué patología antes de las 20 semanas de gestación es altamente sugestiva de mola hidatidiforme?,Colestasis Intrahepática,Preeclampsia / Hipertensión,Diabetes Gestacional,,Preeclampsia / Hipertensión
PROC_OBS_HEM_MOLA_001_010,obs,2,¿Cómo se describe clásicamente el patrón ultrasonográfico de una mola hidatidiforme completa?,Imagen de 'masa heterogénea' con feto presente,Imagen en 'tormenta de nieve' o 'panal de abejas',Imagen en 'anillo de fuego' peritubárica,,Imagen en 'tormenta de nieve' o 'panal de abejas'
PROC_OBS_HEM_MOLA_001_010,obs,3,¿Por cuánto tiempo se recomienda el seguimiento con anticonceptivos orales tras la evacuación de una mola?,3 meses,No se requiere anticoncepción,6 a 12 meses,,6 a 12 meses
PROC_OBS_HEM_MOLA_001_011,obs,1,¿Cómo se describe clásicamente el patrón ultrasonográfico de una mola hidatidiforme completa?,Imagen en 'tormenta de nieve' o 'panal de abejas',Imagen de 'masa heterogénea' con feto presente,Imagen en 'anillo de fuego' peritubárica,,Imagen en 'tormenta de nieve' o 'panal de abejas'
PROC_OBS_HEM_MOLA_001_011,obs,2,¿La aparición de qué patología antes de las 20 semanas de gestación es altamente sugestiva de mola hidatidiforme?,Colestasis Intrahepática,Preeclampsia / Hipertensión,Diabetes Gestacional,,Preeclampsia / Hipertensión
PROC_OBS_HEM_MOLA_001_011,obs,3,¿Por cuánto tiempo se recomienda el seguimiento con anticonceptivos orales tras la evacuación de una mola?,No se requiere anticoncepción,3 meses,6 a 12 meses,,6 a 12 meses
PROC_OBS_HEM_MOLA_001_012,obs,1,¿Cómo se describe clásicamente el patrón ultrasonográfico de una mola hidatidiforme completa?,Imagen en 'anillo de fuego' peritubárica,Imagen de 'masa heterogénea' con feto presente,Imagen en 'tormenta de nieve' o 'panal de abejas',,Imagen en 'tormenta de nieve' o 'panal de abejas'
PROC_OBS_HEM_MOLA_001_012,obs,2,¿Por cuánto tiempo se recomienda el seguimiento con anticonceptivos orales tras la evacuación de una mola?,No se requiere anticoncepción,6 a 12 meses,3 meses,,6 a 12 meses
PROC_OBS_HEM_MOLA_001_012,obs,3,¿La aparición de qué patología antes de las 20 semanas de gestación es altamente sugestiva de mola hidatidiforme?,Diabetes Gestacional,Preeclampsia / Hipertensión,Colestasis Intrahepática,,Preeclampsia / Hipertensión
PROC_OBS_HEM_MOLA_001_013,obs,1,¿La aparición de qué patología antes de las 20 semanas de gestación es altamente sugestiva de mola hidatidiforme?,Preeclampsia / Hipertensión,Colestasis Intrahepática,Diabetes Gestacional,,Preeclampsia / Hipertensión
PROC_OBS_HEM_MOLA_001_013,obs,2,¿Por cuánto tiempo se recomienda el seguimiento con anticonceptivos orales tras la evacuación de una mola?,6 a 12 meses,3 meses,No se requiere anticoncepción,,6 a 12 meses
PROC_OBS_HEM_MOLA_001_013,obs,3,¿Cómo se describe clásicamente el patrón ultrasonográfico de una mola hidatidiforme completa?,Imagen de 'masa heterogénea' con feto presente,Imagen en 'anillo de fuego' peritubárica,Imagen en 'tormenta de nieve' o 'panal de abejas',,Imagen en 'tormenta de nieve' o 'panal de abejas'
PROC_OBS_HEM_MOLA_001_014,obs,1,¿La aparición de qué patología antes de las 20 semanas de gestación es altamente sugestiva de mola hidatidiforme?,Diabetes Gestacional,Preeclampsia / Hipertensión,Colestasis Intrahepática,,Preeclampsia / Hipertensión
PROC_OBS_HEM_MOLA_001_014,obs,2,¿Por cuánto tiempo se recomienda el seguimiento con anticonceptivos orales tras la evacuación de una mola?,6 a 12 meses,No se requiere anticoncepción,3 meses,,6 a 12 meses
PROC_OBS_HEM_MOLA_001_014,obs,3,¿Cómo se describe clásicamente el patrón ultrasonográfico de una mola hidatidiforme completa?,Imagen en 'tormenta de nieve' o 'panal de abejas',Imagen de 'masa heterogénea' con feto presente,Imagen en 'anillo de fuego' peritubárica,,Imagen en 'tormenta de nieve' o 'panal de abejas'
PROC_OBS_HEM_MOLA_001_015,obs,1,¿La aparición de qué patología antes de las 20 semanas de gestación es altamente sugestiva de mola hidatidiforme?,Diabetes Gestacional,Preeclampsia / Hipertensión,Colestasis Intrahepática,,Preeclampsia / Hipertensión
PROC_OBS_HEM_MOLA_001_015,obs,2,¿Por cuánto tiempo se recomienda el seguimiento con anticonceptivos orales tras la evacuación de una mola?,6 a 12 meses,No se requiere anticoncepción,3 meses,,6 a 12 meses
PROC_OBS_HEM_MOLA_001_015,obs,3,¿Cómo se describe clásicamente el patrón ultrasonográfico de una mola hidatidiforme completa?,Imagen en 'anillo de fuego' peritubárica,Imagen en 'tormenta de nieve' o 'panal de abejas',Imagen de 'masa heterogénea' con feto presente,,Imagen en 'tormenta de nieve' o 'panal de abejas'
PROC_OBS_INFECTION_CORIO_001_001,obs,1,¿Cuál es el esquema antibiótico de primera elección recomendado por la GPC para el manejo de la corioamnionitis?,Clindamicina + Amikacina,Ampicilina + Gentamicina,Ceftriaxona + Metronidazol,,Ampicilina + Gentamicina
PROC_OBS_INFECTION_CORIO_001_001,obs,2,"En este contexto clínico, ¿cuál es la vía de interrupción del embarazo preferida en una paciente con Corioamnionitis, si no existe contraindicación obstétrica?",Histerectomía en bloque,Cesárea de Urgencia,Vía Vaginal (Inducción/Conducción),,Vía Vaginal (Inducción/Conducción)
PROC_OBS_INFECTION_CORIO_001_001,obs,3,"De las siguientes opciones, ¿cuál es el signo clínico INDISPENSABLE para integrar el diagnóstico de Corioamnionitis (Criterios de Gibbs)?",Fiebre materna >=38.0°C,Taquicardia Fetal >160 lpm,Líquido amniótico fétido,,Fiebre materna >=38.0°C
PROC_OBS_INFECTION_CORIO_001_002,obs,1,"De las siguientes opciones, ¿cuál es el esquema antibiótico de primera elección recomendado por la GPC para el manejo de la corioamnionitis?",Ampicilina + Gentamicina,Clindamicina + Amikacina,Ceftriaxona + Metronidazol,,Ampicilina + Gentamicina
PROC_OBS_INFECTION_CORIO_001_002,obs,2,¿Cuál es el signo clínico INDISPENSABLE para integrar el diagnóstico de Corioamnionitis (Criterios de Gibbs)?,Taquicardia Fetal >160 lpm,Fiebre materna >=38.0°C,Líquido amniótico fétido,,Fiebre materna >=38.0°C
PROC_OBS_INFECTION_CORIO_001_002,obs,3,"Identifique la vía de interrupción del embarazo preferida en una paciente con Corioamnionitis, si no existe contraindicación obstétrica?",Vía Vaginal (Inducción/Conducción),Cesárea de Urgencia,Histerectomía en bloque,,Vía Vaginal (Inducción/Conducción)
PROC_OBS_INFECTION_CORIO_001_003,obs,1,Identifique el esquema antibiótico de primera elección recomendado por la GPC para el manejo de la corioamnionitis?,Ceftriaxona + Metronidazol,Clindamicina + Amikacina,Ampicilina + Gentamicina,,Ampicilina + Gentamicina
PROC_OBS_INFECTION_CORIO_001_003,obs,2,¿Cuál es el signo clínico INDISPENSABLE para integrar el diagnóstico de Corioamnionitis (Criterios de Gibbs)?,Taquicardia Fetal >160 lpm,Líquido amniótico fétido,Fiebre materna >=38.0°C,,Fiebre materna >=38.0°C
PROC_OBS_INFECTION_CORIO_001_003,obs,3,"¿Cuál es la vía de interrupción del embarazo preferida en una paciente con Corioamnionitis, si no existe contraindicación obstétrica?",Cesárea de Urgencia,Histerectomía en bloque,Vía Vaginal (Inducción/Conducción),,Vía Vaginal (Inducción/Conducción)
PROC_OBS_INFECTION_CORIO_001_004,obs,1,"¿Cuál es la vía de interrupción del embarazo preferida en una paciente con Corioamnionitis, si no existe contraindicación obstétrica?",Cesárea de Urgencia,Histerectomía en bloque,Vía Vaginal (Inducción/Conducción),,Vía Vaginal (Inducción/Conducción)
PROC_OBS_INFECTION_CORIO_001_004,obs,2,Identifique el signo clínico INDISPENSABLE para integrar el diagnóstico de Corioamnionitis (Criterios de Gibbs)?,Líquido amniótico fétido,Taquicardia Fetal >160 lpm,Fiebre materna >=38.0°C,,Fiebre materna >=38.0°C
PROC_OBS_INFECTION_CORIO_001_004,obs,3,¿Cuál es el esquema antibiótico de primera elección recomendado por la GPC para el manejo de la corioamnionitis?,Clindamicina + Amikacina,Ampicilina + Gentamicina,Ceftriaxona + Metronidazol,,Ampicilina + Gentamicina
PROC_OBS_INFECTION_CORIO_001_005,obs,1,¿Cuál es el esquema antibiótico de primera elección recomendado por la GPC para el manejo de la corioamnionitis?,Ceftriaxona + Metronidazol,Clindamicina + Amikacina,Ampicilina + Gentamicina,,Ampicilina + Gentamicina
PROC_OBS_INFECTION_CORIO_001_005,obs,2,"Identifique la vía de interrupción del embarazo preferida en una paciente con Corioamnionitis, si no existe contraindicación obstétrica?",Histerectomía en bloque,Vía Vaginal (Inducción/Conducción),Cesárea de Urgencia,,Vía Vaginal (Inducción/Conducción)
PROC_OBS_INFECTION_CORIO_001_005,obs,3,¿Cuál es el signo clínico INDISPENSABLE para integrar el diagnóstico de Corioamnionitis (Criterios de Gibbs)?,Fiebre materna >=38.0°C,Taquicardia Fetal >160 lpm,Líquido amniótico fétido,,Fiebre materna >=38.0°C
PROC_OBS_INFECTION_CORIO_001_006,obs,1,"¿Cuál es la vía de interrupción del embarazo preferida en una paciente con Corioamnionitis, si no existe contraindicación obstétrica?",Vía Vaginal (Inducción/Conducción),Cesárea de Urgencia,Histerectomía en bloque,,Vía Vaginal (Inducción/Conducción)
PROC_OBS_INFECTION_CORIO_001_006,obs,2,"Con respecto a la patología, ¿cuál es el signo clínico INDISPENSABLE para integrar el diagnóstico de Corioamnionitis (Criterios de Gibbs)?",Taquicardia Fetal >160 lpm,Fiebre materna >=38.0°C,Líquido amniótico fétido,,Fiebre materna >=38.0°C
PROC_OBS_INFECTION_CORIO_001_006,obs,3,¿Cuál es el esquema antibiótico de primera elección recomendado por la GPC para el manejo de la corioamnionitis?,Ampicilina + Gentamicina,Ceftriaxona + Metronidazol,Clindamicina + Amikacina,,Ampicilina + Gentamicina
PROC_OBS_INFECTION_CORIO_001_007,obs,1,¿Cuál es el esquema antibiótico de primera elección recomendado por la GPC para el manejo de la corioamnionitis?,Clindamicina + Amikacina,Ceftriaxona + Metronidazol,Ampicilina + Gentamicina,,Ampicilina + Gentamicina
PROC_OBS_INFECTION_CORIO_001_007,obs,2,"De las siguientes opciones, ¿cuál es la vía de interrupción del embarazo preferida en una paciente con Corioamnionitis, si no existe contraindicación obstétrica?",Histerectomía en bloque,Vía Vaginal (Inducción/Conducción),Cesárea de Urgencia,,Vía Vaginal (Inducción/Conducción)
PROC_OBS_INFECTION_CORIO_001_007,obs,3,¿Cuál es el signo clínico INDISPENSABLE para integrar el diagnóstico de Corioamnionitis (Criterios de Gibbs)?,Taquicardia Fetal >160 lpm,Líquido amniótico fétido,Fiebre materna >=38.0°C,,Fiebre materna >=38.0°C
PROC_OBS_INFECTION_CORIO_001_008,obs,1,¿Cuál es el signo clínico INDISPENSABLE para integrar el diagnóstico de Corioamnionitis (Criterios de Gibbs)?,Taquicardia Fetal >160 lpm,Líquido amniótico fétido,Fiebre materna >=38.0°C,,Fiebre materna >=38.0°C
PROC_OBS_INFECTION_CORIO_001_008,obs,2,"¿Cuál es la vía de interrupción del embarazo preferida en una paciente con Corioamnionitis, si no existe contraindicación obstétrica?",Cesárea de Urgencia,Vía Vaginal (Inducción/Conducción),Histerectomía en bloque,,Vía Vaginal (Inducción/Conducción)
PROC_OBS_INFECTION_CORIO_001_008,obs,3,¿Cuál es el esquema antibiótico de primera elección recomendado por la GPC para el manejo de la corioamnionitis?,Ceftriaxona + Metronidazol,Clindamicina + Amikacina,Ampicilina + Gentamicina,,Ampicilina + Gentamicina
PROC_OBS_INFECTION_CORIO_001_009,obs,1,"En este contexto clínico, ¿cuál es la vía de interrupción del embarazo preferida en una paciente con Corioamnionitis, si no existe contraindicación obstétrica?",Cesárea de Urgencia,Histerectomía en bloque,Vía Vaginal (Inducción/Conducción),,Vía Vaginal (Inducción/Conducción)
PROC_OBS_INFECTION_CORIO_001_009,obs,2,¿Cuál es el signo clínico INDISPENSABLE para integrar el diagnóstico de Corioamnionitis (Criterios de Gibbs)?,Taquicardia Fetal >160 lpm,Fiebre materna >=38.0°C,Líquido amniótico fétido,,Fiebre materna >=38.0°C
PROC_OBS_INFECTION_CORIO_001_009,obs,3,¿Cuál es el esquema antibiótico de primera elección recomendado por la GPC para el manejo de la corioamnionitis?,Clindamicina + Amikacina,Ceftriaxona + Metronidazol,Ampicilina + Gentamicina,,Ampicilina + Gentamicina
PROC_OBS_INFECTION_CORIO_001_010,obs,1,"¿Cuál es la vía de interrupción del embarazo preferida en una paciente con Corioamnionitis, si no existe contraindicación obstétrica?",Cesárea de Urgencia,Vía Vaginal (Inducción/Conducción),Histerectomía en bloque,,Vía Vaginal (Inducción/Conducción)
PROC_OBS_INFECTION_CORIO_001_010,obs,2,"Con respecto a la patología, ¿cuál es el esquema antibiótico de primera elección recomendado por la GPC para el manejo de la corioamnionitis?",Ampicilina + Gentamicina,Ceftriaxona + Metronidazol,Clindamicina + Amikacina,,Ampicilina + Gentamicina
PROC_OBS_INFECTION_CORIO_001_010,obs,3,"En este contexto clínico, ¿cuál es el signo clínico INDISPENSABLE para integrar el diagnóstico de Corioamnionitis (Criterios de Gibbs)?",Líquido amniótico fétido,Taquicardia Fetal >160 lpm,Fiebre materna >=38.0°C,,Fiebre materna >=38.0°C
PROC_OBS_INFECTION_CORIO_001_011,obs,1,"De las siguientes opciones, ¿cuál es el esquema antibiótico de primera elección recomendado por la GPC para el manejo de la corioamnionitis?",Ampicilina + Gentamicina,Ceftriaxona + Metronidazol,Clindamicina + Amikacina,,Ampicilina + Gentamicina
PROC_OBS_INFECTION_CORIO_001_011,obs,2,¿Cuál es el signo clínico INDISPENSABLE para integrar el diagnóstico de Corioamnionitis (Criterios de Gibbs)?,Líquido amniótico fétido,Fiebre materna >=38.0°C,Taquicardia Fetal >160 lpm,,Fiebre materna >=38.0°C
PROC_OBS_INFECTION_CORIO_001_011,obs,3,"Identifique la vía de interrupción del embarazo preferida en una paciente con Corioamnionitis, si no existe contraindicación obstétrica?",Vía Vaginal (Inducción/Conducción),Cesárea de Urgencia,Histerectomía en bloque,,Vía Vaginal (Inducción/Conducción)
PROC_OBS_INFECTION_CORIO_001_012,obs,1,"De las siguientes opciones, ¿cuál es el esquema antibiótico de primera elección recomendado por la GPC para el manejo de la corioamnionitis?",Ampicilina + Gentamicina,Ceftriaxona + Metronidazol,Clindamicina + Amikacina,,Ampicilina + Gentamicina
PROC_OBS_INFECTION_CORIO_001_012,obs,2,"En este contexto clínico, ¿cuál es el signo clínico INDISPENSABLE para integrar el diagnóstico de Corioamnionitis (Criterios de Gibbs)?",Taquicardia Fetal >160 lpm,Fiebre materna >=38.0°C,Líquido amniótico fétido,,Fiebre materna >=38.0°C
PROC_OBS_INFECTION_CORIO_001_012,obs,3,"¿Cuál es la vía de interrupción del embarazo preferida en una paciente con Corioamnionitis, si no existe contraindicación obstétrica?",Histerectomía en bloque,Cesárea de Urgencia,Vía Vaginal (Inducción/Conducción),,Vía Vaginal (Inducción/Conducción)
PROC_OBS_INFECTION_CORIO_001_013,obs,1,¿Cuál es el signo clínico INDISPENSABLE para integrar el diagnóstico de Corioamnionitis (Criterios de Gibbs)?,Líquido amniótico fétido,Taquicardia Fetal >160 lpm,Fiebre materna >=38.0°C,,Fiebre materna >=38.0°C
PROC_OBS_INFECTION_CORIO_001_013,obs,2,"¿Cuál es la vía de interrupción del embarazo preferida en una paciente con Corioamnionitis, si no existe contraindicación obstétrica?",Histerectomía en bloque,Cesárea de Urgencia,Vía Vaginal (Inducción/Conducción),,Vía Vaginal (Inducción/Conducción)
PROC_OBS_INFECTION_CORIO_001_013,obs,3,¿Cuál es el esquema antibiótico de primera elección recomendado por la GPC para el manejo de la corioamnionitis?,Ampicilina + Gentamicina,Ceftriaxona + Metronidazol,Clindamicina + Amikacina,,Ampicilina + Gentamicina
PROC_OBS_INFECTION_CORIO_001_014,obs,1,¿Cuál es el esquema antibiótico de primera elección recomendado por la GPC para el manejo de la corioamnionitis?,Ampicilina + Gentamicina,Ceftriaxona + Metronidazol,Clindamicina + Amikacina,,Ampicilina + Gentamicina
PROC_OBS_INFECTION_CORIO_001_014,obs,2,"De las siguientes opciones, ¿cuál es la vía de interrupción del embarazo preferida en una paciente con Corioamnionitis, si no existe contraindicación obstétrica?",Histerectomía en bloque,Cesárea de Urgencia,Vía Vaginal (Inducción/Conducción),,Vía Vaginal (Inducción/Conducción)
PROC_OBS_INFECTION_CORIO_001_014,obs,3,¿Cuál es el signo clínico INDISPENSABLE para integrar el diagnóstico de Corioamnionitis (Criterios de Gibbs)?,Taquicardia Fetal >160 lpm,Líquido amniótico fétido,Fiebre materna >=38.0°C,,Fiebre materna >=38.0°C
PROC_OBS_INFECTION_CORIO_001_015,obs,1,"En este contexto clínico, ¿cuál es el esquema antibiótico de primera elección recomendado por la GPC para el manejo de la corioamnionitis?",Ceftriaxona + Metronidazol,Clindamicina + Amikacina,Ampicilina + Gentamicina,,Ampicilina + Gentamicina
PROC_OBS_INFECTION_CORIO_001_015,obs,2,"¿Cuál es la vía de interrupción del embarazo preferida en una paciente con Corioamnionitis, si no existe contraindicación obstétrica?",Vía Vaginal (Inducción/Conducción),Histerectomía en bloque,Cesárea de Urgencia,,Vía Vaginal (Inducción/Conducción)
PROC_OBS_INFECTION_CORIO_001_015,obs,3,¿Cuál es el signo clínico INDISPENSABLE para integrar el diagnóstico de Corioamnionitis (Criterios de Gibbs)?,Líquido amniótico fétido,Taquicardia Fetal >160 lpm,Fiebre materna >=38.0°C,,Fiebre materna >=38.0°C
PROC_OBS_PREECLAMPSIA_001_001,obs,1,"En este contexto clínico, ¿cuál es el antídoto de elección ante una intoxicación por Sulfato de Magnesio?",Gluconato de Calcio,Naloxona,Flumazenil,,Gluconato de Calcio
PROC_OBS_PREECLAMPSIA_001_001,obs,2,¿Qué parámetros integran el acrónimo del Síndrome de HELLP?,"Hipertensión, Edema, Linfocitos ↑, Leucocitos ↑","Hemólisis, Enzimas hepáticas ↑, Plaquetas ↓","Hipotensión, Enzimas cardiacas ↑, Lactato ↑",,"Hemólisis, Enzimas hepáticas ↑, Plaquetas ↓"
PROC_OBS_PREECLAMPSIA_001_001,obs,3,¿Cuál es el primer signo clínico de intoxicación por Magnesio?,Somnolencia extrema,Abolición del reflejo rotuliano,Paro respiratorio,,Abolición del reflejo rotuliano
PROC_OBS_PREECLAMPSIA_001_002,obs,1,¿Qué parámetros integran el acrónimo del Síndrome de HELLP?,"Hemólisis, Enzimas hepáticas ↑, Plaquetas ↓","Hipotensión, Enzimas cardiacas ↑, Lactato ↑","Hipertensión, Edema, Linfocitos ↑, Leucocitos ↑",,"Hemólisis, Enzimas hepáticas ↑, Plaquetas ↓"
PROC_OBS_PREECLAMPSIA_001_002,obs,2,¿Cuál es el antídoto de elección ante una intoxicación por Sulfato de Magnesio?,Gluconato de Calcio,Flumazenil,Naloxona,,Gluconato de Calcio
PROC_OBS_PREECLAMPSIA_001_002,obs,3,"De las siguientes opciones, ¿cuál es el primer signo clínico de intoxicación por Magnesio?",Somnolencia extrema,Paro respiratorio,Abolición del reflejo rotuliano,,Abolición del reflejo rotuliano
PROC_OBS_PREECLAMPSIA_001_003,obs,1,"De las siguientes opciones, ¿cuál es el antídoto de elección ante una intoxicación por Sulfato de Magnesio?",Naloxona,Flumazenil,Gluconato de Calcio,,Gluconato de Calcio
PROC_OBS_PREECLAMPSIA_001_003,obs,2,¿Cuál es el primer signo clínico de intoxicación por Magnesio?,Abolición del reflejo rotuliano,Somnolencia extrema,Paro respiratorio,,Abolición del reflejo rotuliano
PROC_OBS_PREECLAMPSIA_001_003,obs,3,¿Qué parámetros integran el acrónimo del Síndrome de HELLP?,"Hipertensión, Edema, Linfocitos ↑, Leucocitos ↑","Hemólisis, Enzimas hepáticas ↑, Plaquetas ↓","Hipotensión, Enzimas cardiacas ↑, Lactato ↑",,"Hemólisis, Enzimas hepáticas ↑, Plaquetas ↓"
PROC_OBS_PREECLAMPSIA_001_004,obs,1,Identifique el primer signo clínico de intoxicación por Magnesio?,Somnolencia extrema,Paro respiratorio,Abolición del reflejo rotuliano,,Abolición del reflejo rotuliano
PROC_OBS_PREECLAMPSIA_001_004,obs,2,¿Qué parámetros integran el acrónimo del Síndrome de HELLP?,"Hipotensión, Enzimas cardiacas ↑, Lactato ↑","Hipertensión, Edema, Linfocitos ↑, Leucocitos ↑","Hemólisis, Enzimas hepáticas ↑, Plaquetas ↓",,"Hemólisis, Enzimas hepáticas ↑, Plaquetas ↓"
PROC_OBS_PREECLAMPSIA_001_004,obs,3,Identifique el antídoto de elección ante una intoxicación por Sulfato de Magnesio?,Flumazenil,Gluconato de Calcio,Naloxona,,Gluconato de Calcio
PROC_OBS_PREECLAMPSIA_001_005,obs,1,¿Qué parámetros integran el acrónimo del Síndrome de HELLP?,"Hipertensión, Edema, Linfocitos ↑, Leucocitos ↑","Hipotensión, Enzimas cardiacas ↑, Lactato ↑","Hemólisis, Enzimas hepáticas ↑, Plaquetas ↓",,"Hemólisis, Enzimas hepáticas ↑, Plaquetas ↓"
PROC_OBS_PREECLAMPSIA_001_005,obs,2,¿Cuál es el primer signo clínico de intoxicación por Magnesio?,Paro respiratorio,Somnolencia extrema,Abolición del reflejo rotuliano,,Abolición del reflejo rotuliano
PROC_OBS_PREECLAMPSIA_001_005,obs,3,¿Cuál es el antídoto de elección ante una intoxicación por Sulfato de Magnesio?,Flumazenil,Gluconato de Calcio,Naloxona,,Gluconato de Calcio
PROC_OBS_PREECLAMPSIA_001_006,obs,1,¿Qué parámetros integran el acrónimo del Síndrome de HELLP?,"Hemólisis, Enzimas hepáticas ↑, Plaquetas ↓","Hipertensión, Edema, Linfocitos ↑, Leucocitos ↑","Hipotensión, Enzimas cardiacas ↑, Lactato ↑",,"Hemólisis, Enzimas hepáticas ↑, Plaquetas ↓"
PROC_OBS_PREECLAMPSIA_001_006,obs,2,¿Cuál es el primer signo clínico de intoxicación por Magnesio?,Paro respiratorio,Abolición del reflejo rotuliano,Somnolencia extrema,,Abolición del reflejo rotuliano
PROC_OBS_PREECLAMPSIA_001_006,obs,3,"Con respecto a la patología, ¿cuál es el antídoto de elección ante una intoxicación por Sulfato de Magnesio?",Naloxona,Gluconato de Calcio,Flumazenil,,Gluconato de Calcio
PROC_OBS_PREECLAMPSIA_001_007,obs,1,"De las siguientes opciones, ¿cuál es el primer signo clínico de intoxicación por Magnesio?",Abolición del reflejo rotuliano,Somnolencia extrema,Paro respiratorio,,Abolición del reflejo rotuliano
PROC_OBS_PREECLAMPSIA_001_007,obs,2,¿Qué parámetros integran el acrónimo del Síndrome de HELLP?,"Hipotensión, Enzimas cardiacas ↑, Lactato ↑","Hemólisis, Enzimas hepáticas ↑, Plaquetas ↓","Hipertensión, Edema, Linfocitos ↑, Leucocitos ↑",,"Hemólisis, Enzimas hepáticas ↑, Plaquetas ↓"
PROC_OBS_PREECLAMPSIA_001_007,obs,3,"De las siguientes opciones, ¿cuál es el antídoto de elección ante una intoxicación por Sulfato de Magnesio?",Gluconato de Calcio,Flumazenil,Naloxona,,Gluconato de Calcio
PROC_OBS_PREECLAMPSIA_001_008,obs,1,¿Qué parámetros integran el acrónimo del Síndrome de HELLP?,"Hemólisis, Enzimas hepáticas ↑, Plaquetas ↓","Hipertensión, Edema, Linfocitos ↑, Leucocitos ↑","Hipotensión, Enzimas cardiacas ↑, Lactato ↑",,"Hemólisis, Enzimas hepáticas ↑, Plaquetas ↓"
PROC_OBS_PREECLAMPSIA_001_008,obs,2,¿Cuál es el antídoto de elección ante una intoxicación por Sulfato de Magnesio?,Gluconato de Calcio,Flumazenil,Naloxona,,Gluconato de Calcio
PROC_OBS_PREECLAMPSIA_001_008,obs,3,¿Cuál es el primer signo clínico de intoxicación por Magnesio?,Paro respiratorio,Abolición del reflejo rotuliano,Somnolencia extrema,,Abolición del reflejo rotuliano
PROC_OBS_PREECLAMPSIA_001_009,obs,1,¿Cuál es el primer signo clínico de intoxicación por Magnesio?,Abolición del reflejo rotuliano,Paro respiratorio,Somnolencia extrema,,Abolición del reflejo rotuliano
PROC_OBS_PREECLAMPSIA_001_009,obs,2,¿Cuál es el antídoto de elección ante una intoxicación por Sulfato de Magnesio?,Flumazenil,Naloxona,Gluconato de Calcio,,Gluconato de Calcio
PROC_OBS_PREECLAMPSIA_001_009,obs,3,¿Qué parámetros integran el acrónimo del Síndrome de HELLP?,"Hipotensión, Enzimas cardiacas ↑, Lactato ↑","Hemólisis, Enzimas hepáticas ↑, Plaquetas ↓","Hipertensión, Edema, Linfocitos ↑, Leucocitos ↑",,"Hemólisis, Enzimas hepáticas ↑, Plaquetas ↓"
PROC_OBS_PREECLAMPSIA_001_010,obs,1,¿Cuál es el primer signo clínico de intoxicación por Magnesio?,Abolición del reflejo rotuliano,Paro respiratorio,Somnolencia extrema,,Abolición del reflejo rotuliano
PROC_OBS_PREECLAMPSIA_001_010,obs,2,¿Qué parámetros integran el acrónimo del Síndrome de HELLP?,"Hemólisis, Enzimas hepáticas ↑, Plaquetas ↓","Hipotensión, Enzimas cardiacas ↑, Lactato ↑","Hipertensión, Edema, Linfocitos ↑, Leucocitos ↑",,"Hemólisis, Enzimas hepáticas ↑, Plaquetas ↓"
PROC_OBS_PREECLAMPSIA_001_010,obs,3,¿Cuál es el antídoto de elección ante una intoxicación por Sulfato de Magnesio?,Gluconato de Calcio,Naloxona,Flumazenil,,Gluconato de Calcio
PROC_OBS_PREECLAMPSIA_001_011,obs,1,"Con respecto a la patología, ¿cuál es el antídoto de elección ante una intoxicación por Sulfato de Magnesio?",Gluconato de Calcio,Naloxona,Flumazenil,,Gluconato de Calcio
PROC_OBS_PREECLAMPSIA_001_011,obs,2,¿Qué parámetros integran el acrónimo del Síndrome de HELLP?,"Hemólisis, Enzimas hepáticas ↑, Plaquetas ↓","Hipertensión, Edema, Linfocitos ↑, Leucocitos ↑","Hipotensión, Enzimas cardiacas ↑, Lactato ↑",,"Hemólisis, Enzimas hepáticas ↑, Plaquetas ↓"
PROC_OBS_PREECLAMPSIA_001_011,obs,3,"Con respecto a la patología, ¿cuál es el primer signo clínico de intoxicación por Magnesio?",Somnolencia extrema,Paro respiratorio,Abolición del reflejo rotuliano,,Abolición del reflejo rotuliano
PROC_OBS_PREECLAMPSIA_001_012,obs,1,¿Cuál es el primer signo clínico de intoxicación por Magnesio?,Somnolencia extrema,Paro respiratorio,Abolición del reflejo rotuliano,,Abolición del reflejo rotuliano
PROC_OBS_PREECLAMPSIA_001_012,obs,2,¿Cuál es el antídoto de elección ante una intoxicación por Sulfato de Magnesio?,Flumazenil,Gluconato de Calcio,Naloxona,,Gluconato de Calcio
PROC_OBS_PREECLAMPSIA_001_012,obs,3,¿Qué parámetros integran el acrónimo del Síndrome de HELLP?,"Hipertensión, Edema, Linfocitos ↑, Leucocitos ↑","Hemólisis, Enzimas hepáticas ↑, Plaquetas ↓","Hipotensión, Enzimas cardiacas ↑, Lactato ↑",,"Hemólisis, Enzimas hepáticas ↑, Plaquetas ↓"
PROC_OBS_PREECLAMPSIA_001_013,obs,1,¿Cuál es el primer signo clínico de intoxicación por Magnesio?,Paro respiratorio,Abolición del reflejo rotuliano,Somnolencia extrema,,Abolición del reflejo rotuliano
PROC_OBS_PREECLAMPSIA_001_013,obs,2,¿Qué parámetros integran el acrónimo del Síndrome de HELLP?,"Hipotensión, Enzimas cardiacas ↑, Lactato ↑","Hemólisis, Enzimas hepáticas ↑, Plaquetas ↓","Hipertensión, Edema, Linfocitos ↑, Leucocitos ↑",,"Hemólisis, Enzimas hepáticas ↑, Plaquetas ↓"
PROC_OBS_PREECLAMPSIA_001_013,obs,3,"En este contexto clínico, ¿cuál es el antídoto de elección ante una intoxicación por Sulfato de Magnesio?",Flumazenil,Gluconato de Calcio,Naloxona,,Gluconato de Calcio
PROC_OBS_PREECLAMPSIA_001_014,obs,1,¿Cuál es el antídoto de elección ante una intoxicación por Sulfato de Magnesio?,Naloxona,Flumazenil,Gluconato de Calcio,,Gluconato de Calcio
PROC_OBS_PREECLAMPSIA_001_014,obs,2,"En este contexto clínico, ¿cuál es el primer signo clínico de intoxicación por Magnesio?",Somnolencia extrema,Paro respiratorio,Abolición del reflejo rotuliano,,Abolición del reflejo rotuliano
PROC_OBS_PREECLAMPSIA_001_014,obs,3,¿Qué parámetros integran el acrónimo del Síndrome de HELLP?,"Hemólisis, Enzimas hepáticas ↑, Plaquetas ↓","Hipertensión, Edema, Linfocitos ↑, Leucocitos ↑","Hipotensión, Enzimas cardiacas ↑, Lactato ↑",,"Hemólisis, Enzimas hepáticas ↑, Plaquetas ↓"
PROC_OBS_PREECLAMPSIA_001_015,obs,1,¿Cuál es el antídoto de elección ante una intoxicación por Sulfato de Magnesio?,Gluconato de Calcio,Naloxona,Flumazenil,,Gluconato de Calcio
PROC_OBS_PREECLAMPSIA_001_015,obs,2,¿Cuál es el primer signo clínico de intoxicación por Magnesio?,Somnolencia extrema,Abolición del reflejo rotuliano,Paro respiratorio,,Abolición del reflejo rotuliano
PROC_OBS_PREECLAMPSIA_001_015,obs,3,¿Qué parámetros integran el acrónimo del Síndrome de HELLP?,"Hipertensión, Edema, Linfocitos ↑, Leucocitos ↑","Hipotensión, Enzimas cardiacas ↑, Lactato ↑","Hemólisis, Enzimas hepáticas ↑, Plaquetas ↓",,"Hemólisis, Enzimas hepáticas ↑, Plaquetas ↓"
PROC_OBS_RPM_001_001,obs,1,¿Qué marcador bioquímico es el más sensible para diagnosticar ruptura de membranas (Amnisure)?,Microglobulina placentaria alfa-1 (PAMG-1),Fibronectina fetal,Alfa-fetoproteína,,Microglobulina placentaria alfa-1 (PAMG-1)
PROC_OBS_RPM_001_001,obs,2,"En este contexto clínico, ¿cuál es la maniobra exploratoria que debe EVITARSE ante la sospecha de ruptura prematura de membranas?",Maniobra de Tarnier,Tacto vaginal repetido,Especuloscopía estéril,,Tacto vaginal repetido
PROC_OBS_RPM_001_001,obs,3,¿Cuál es la conducta recomendada en una paciente con RPM de 32 semanas de gestación sin datos de infección?,Manejo conservador (Madurez pulmonar + Antibióticos),Inducción inmediata del trabajo de parto,Cesárea de urgencia,,Manejo conservador (Madurez pulmonar + Antibióticos)
PROC_OBS_RPM_001_002,obs,1,¿Qué marcador bioquímico es el más sensible para diagnosticar ruptura de membranas (Amnisure)?,Alfa-fetoproteína,Microglobulina placentaria alfa-1 (PAMG-1),Fibronectina fetal,,Microglobulina placentaria alfa-1 (PAMG-1)
PROC_OBS_RPM_001_002,obs,2,¿Cuál es la maniobra exploratoria que debe EVITARSE ante la sospecha de ruptura prematura de membranas?,Maniobra de Tarnier,Especuloscopía estéril,Tacto vaginal repetido,,Tacto vaginal repetido
PROC_OBS_RPM_001_002,obs,3,¿Cuál es la conducta recomendada en una paciente con RPM de 32 semanas de gestación sin datos de infección?,Cesárea de urgencia,Inducción inmediata del trabajo de parto,Manejo conservador (Madurez pulmonar + Antibióticos),,Manejo conservador (Madurez pulmonar + Antibióticos)
PROC_OBS_RPM_001_003,obs,1,¿Cuál es la conducta recomendada en una paciente con RPM de 32 semanas de gestación sin datos de infección?,Manejo conservador (Madurez pulmonar + Antibióticos),Cesárea de urgencia,Inducción inmediata del trabajo de parto,,Manejo conservador (Madurez pulmonar + Antibióticos)
PROC_OBS_RPM_001_003,obs,2,¿Cuál es la maniobra exploratoria que debe EVITARSE ante la sospecha de ruptura prematura de membranas?,Tacto vaginal repetido,Maniobra de Tarnier,Especuloscopía estéril,,Tacto vaginal repetido
PROC_OBS_RPM_001_003,obs,3,¿Qué marcador bioquímico es el más sensible para diagnosticar ruptura de membranas (Amnisure)?,Microglobulina placentaria alfa-1 (PAMG-1),Alfa-fetoproteína,Fibronectina fetal,,Microglobulina placentaria alfa-1 (PAMG-1)
PROC_OBS_RPM_001_004,obs,1,¿Qué marcador bioquímico es el más sensible para diagnosticar ruptura de membranas (Amnisure)?,Fibronectina fetal,Microglobulina placentaria alfa-1 (PAMG-1),Alfa-fetoproteína,,Microglobulina placentaria alfa-1 (PAMG-1)
PROC_OBS_RPM_001_004,obs,2,"En este contexto clínico, ¿cuál es la conducta recomendada en una paciente con RPM de 32 semanas de gestación sin datos de infección?",Manejo conservador (Madurez pulmonar + Antibióticos),Cesárea de urgencia,Inducción inmediata del trabajo de parto,,Manejo conservador (Madurez pulmonar + Antibióticos)
PROC_OBS_RPM_001_004,obs,3,¿Cuál es la maniobra exploratoria que debe EVITARSE ante la sospecha de ruptura prematura de membranas?,Maniobra de Tarnier,Especuloscopía estéril,Tacto vaginal repetido,,Tacto vaginal repetido
PROC_OBS_RPM_001_005,obs,1,¿Qué marcador bioquímico es el más sensible para diagnosticar ruptura de membranas (Amnisure)?,Fibronectina fetal,Microglobulina placentaria alfa-1 (PAMG-1),Alfa-fetoproteína,,Microglobulina placentaria alfa-1 (PAMG-1)
PROC_OBS_RPM_001_005,obs,2,Identifique la conducta recomendada en una paciente con RPM de 32 semanas de gestación sin datos de infección?,Manejo conservador (Madurez pulmonar + Antibióticos),Cesárea de urgencia,Inducción inmediata del trabajo de parto,,Manejo conservador (Madurez pulmonar + Antibióticos)
PROC_OBS_RPM_001_005,obs,3,"En este contexto clínico, ¿cuál es la maniobra exploratoria que debe EVITARSE ante la sospecha de ruptura prematura de membranas?",Tacto vaginal repetido,Especuloscopía estéril,Maniobra de Tarnier,,Tacto vaginal repetido
PROC_OBS_RPM_001_006,obs,1,¿Qué marcador bioquímico es el más sensible para diagnosticar ruptura de membranas (Amnisure)?,Alfa-fetoproteína,Fibronectina fetal,Microglobulina placentaria alfa-1 (PAMG-1),,Microglobulina placentaria alfa-1 (PAMG-1)
PROC_OBS_RPM_001_006,obs,2,¿Cuál es la maniobra exploratoria que debe EVITARSE ante la sospecha de ruptura prematura de membranas?,Tacto vaginal repetido,Maniobra de Tarnier,Especuloscopía estéril,,Tacto vaginal repetido
PROC_OBS_RPM_001_006,obs,3,"Con respecto a la patología, ¿cuál es la conducta recomendada en una paciente con RPM de 32 semanas de gestación sin datos de infección?",Cesárea de urgencia,Manejo conservador (Madurez pulmonar + Antibióticos),Inducción inmediata del trabajo de parto,,Manejo conservador (Madurez pulmonar + Antibióticos)
PROC_OBS_RPM_001_007,obs,1,"En este contexto clínico, ¿cuál es la maniobra exploratoria que debe EVITARSE ante la sospecha de ruptura prematura de membranas?",Maniobra de Tarnier,Tacto vaginal repetido,Especuloscopía estéril,,Tacto vaginal repetido
PROC_OBS_RPM_001_007,obs,2,¿Cuál es la conducta recomendada en una paciente con RPM de 32 semanas de gestación sin datos de infección?,Manejo conservador (Madurez pulmonar + Antibióticos),Inducción inmediata del trabajo de parto,Cesárea de urgencia,,Manejo conservador (Madurez pulmonar + Antibióticos)
PROC_OBS_RPM_001_007,obs,3,¿Qué marcador bioquímico es el más sensible para diagnosticar ruptura de membranas (Amnisure)?,Alfa-fetoproteína,Microglobulina placentaria alfa-1 (PAMG-1),Fibronectina fetal,,Microglobulina placentaria alfa-1 (PAMG-1)
PROC_OBS_RPM_001_008,obs,1,¿Qué marcador bioquímico es el más sensible para diagnosticar ruptura de membranas (Amnisure)?,Microglobulina placentaria alfa-1 (PAMG-1),Alfa-fetoproteína,Fibronectina fetal,,Microglobulina placentaria alfa-1 (PAMG-1)
PROC_OBS_RPM_001_008,obs,2,¿Cuál es la maniobra exploratoria que debe EVITARSE ante la sospecha de ruptura prematura de membranas?,Especuloscopía estéril,Tacto vaginal repetido,Maniobra de Tarnier,,Tacto vaginal repetido
PROC_OBS_RPM_001_008,obs,3,"En este contexto clínico, ¿cuál es la conducta recomendada en una paciente con RPM de 32 semanas de gestación sin datos de infección?",Cesárea de urgencia,Inducción inmediata del trabajo de parto,Manejo conservador (Madurez pulmonar + Antibióticos),,Manejo conservador (Madurez pulmonar + Antibióticos)
PROC_OBS_RPM_001_009,obs,1,¿Qué marcador bioquímico es el más sensible para diagnosticar ruptura de membranas (Amnisure)?,Microglobulina placentaria alfa-1 (PAMG-1),Alfa-fetoproteína,Fibronectina fetal,,Microglobulina placentaria alfa-1 (PAMG-1)
PROC_OBS_RPM_001_009,obs,2,¿Cuál es la maniobra exploratoria que debe EVITARSE ante la sospecha de ruptura prematura de membranas?,Tacto vaginal repetido,Maniobra de Tarnier,Especuloscopía estéril,,Tacto vaginal repetido
PROC_OBS_RPM_001_009,obs,3,¿Cuál es la conducta recomendada en una paciente con RPM de 32 semanas de gestación sin datos de infección?,Inducción inmediata del trabajo de parto,Manejo conservador (Madurez pulmonar + Antibióticos),Cesárea de urgencia,,Manejo conservador (Madurez pulmonar + Antibióticos)
PROC_OBS_RPM_001_010,obs,1,¿Cuál es la maniobra exploratoria que debe EVITARSE ante la sospecha de ruptura prematura de membranas?,Especuloscopía estéril,Maniobra de Tarnier,Tacto vaginal repetido,,Tacto vaginal repetido
PROC_OBS_RPM_001_010,obs,2,¿Cuál es la conducta recomendada en una paciente con RPM de 32 semanas de gestación sin datos de infección?,Inducción inmediata del trabajo de parto,Cesárea de urgencia,Manejo conservador (Madurez pulmonar + Antibióticos),,Manejo conservador (Madurez pulmonar + Antibióticos)
PROC_OBS_RPM_001_010,obs,3,¿Qué marcador bioquímico es el más sensible para diagnosticar ruptura de membranas (Amnisure)?,Alfa-fetoproteína,Microglobulina placentaria alfa-1 (PAMG-1),Fibronectina fetal,,Microglobulina placentaria alfa-1 (PAMG-1)
PROC_OBS_RPM_001_011,obs,1,¿Qué marcador bioquímico es el más sensible para diagnosticar ruptura de membranas (Amnisure)?,Microglobulina placentaria alfa-1 (PAMG-1),Alfa-fetoproteína,Fibronectina fetal,,Microglobulina placentaria alfa-1 (PAMG-1)
PROC_OBS_RPM_001_011,obs,2,"De las siguientes opciones, ¿cuál es la conducta recomendada en una paciente con RPM de 32 semanas de gestación sin datos de infección?",Cesárea de urgencia,Manejo conservador (Madurez pulmonar + Antibióticos),Inducción inmediata del trabajo de parto,,Manejo conservador (Madurez pulmonar + Antibióticos)
PROC_OBS_RPM_001_011,obs,3,¿Cuál es la maniobra exploratoria que debe EVITARSE ante la sospecha de ruptura prematura de membranas?,Maniobra de Tarnier,Tacto vaginal repetido,Especuloscopía estéril,,Tacto vaginal repetido
PROC_OBS_RPM_001_012,obs,1,¿Cuál es la maniobra exploratoria que debe EVITARSE ante la sospecha de ruptura prematura de membranas?,Maniobra de Tarnier,Especuloscopía estéril,Tacto vaginal repetido,,Tacto vaginal repetido
PROC_OBS_RPM_001_012,obs,2,¿Cuál es la conducta recomendada en una paciente con RPM de 32 semanas de gestación sin datos de infección?,Manejo conservador (Madurez pulmonar + Antibióticos),Inducción inmediata del trabajo de parto,Cesárea de urgencia,,Manejo conservador (Madurez pulmonar + Antibióticos)
PROC_OBS_RPM_001_012,obs,3,¿Qué marcador bioquímico es el más sensible para diagnosticar ruptura de membranas (Amnisure)?,Fibronectina fetal,Microglobulina placentaria alfa-1 (PAMG-1),Alfa-fetoproteína,,Microglobulina placentaria alfa-1 (PAMG-1)
PROC_OBS_RPM_001_013,obs,1,"Con respecto a la patología, ¿cuál es la conducta recomendada en una paciente con RPM de 32 semanas de gestación sin datos de infección?",Cesárea de urgencia,Inducción inmediata del trabajo de parto,Manejo conservador (Madurez pulmonar + Antibióticos),,Manejo conservador (Madurez pulmonar + Antibióticos)
PROC_OBS_RPM_001_013,obs,2,¿Cuál es la maniobra exploratoria que debe EVITARSE ante la sospecha de ruptura prematura de membranas?,Maniobra de Tarnier,Especuloscopía estéril,Tacto vaginal repetido,,Tacto vaginal repetido
PROC_OBS_RPM_001_013,obs,3,¿Qué marcador bioquímico es el más sensible para diagnosticar ruptura de membranas (Amnisure)?,Microglobulina placentaria alfa-1 (PAMG-1),Alfa-fetoproteína,Fibronectina fetal,,Microglobulina placentaria alfa-1 (PAMG-1)
PROC_OBS_RPM_001_014,obs,1,¿Cuál es la conducta recomendada en una paciente con RPM de 32 semanas de gestación sin datos de infección?,Cesárea de urgencia,Manejo conservador (Madurez pulmonar + Antibióticos),Inducción inmediata del trabajo de parto,,Manejo conservador (Madurez pulmonar + Antibióticos)
PROC_OBS_RPM_001_014,obs,2,¿Qué marcador bioquímico es el más sensible para diagnosticar ruptura de membranas (Amnisure)?,Alfa-fetoproteína,Fibronectina fetal,Microglobulina placentaria alfa-1 (PAMG-1),,Microglobulina placentaria alfa-1 (PAMG-1)
PROC_OBS_RPM_001_014,obs,3,¿Cuál es la maniobra exploratoria que debe EVITARSE ante la sospecha de ruptura prematura de membranas?,Especuloscopía estéril,Tacto vaginal repetido,Maniobra de Tarnier,,Tacto vaginal repetido
PROC_OBS_RPM_001_015,obs,1,¿Qué marcador bioquímico es el más sensible para diagnosticar ruptura de membranas (Amnisure)?,Microglobulina placentaria alfa-1 (PAMG-1),Fibronectina fetal,Alfa-fetoproteína,,Microglobulina placentaria alfa-1 (PAMG-1)
PROC_OBS_RPM_001_015,obs,2,¿Cuál es la maniobra exploratoria que debe EVITARSE ante la sospecha de ruptura prematura de membranas?,Maniobra de Tarnier,Especuloscopía estéril,Tacto vaginal repetido,,Tacto vaginal repetido
PROC_OBS_RPM_001_015,obs,3,Identifique la conducta recomendada en una paciente con RPM de 32 semanas de gestación sin datos de infección?,Cesárea de urgencia,Manejo conservador (Madurez pulmonar + Antibióticos),Inducción inmediata del trabajo de parto,,Manejo conservador (Madurez pulmonar + Antibióticos)
PROC_OPH_GLAUCOMA_001_001,oph,1,¿Cuál de estas opciones farmacológicas está CONTRAINDICADA en la fase aguda del glaucoma de ángulo cerrado?,Mióticos (Pilocarpina),Anhídrasa carbónica (Acetazolamida),Midriáticos (Atropina),,Midriáticos (Atropina)
PROC_OPH_GLAUCOMA_001_001,oph,2,¿Qué hallazgo pupilar es característico del ataque agudo de glaucoma de ángulo cerrado?,Midriasis media arreactiva,Pupila de Argyll Robertson,Miosis puntiforme,,Midriasis media arreactiva
PROC_OPH_GLAUCOMA_001_001,oph,3,"Con respecto a la patología, ¿cuál es el tratamiento quirúrgico/definitivo de elección para prevenir recurrencias en glaucoma primario de ángulo cerrado?",Trabeculectomía,Iridotomía con láser YAG,Extracción de catarata,,Iridotomía con láser YAG
PROC_OPH_GLAUCOMA_001_002,oph,1,¿Qué hallazgo pupilar es característico del ataque agudo de glaucoma de ángulo cerrado?,Miosis puntiforme,Pupila de Argyll Robertson,Midriasis media arreactiva,,Midriasis media arreactiva
PROC_OPH_GLAUCOMA_001_002,oph,2,"Con respecto a la patología, ¿cuál es el tratamiento quirúrgico/definitivo de elección para prevenir recurrencias en glaucoma primario de ángulo cerrado?",Iridotomía con láser YAG,Extracción de catarata,Trabeculectomía,,Iridotomía con láser YAG
PROC_OPH_GLAUCOMA_001_002,oph,3,¿Cuál de estas opciones farmacológicas está CONTRAINDICADA en la fase aguda del glaucoma de ángulo cerrado?,Anhídrasa carbónica (Acetazolamida),Midriáticos (Atropina),Mióticos (Pilocarpina),,Midriáticos (Atropina)
PROC_OPH_GLAUCOMA_001_003,oph,1,¿Qué hallazgo pupilar es característico del ataque agudo de glaucoma de ángulo cerrado?,Miosis puntiforme,Pupila de Argyll Robertson,Midriasis media arreactiva,,Midriasis media arreactiva
PROC_OPH_GLAUCOMA_001_003,oph,2,¿Cuál de estas opciones farmacológicas está CONTRAINDICADA en la fase aguda del glaucoma de ángulo cerrado?,Anhídrasa carbónica (Acetazolamida),Midriáticos (Atropina),Mióticos (Pilocarpina),,Midriáticos (Atropina)
PROC_OPH_GLAUCOMA_001_003,oph,3,"En este contexto clínico, ¿cuál es el tratamiento quirúrgico/definitivo de elección para prevenir recurrencias en glaucoma primario de ángulo cerrado?",Iridotomía con láser YAG,Trabeculectomía,Extracción de catarata,,Iridotomía con láser YAG
PROC_OPH_GLAUCOMA_001_004,oph,1,¿Cuál de estas opciones farmacológicas está CONTRAINDICADA en la fase aguda del glaucoma de ángulo cerrado?,Anhídrasa carbónica (Acetazolamida),Mióticos (Pilocarpina),Midriáticos (Atropina),,Midriáticos (Atropina)
PROC_OPH_GLAUCOMA_001_004,oph,2,¿Qué hallazgo pupilar es característico del ataque agudo de glaucoma de ángulo cerrado?,Midriasis media arreactiva,Pupila de Argyll Robertson,Miosis puntiforme,,Midriasis media arreactiva
PROC_OPH_GLAUCOMA_001_004,oph,3,¿Cuál es el tratamiento quirúrgico/definitivo de elección para prevenir recurrencias en glaucoma primario de ángulo cerrado?,Trabeculectomía,Iridotomía con láser YAG,Extracción de catarata,,Iridotomía con láser YAG
PROC_OPH_GLAUCOMA_001_005,oph,1,¿Qué hallazgo pupilar es característico del ataque agudo de glaucoma de ángulo cerrado?,Miosis puntiforme,Pupila de Argyll Robertson,Midriasis media arreactiva,,Midriasis media arreactiva
PROC_OPH_GLAUCOMA_001_005,oph,2,"De las siguientes opciones, ¿cuál es el tratamiento quirúrgico/definitivo de elección para prevenir recurrencias en glaucoma primario de ángulo cerrado?",Extracción de catarata,Iridotomía con láser YAG,Trabeculectomía,,Iridotomía con láser YAG
PROC_OPH_GLAUCOMA_001_005,oph,3,¿Cuál de estas opciones farmacológicas está CONTRAINDICADA en la fase aguda del glaucoma de ángulo cerrado?,Midriáticos (Atropina),Anhídrasa carbónica (Acetazolamida),Mióticos (Pilocarpina),,Midriáticos (Atropina)
PROC_ORL_EPISTAXIS_001_001,orl,1,"De las siguientes opciones, ¿cuál es el sitio anatómico más frecuente de origen de la epistaxis anterior?",Arterias etmoidales anteriores,Plexo de Kiesselbach,Arteria esfenopalatina,,Plexo de Kiesselbach
PROC_ORL_EPISTAXIS_001_001,orl,2,¿Qué arteria se asocia principalmente con la epistaxis posterior grave?,Arteria palatina mayor,Arteria esfenopalatina,Arteria labial superior,,Arteria esfenopalatina
PROC_ORL_EPISTAXIS_001_001,orl,3,"En este contexto clínico, ¿cuál es la conducta inicial recomendada para el manejo de la epistaxis aguda?",Taponamiento posterior con sonda Foley,Cauterización eléctrica inmediata,Presión digital directa con cabeza hacia adelante,,Presión digital directa con cabeza hacia adelante
PROC_ORL_EPISTAXIS_001_002,orl,1,¿Qué arteria se asocia principalmente con la epistaxis posterior grave?,Arteria palatina mayor,Arteria labial superior,Arteria esfenopalatina,,Arteria esfenopalatina
PROC_ORL_EPISTAXIS_001_002,orl,2,"En este contexto clínico, ¿cuál es el sitio anatómico más frecuente de origen de la epistaxis anterior?",Arteria esfenopalatina,Plexo de Kiesselbach,Arterias etmoidales anteriores,,Plexo de Kiesselbach
PROC_ORL_EPISTAXIS_001_002,orl,3,¿Cuál es la conducta inicial recomendada para el manejo de la epistaxis aguda?,Taponamiento posterior con sonda Foley,Cauterización eléctrica inmediata,Presión digital directa con cabeza hacia adelante,,Presión digital directa con cabeza hacia adelante
PROC_ORL_EPISTAXIS_001_003,orl,1,"En este contexto clínico, ¿cuál es la conducta inicial recomendada para el manejo de la epistaxis aguda?",Presión digital directa con cabeza hacia adelante,Cauterización eléctrica inmediata,Taponamiento posterior con sonda Foley,,Presión digital directa con cabeza hacia adelante
PROC_ORL_EPISTAXIS_001_003,orl,2,¿Cuál es el sitio anatómico más frecuente de origen de la epistaxis anterior?,Arteria esfenopalatina,Arterias etmoidales anteriores,Plexo de Kiesselbach,,Plexo de Kiesselbach
PROC_ORL_EPISTAXIS_001_003,orl,3,¿Qué arteria se asocia principalmente con la epistaxis posterior grave?,Arteria palatina mayor,Arteria labial superior,Arteria esfenopalatina,,Arteria esfenopalatina
PROC_ORL_EPISTAXIS_001_004,orl,1,¿Qué arteria se asocia principalmente con la epistaxis posterior grave?,Arteria labial superior,Arteria palatina mayor,Arteria esfenopalatina,,Arteria esfenopalatina
PROC_ORL_EPISTAXIS_001_004,orl,2,"En este contexto clínico, ¿cuál es la conducta inicial recomendada para el manejo de la epistaxis aguda?",Cauterización eléctrica inmediata,Presión digital directa con cabeza hacia adelante,Taponamiento posterior con sonda Foley,,Presión digital directa con cabeza hacia adelante
PROC_ORL_EPISTAXIS_001_004,orl,3,"Con respecto a la patología, ¿cuál es el sitio anatómico más frecuente de origen de la epistaxis anterior?",Arteria esfenopalatina,Arterias etmoidales anteriores,Plexo de Kiesselbach,,Plexo de Kiesselbach
PROC_ORL_EPISTAXIS_001_005,orl,1,Identifique el sitio anatómico más frecuente de origen de la epistaxis anterior?,Plexo de Kiesselbach,Arterias etmoidales anteriores,Arteria esfenopalatina,,Plexo de Kiesselbach
PROC_ORL_EPISTAXIS_001_005,orl,2,¿Cuál es la conducta inicial recomendada para el manejo de la epistaxis aguda?,Cauterización eléctrica inmediata,Taponamiento posterior con sonda Foley,Presión digital directa con cabeza hacia adelante,,Presión digital directa con cabeza hacia adelante
PROC_ORL_EPISTAXIS_001_005,orl,3,¿Qué arteria se asocia principalmente con la epistaxis posterior grave?,Arteria labial superior,Arteria esfenopalatina,Arteria palatina mayor,,Arteria esfenopalatina
PROC_ORL_OTITIS_MEDIA_001_001,ped,1,Identifique el hallazgo en la otoscopia más sugestivo de otitis media aguda?,Presencia de cerumen obstructivo,Membrana timpánica íntegra y nacarada,Abombamiento de la membrana timpánica,,Abombamiento de la membrana timpánica
PROC_ORL_OTITIS_MEDIA_001_001,ped,2,¿Cuál es la complicación intratemporal supurativa más frecuente de la OMA?,Laberintitis,Meningitis supurativa,Mastoiditis aguda,,Mastoiditis aguda
PROC_ORL_OTITIS_MEDIA_001_001,ped,3,¿Cuál es el antibiótico de primera elección y su dosis para el tratamiento de la OMA?,Eritromicina 40 mg/kg/día,Amoxicilina a 80-90 mg/kg/día,Ceftriaxona 50 mg/kg IM dosis única,,Amoxicilina a 80-90 mg/kg/día
PROC_ORL_OTITIS_MEDIA_001_002,ped,1,"Con respecto a la patología, ¿cuál es la complicación intratemporal supurativa más frecuente de la OMA?",Mastoiditis aguda,Meningitis supurativa,Laberintitis,,Mastoiditis aguda
PROC_ORL_OTITIS_MEDIA_001_002,ped,2,¿Cuál es el antibiótico de primera elección y su dosis para el tratamiento de la OMA?,Amoxicilina a 80-90 mg/kg/día,Eritromicina 40 mg/kg/día,Ceftriaxona 50 mg/kg IM dosis única,,Amoxicilina a 80-90 mg/kg/día
PROC_ORL_OTITIS_MEDIA_001_002,ped,3,¿Cuál es el hallazgo en la otoscopia más sugestivo de otitis media aguda?,Presencia de cerumen obstructivo,Membrana timpánica íntegra y nacarada,Abombamiento de la membrana timpánica,,Abombamiento de la membrana timpánica
PROC_ORL_OTITIS_MEDIA_001_003,ped,1,"Con respecto a la patología, ¿cuál es el hallazgo en la otoscopia más sugestivo de otitis media aguda?",Abombamiento de la membrana timpánica,Membrana timpánica íntegra y nacarada,Presencia de cerumen obstructivo,,Abombamiento de la membrana timpánica
PROC_ORL_OTITIS_MEDIA_001_003,ped,2,¿Cuál es la complicación intratemporal supurativa más frecuente de la OMA?,Mastoiditis aguda,Meningitis supurativa,Laberintitis,,Mastoiditis aguda
PROC_ORL_OTITIS_MEDIA_001_003,ped,3,¿Cuál es el antibiótico de primera elección y su dosis para el tratamiento de la OMA?,Amoxicilina a 80-90 mg/kg/día,Ceftriaxona 50 mg/kg IM dosis única,Eritromicina 40 mg/kg/día,,Amoxicilina a 80-90 mg/kg/día
PROC_ORL_OTITIS_MEDIA_001_004,ped,1,¿Cuál es la complicación intratemporal supurativa más frecuente de la OMA?,Laberintitis,Meningitis supurativa,Mastoiditis aguda,,Mastoiditis aguda
PROC_ORL_OTITIS_MEDIA_001_004,ped,2,¿Cuál es el antibiótico de primera elección y su dosis para el tratamiento de la OMA?,Ceftriaxona 50 mg/kg IM dosis única,Eritromicina 40 mg/kg/día,Amoxicilina a 80-90 mg/kg/día,,Amoxicilina a 80-90 mg/kg/día
PROC_ORL_OTITIS_MEDIA_001_004,ped,3,"Con respecto a la patología, ¿cuál es el hallazgo en la otoscopia más sugestivo de otitis media aguda?",Abombamiento de la membrana timpánica,Membrana timpánica íntegra y nacarada,Presencia de cerumen obstructivo,,Abombamiento de la membrana timpánica
PROC_ORL_OTITIS_MEDIA_001_005,ped,1,¿Cuál es la complicación intratemporal supurativa más frecuente de la OMA?,Laberintitis,Mastoiditis aguda,Meningitis supurativa,,Mastoiditis aguda
PROC_ORL_OTITIS_MEDIA_001_005,ped,2,¿Cuál es el antibiótico de primera elección y su dosis para el tratamiento de la OMA?,Ceftriaxona 50 mg/kg IM dosis única,Eritromicina 40 mg/kg/día,Amoxicilina a 80-90 mg/kg/día,,Amoxicilina a 80-90 mg/kg/día
PROC_ORL_OTITIS_MEDIA_001_005,ped,3,"Con respecto a la patología, ¿cuál es el hallazgo en la otoscopia más sugestivo de otitis media aguda?",Membrana timpánica íntegra y nacarada,Abombamiento de la membrana timpánica,Presencia de cerumen obstructivo,,Abombamiento de la membrana timpánica
PROC_PED_ANEMIA_FERROPENICA_001_001,ped,1,"En este contexto clínico, ¿cuál es el parámetro de laboratorio más sensible y temprano para diagnosticar la deficiencia de hierro?",Hemoglobina total,Ferritina sérica,Hierro sérico,,Ferritina sérica
PROC_PED_ANEMIA_FERROPENICA_001_001,ped,2,¿A los cuántos días de iniciado el tratamiento se observa el pico máximo de reticulocitosis?,2 a 3 días,7 a 10 días,30 días,,7 a 10 días
PROC_PED_ANEMIA_FERROPENICA_001_001,ped,3,"De las siguientes opciones, ¿cuál es la dosis recomendada de hierro elemental para el tratamiento de la anemia ferropénica en niños?",10 a 15 mg/kg/día,3 a 6 mg/kg/día,1 mg/kg/día,,3 a 6 mg/kg/día
PROC_PED_ANEMIA_FERROPENICA_001_002,ped,1,¿A los cuántos días de iniciado el tratamiento se observa el pico máximo de reticulocitosis?,30 días,2 a 3 días,7 a 10 días,,7 a 10 días
PROC_PED_ANEMIA_FERROPENICA_001_002,ped,2,"Con respecto a la patología, ¿cuál es la dosis recomendada de hierro elemental para el tratamiento de la anemia ferropénica en niños?",3 a 6 mg/kg/día,10 a 15 mg/kg/día,1 mg/kg/día,,3 a 6 mg/kg/día
PROC_PED_ANEMIA_FERROPENICA_001_002,ped,3,"De las siguientes opciones, ¿cuál es el parámetro de laboratorio más sensible y temprano para diagnosticar la deficiencia de hierro?",Ferritina sérica,Hemoglobina total,Hierro sérico,,Ferritina sérica
PROC_PED_ANEMIA_FERROPENICA_001_003,ped,1,¿Cuál es el parámetro de laboratorio más sensible y temprano para diagnosticar la deficiencia de hierro?,Hierro sérico,Ferritina sérica,Hemoglobina total,,Ferritina sérica
PROC_PED_ANEMIA_FERROPENICA_001_003,ped,2,¿Cuál es la dosis recomendada de hierro elemental para el tratamiento de la anemia ferropénica en niños?,3 a 6 mg/kg/día,10 a 15 mg/kg/día,1 mg/kg/día,,3 a 6 mg/kg/día
PROC_PED_ANEMIA_FERROPENICA_001_003,ped,3,¿A los cuántos días de iniciado el tratamiento se observa el pico máximo de reticulocitosis?,7 a 10 días,2 a 3 días,30 días,,7 a 10 días
PROC_PED_ANEMIA_FERROPENICA_001_004,ped,1,¿Cuál es la dosis recomendada de hierro elemental para el tratamiento de la anemia ferropénica en niños?,1 mg/kg/día,10 a 15 mg/kg/día,3 a 6 mg/kg/día,,3 a 6 mg/kg/día
PROC_PED_ANEMIA_FERROPENICA_001_004,ped,2,¿Cuál es el parámetro de laboratorio más sensible y temprano para diagnosticar la deficiencia de hierro?,Hemoglobina total,Ferritina sérica,Hierro sérico,,Ferritina sérica
PROC_PED_ANEMIA_FERROPENICA_001_004,ped,3,¿A los cuántos días de iniciado el tratamiento se observa el pico máximo de reticulocitosis?,2 a 3 días,7 a 10 días,30 días,,7 a 10 días
PROC_PED_ANEMIA_FERROPENICA_001_005,ped,1,¿A los cuántos días de iniciado el tratamiento se observa el pico máximo de reticulocitosis?,7 a 10 días,2 a 3 días,30 días,,7 a 10 días
PROC_PED_ANEMIA_FERROPENICA_001_005,ped,2,¿Cuál es el parámetro de laboratorio más sensible y temprano para diagnosticar la deficiencia de hierro?,Hierro sérico,Ferritina sérica,Hemoglobina total,,Ferritina sérica
PROC_PED_ANEMIA_FERROPENICA_001_005,ped,3,"En este contexto clínico, ¿cuál es la dosis recomendada de hierro elemental para el tratamiento de la anemia ferropénica en niños?",1 mg/kg/día,10 a 15 mg/kg/día,3 a 6 mg/kg/día,,3 a 6 mg/kg/día
PROC_PED_EXANT_ERYTHEMA_001_001,ped,1,¿En qué momento deja de ser contagioso un niño con la quinta enfermedad?,En cuanto aparece el exantema,7 días después del exantema,Nunca deja de ser contagioso,,En cuanto aparece el exantema
PROC_PED_EXANT_ERYTHEMA_001_001,ped,2,Identifique el principal receptor celular para el Parvovirus B19?,Receptor ACE2,CD4,Antígeno P (globósido),,Antígeno P (globósido)
PROC_PED_EXANT_ERYTHEMA_001_001,ped,3,¿Cuál es el agente etiológico del eritema infeccioso?,Virus Herpes Humano 6,Parvovirus B19,Virus de la Rubéola,,Parvovirus B19
PROC_PED_EXANT_ERYTHEMA_001_002,ped,1,¿Cuál es el principal receptor celular para el Parvovirus B19?,Antígeno P (globósido),CD4,Receptor ACE2,,Antígeno P (globósido)
PROC_PED_EXANT_ERYTHEMA_001_002,ped,2,¿En qué momento deja de ser contagioso un niño con la quinta enfermedad?,En cuanto aparece el exantema,Nunca deja de ser contagioso,7 días después del exantema,,En cuanto aparece el exantema
PROC_PED_EXANT_ERYTHEMA_001_002,ped,3,¿Cuál es el agente etiológico del eritema infeccioso?,Parvovirus B19,Virus Herpes Humano 6,Virus de la Rubéola,,Parvovirus B19
PROC_PED_EXANT_ERYTHEMA_001_003,ped,1,¿Cuál es el agente etiológico del eritema infeccioso?,Parvovirus B19,Virus Herpes Humano 6,Virus de la Rubéola,,Parvovirus B19
PROC_PED_EXANT_ERYTHEMA_001_003,ped,2,"En este contexto clínico, ¿cuál es el principal receptor celular para el Parvovirus B19?",Antígeno P (globósido),Receptor ACE2,CD4,,Antígeno P (globósido)
PROC_PED_EXANT_ERYTHEMA_001_003,ped,3,¿En qué momento deja de ser contagioso un niño con la quinta enfermedad?,En cuanto aparece el exantema,Nunca deja de ser contagioso,7 días después del exantema,,En cuanto aparece el exantema
PROC_PED_EXANT_ERYTHEMA_001_004,ped,1,¿Cuál es el principal receptor celular para el Parvovirus B19?,Antígeno P (globósido),Receptor ACE2,CD4,,Antígeno P (globósido)
PROC_PED_EXANT_ERYTHEMA_001_004,ped,2,¿En qué momento deja de ser contagioso un niño con la quinta enfermedad?,Nunca deja de ser contagioso,7 días después del exantema,En cuanto aparece el exantema,,En cuanto aparece el exantema
PROC_PED_EXANT_ERYTHEMA_001_004,ped,3,¿Cuál es el agente etiológico del eritema infeccioso?,Virus de la Rubéola,Parvovirus B19,Virus Herpes Humano 6,,Parvovirus B19
PROC_PED_EXANT_ERYTHEMA_001_005,ped,1,¿Cuál es el principal receptor celular para el Parvovirus B19?,Receptor ACE2,CD4,Antígeno P (globósido),,Antígeno P (globósido)
PROC_PED_EXANT_ERYTHEMA_001_005,ped,2,¿En qué momento deja de ser contagioso un niño con la quinta enfermedad?,En cuanto aparece el exantema,Nunca deja de ser contagioso,7 días después del exantema,,En cuanto aparece el exantema
PROC_PED_EXANT_ERYTHEMA_001_005,ped,3,"Con respecto a la patología, ¿cuál es el agente etiológico del eritema infeccioso?",Virus de la Rubéola,Parvovirus B19,Virus Herpes Humano 6,,Parvovirus B19
PROC_PED_EXANT_ERYTHEMA_001_006,ped,1,"En este contexto clínico, ¿cuál es el agente etiológico del eritema infeccioso?",Virus Herpes Humano 6,Virus de la Rubéola,Parvovirus B19,,Parvovirus B19
PROC_PED_EXANT_ERYTHEMA_001_006,ped,2,¿En qué momento deja de ser contagioso un niño con la quinta enfermedad?,En cuanto aparece el exantema,Nunca deja de ser contagioso,7 días después del exantema,,En cuanto aparece el exantema
PROC_PED_EXANT_ERYTHEMA_001_006,ped,3,¿Cuál es el principal receptor celular para el Parvovirus B19?,CD4,Receptor ACE2,Antígeno P (globósido),,Antígeno P (globósido)
PROC_PED_EXANT_ERYTHEMA_001_007,ped,1,¿Cuál es el principal receptor celular para el Parvovirus B19?,Receptor ACE2,CD4,Antígeno P (globósido),,Antígeno P (globósido)
PROC_PED_EXANT_ERYTHEMA_001_007,ped,2,¿En qué momento deja de ser contagioso un niño con la quinta enfermedad?,Nunca deja de ser contagioso,En cuanto aparece el exantema,7 días después del exantema,,En cuanto aparece el exantema
PROC_PED_EXANT_ERYTHEMA_001_007,ped,3,"De las siguientes opciones, ¿cuál es el agente etiológico del eritema infeccioso?",Virus de la Rubéola,Virus Herpes Humano 6,Parvovirus B19,,Parvovirus B19
PROC_PED_EXANT_ERYTHEMA_001_008,ped,1,Identifique el principal receptor celular para el Parvovirus B19?,Antígeno P (globósido),CD4,Receptor ACE2,,Antígeno P (globósido)
PROC_PED_EXANT_ERYTHEMA_001_008,ped,2,"De las siguientes opciones, ¿cuál es el agente etiológico del eritema infeccioso?",Virus de la Rubéola,Parvovirus B19,Virus Herpes Humano 6,,Parvovirus B19
PROC_PED_EXANT_ERYTHEMA_001_008,ped,3,¿En qué momento deja de ser contagioso un niño con la quinta enfermedad?,En cuanto aparece el exantema,Nunca deja de ser contagioso,7 días después del exantema,,En cuanto aparece el exantema
PROC_PED_EXANT_ERYTHEMA_001_009,ped,1,¿Cuál es el principal receptor celular para el Parvovirus B19?,Antígeno P (globósido),Receptor ACE2,CD4,,Antígeno P (globósido)
PROC_PED_EXANT_ERYTHEMA_001_009,ped,2,Identifique el agente etiológico del eritema infeccioso?,Parvovirus B19,Virus Herpes Humano 6,Virus de la Rubéola,,Parvovirus B19
PROC_PED_EXANT_ERYTHEMA_001_009,ped,3,¿En qué momento deja de ser contagioso un niño con la quinta enfermedad?,En cuanto aparece el exantema,Nunca deja de ser contagioso,7 días después del exantema,,En cuanto aparece el exantema
PROC_PED_EXANT_ERYTHEMA_001_010,ped,1,¿En qué momento deja de ser contagioso un niño con la quinta enfermedad?,7 días después del exantema,Nunca deja de ser contagioso,En cuanto aparece el exantema,,En cuanto aparece el exantema
PROC_PED_EXANT_ERYTHEMA_001_010,ped,2,"En este contexto clínico, ¿cuál es el principal receptor celular para el Parvovirus B19?",Receptor ACE2,CD4,Antígeno P (globósido),,Antígeno P (globósido)
PROC_PED_EXANT_ERYTHEMA_001_010,ped,3,¿Cuál es el agente etiológico del eritema infeccioso?,Virus Herpes Humano 6,Parvovirus B19,Virus de la Rubéola,,Parvovirus B19
PROC_PED_EXANT_ERYTHEMA_001_011,ped,1,¿Cuál es el principal receptor celular para el Parvovirus B19?,Antígeno P (globósido),CD4,Receptor ACE2,,Antígeno P (globósido)
PROC_PED_EXANT_ERYTHEMA_001_011,ped,2,¿En qué momento deja de ser contagioso un niño con la quinta enfermedad?,7 días después del exantema,En cuanto aparece el exantema,Nunca deja de ser contagioso,,En cuanto aparece el exantema
PROC_PED_EXANT_ERYTHEMA_001_011,ped,3,"Con respecto a la patología, ¿cuál es el agente etiológico del eritema infeccioso?",Virus Herpes Humano 6,Virus de la Rubéola,Parvovirus B19,,Parvovirus B19
PROC_PED_EXANT_ERYTHEMA_001_012,ped,1,¿En qué momento deja de ser contagioso un niño con la quinta enfermedad?,En cuanto aparece el exantema,Nunca deja de ser contagioso,7 días después del exantema,,En cuanto aparece el exantema
PROC_PED_EXANT_ERYTHEMA_001_012,ped,2,"De las siguientes opciones, ¿cuál es el principal receptor celular para el Parvovirus B19?",Antígeno P (globósido),CD4,Receptor ACE2,,Antígeno P (globósido)
PROC_PED_EXANT_ERYTHEMA_001_012,ped,3,"En este contexto clínico, ¿cuál es el agente etiológico del eritema infeccioso?",Parvovirus B19,Virus de la Rubéola,Virus Herpes Humano 6,,Parvovirus B19
PROC_PED_EXANT_ERYTHEMA_001_013,ped,1,"En este contexto clínico, ¿cuál es el principal receptor celular para el Parvovirus B19?",Antígeno P (globósido),CD4,Receptor ACE2,,Antígeno P (globósido)
PROC_PED_EXANT_ERYTHEMA_001_013,ped,2,¿En qué momento deja de ser contagioso un niño con la quinta enfermedad?,7 días después del exantema,En cuanto aparece el exantema,Nunca deja de ser contagioso,,En cuanto aparece el exantema
PROC_PED_EXANT_ERYTHEMA_001_013,ped,3,¿Cuál es el agente etiológico del eritema infeccioso?,Virus de la Rubéola,Virus Herpes Humano 6,Parvovirus B19,,Parvovirus B19
PROC_PED_EXANT_ERYTHEMA_001_014,ped,1,"De las siguientes opciones, ¿cuál es el agente etiológico del eritema infeccioso?",Parvovirus B19,Virus Herpes Humano 6,Virus de la Rubéola,,Parvovirus B19
PROC_PED_EXANT_ERYTHEMA_001_014,ped,2,¿En qué momento deja de ser contagioso un niño con la quinta enfermedad?,7 días después del exantema,Nunca deja de ser contagioso,En cuanto aparece el exantema,,En cuanto aparece el exantema
PROC_PED_EXANT_ERYTHEMA_001_014,ped,3,"En este contexto clínico, ¿cuál es el principal receptor celular para el Parvovirus B19?",Antígeno P (globósido),Receptor ACE2,CD4,,Antígeno P (globósido)
PROC_PED_EXANT_ERYTHEMA_001_015,ped,1,¿En qué momento deja de ser contagioso un niño con la quinta enfermedad?,En cuanto aparece el exantema,Nunca deja de ser contagioso,7 días después del exantema,,En cuanto aparece el exantema
PROC_PED_EXANT_ERYTHEMA_001_015,ped,2,Identifique el principal receptor celular para el Parvovirus B19?,Antígeno P (globósido),CD4,Receptor ACE2,,Antígeno P (globósido)
PROC_PED_EXANT_ERYTHEMA_001_015,ped,3,¿Cuál es el agente etiológico del eritema infeccioso?,Virus de la Rubéola,Virus Herpes Humano 6,Parvovirus B19,,Parvovirus B19
PROC_PED_EXANT_MEASLES_001_001,ped,1,"De las siguientes opciones, ¿cuál es la causa más común de MUERTE por sarampión?",Deshidratación,Encefalitis,Neumonía,,Neumonía
PROC_PED_EXANT_MEASLES_001_001,ped,2,¿En qué periodo es contagioso el paciente?,Desde el pródromo hasta 4-5 días tras inicio de exantema,Durante toda la vida,Solo cuando tiene fiebre alta,,Desde el pródromo hasta 4-5 días tras inicio de exantema
PROC_PED_EXANT_MEASLES_001_001,ped,3,"De las siguientes opciones, ¿cuál es la complicación más frecuente del sarampión?",Panencefalitis esclerosante subaguda,Otitis media aguda,Crup,,Otitis media aguda
PROC_PED_EXANT_MEASLES_001_002,ped,1,¿Cuál es la complicación más frecuente del sarampión?,Crup,Panencefalitis esclerosante subaguda,Otitis media aguda,,Otitis media aguda
PROC_PED_EXANT_MEASLES_001_002,ped,2,¿En qué periodo es contagioso el paciente?,Desde el pródromo hasta 4-5 días tras inicio de exantema,Solo cuando tiene fiebre alta,Durante toda la vida,,Desde el pródromo hasta 4-5 días tras inicio de exantema
PROC_PED_EXANT_MEASLES_001_002,ped,3,¿Cuál es la causa más común de MUERTE por sarampión?,Encefalitis,Deshidratación,Neumonía,,Neumonía
PROC_PED_EXANT_MEASLES_001_003,ped,1,"Con respecto a la patología, ¿cuál es la complicación más frecuente del sarampión?",Otitis media aguda,Crup,Panencefalitis esclerosante subaguda,,Otitis media aguda
PROC_PED_EXANT_MEASLES_001_003,ped,2,¿Cuál es la causa más común de MUERTE por sarampión?,Deshidratación,Neumonía,Encefalitis,,Neumonía
PROC_PED_EXANT_MEASLES_001_003,ped,3,¿En qué periodo es contagioso el paciente?,Solo cuando tiene fiebre alta,Durante toda la vida,Desde el pródromo hasta 4-5 días tras inicio de exantema,,Desde el pródromo hasta 4-5 días tras inicio de exantema
PROC_PED_EXANT_MEASLES_001_004,ped,1,"De las siguientes opciones, ¿cuál es la causa más común de MUERTE por sarampión?",Encefalitis,Deshidratación,Neumonía,,Neumonía
PROC_PED_EXANT_MEASLES_001_004,ped,2,Identifique la complicación más frecuente del sarampión?,Panencefalitis esclerosante subaguda,Crup,Otitis media aguda,,Otitis media aguda
PROC_PED_EXANT_MEASLES_001_004,ped,3,¿En qué periodo es contagioso el paciente?,Solo cuando tiene fiebre alta,Durante toda la vida,Desde el pródromo hasta 4-5 días tras inicio de exantema,,Desde el pródromo hasta 4-5 días tras inicio de exantema
PROC_PED_EXANT_MEASLES_001_005,ped,1,¿Cuál es la causa más común de MUERTE por sarampión?,Deshidratación,Encefalitis,Neumonía,,Neumonía
PROC_PED_EXANT_MEASLES_001_005,ped,2,"De las siguientes opciones, ¿cuál es la complicación más frecuente del sarampión?",Crup,Panencefalitis esclerosante subaguda,Otitis media aguda,,Otitis media aguda
PROC_PED_EXANT_MEASLES_001_005,ped,3,¿En qué periodo es contagioso el paciente?,Desde el pródromo hasta 4-5 días tras inicio de exantema,Solo cuando tiene fiebre alta,Durante toda la vida,,Desde el pródromo hasta 4-5 días tras inicio de exantema
PROC_PED_EXANT_MEASLES_001_006,ped,1,¿Cuál es la causa más común de MUERTE por sarampión?,Deshidratación,Encefalitis,Neumonía,,Neumonía
PROC_PED_EXANT_MEASLES_001_006,ped,2,¿En qué periodo es contagioso el paciente?,Solo cuando tiene fiebre alta,Desde el pródromo hasta 4-5 días tras inicio de exantema,Durante toda la vida,,Desde el pródromo hasta 4-5 días tras inicio de exantema
PROC_PED_EXANT_MEASLES_001_006,ped,3,"Con respecto a la patología, ¿cuál es la complicación más frecuente del sarampión?",Panencefalitis esclerosante subaguda,Crup,Otitis media aguda,,Otitis media aguda
PROC_PED_EXANT_MEASLES_001_007,ped,1,"De las siguientes opciones, ¿cuál es la causa más común de MUERTE por sarampión?",Deshidratación,Encefalitis,Neumonía,,Neumonía
PROC_PED_EXANT_MEASLES_001_007,ped,2,¿En qué periodo es contagioso el paciente?,Desde el pródromo hasta 4-5 días tras inicio de exantema,Durante toda la vida,Solo cuando tiene fiebre alta,,Desde el pródromo hasta 4-5 días tras inicio de exantema
PROC_PED_EXANT_MEASLES_001_007,ped,3,"Con respecto a la patología, ¿cuál es la complicación más frecuente del sarampión?",Crup,Panencefalitis esclerosante subaguda,Otitis media aguda,,Otitis media aguda
PROC_PED_EXANT_MEASLES_001_008,ped,1,¿En qué periodo es contagioso el paciente?,Desde el pródromo hasta 4-5 días tras inicio de exantema,Solo cuando tiene fiebre alta,Durante toda la vida,,Desde el pródromo hasta 4-5 días tras inicio de exantema
PROC_PED_EXANT_MEASLES_001_008,ped,2,"De las siguientes opciones, ¿cuál es la complicación más frecuente del sarampión?",Crup,Otitis media aguda,Panencefalitis esclerosante subaguda,,Otitis media aguda
PROC_PED_EXANT_MEASLES_001_008,ped,3,"De las siguientes opciones, ¿cuál es la causa más común de MUERTE por sarampión?",Neumonía,Encefalitis,Deshidratación,,Neumonía
PROC_PED_EXANT_MEASLES_001_009,ped,1,¿En qué periodo es contagioso el paciente?,Solo cuando tiene fiebre alta,Desde el pródromo hasta 4-5 días tras inicio de exantema,Durante toda la vida,,Desde el pródromo hasta 4-5 días tras inicio de exantema
PROC_PED_EXANT_MEASLES_001_009,ped,2,Identifique la causa más común de MUERTE por sarampión?,Encefalitis,Neumonía,Deshidratación,,Neumonía
PROC_PED_EXANT_MEASLES_001_009,ped,3,¿Cuál es la complicación más frecuente del sarampión?,Crup,Otitis media aguda,Panencefalitis esclerosante subaguda,,Otitis media aguda
PROC_PED_EXANT_MEASLES_001_010,ped,1,¿En qué periodo es contagioso el paciente?,Desde el pródromo hasta 4-5 días tras inicio de exantema,Durante toda la vida,Solo cuando tiene fiebre alta,,Desde el pródromo hasta 4-5 días tras inicio de exantema
PROC_PED_EXANT_MEASLES_001_010,ped,2,Identifique la complicación más frecuente del sarampión?,Panencefalitis esclerosante subaguda,Otitis media aguda,Crup,,Otitis media aguda
PROC_PED_EXANT_MEASLES_001_010,ped,3,¿Cuál es la causa más común de MUERTE por sarampión?,Encefalitis,Neumonía,Deshidratación,,Neumonía
PROC_PED_EXANT_MEASLES_001_011,ped,1,¿Cuál es la complicación más frecuente del sarampión?,Panencefalitis esclerosante subaguda,Crup,Otitis media aguda,,Otitis media aguda
PROC_PED_EXANT_MEASLES_001_011,ped,2,¿En qué periodo es contagioso el paciente?,Durante toda la vida,Desde el pródromo hasta 4-5 días tras inicio de exantema,Solo cuando tiene fiebre alta,,Desde el pródromo hasta 4-5 días tras inicio de exantema
PROC_PED_EXANT_MEASLES_001_011,ped,3,¿Cuál es la causa más común de MUERTE por sarampión?,Neumonía,Encefalitis,Deshidratación,,Neumonía
PROC_PED_EXANT_MEASLES_001_012,ped,1,¿En qué periodo es contagioso el paciente?,Solo cuando tiene fiebre alta,Durante toda la vida,Desde el pródromo hasta 4-5 días tras inicio de exantema,,Desde el pródromo hasta 4-5 días tras inicio de exantema
PROC_PED_EXANT_MEASLES_001_012,ped,2,Identifique la complicación más frecuente del sarampión?,Otitis media aguda,Panencefalitis esclerosante subaguda,Crup,,Otitis media aguda
PROC_PED_EXANT_MEASLES_001_012,ped,3,¿Cuál es la causa más común de MUERTE por sarampión?,Encefalitis,Deshidratación,Neumonía,,Neumonía
PROC_PED_EXANT_MEASLES_001_013,ped,1,¿En qué periodo es contagioso el paciente?,Durante toda la vida,Solo cuando tiene fiebre alta,Desde el pródromo hasta 4-5 días tras inicio de exantema,,Desde el pródromo hasta 4-5 días tras inicio de exantema
PROC_PED_EXANT_MEASLES_001_013,ped,2,¿Cuál es la complicación más frecuente del sarampión?,Crup,Panencefalitis esclerosante subaguda,Otitis media aguda,,Otitis media aguda
PROC_PED_EXANT_MEASLES_001_013,ped,3,¿Cuál es la causa más común de MUERTE por sarampión?,Encefalitis,Neumonía,Deshidratación,,Neumonía
PROC_PED_EXANT_MEASLES_001_014,ped,1,¿Cuál es la complicación más frecuente del sarampión?,Crup,Otitis media aguda,Panencefalitis esclerosante subaguda,,Otitis media aguda
PROC_PED_EXANT_MEASLES_001_014,ped,2,¿En qué periodo es contagioso el paciente?,Solo cuando tiene fiebre alta,Durante toda la vida,Desde el pródromo hasta 4-5 días tras inicio de exantema,,Desde el pródromo hasta 4-5 días tras inicio de exantema
PROC_PED_EXANT_MEASLES_001_014,ped,3,"En este contexto clínico, ¿cuál es la causa más común de MUERTE por sarampión?",Deshidratación,Neumonía,Encefalitis,,Neumonía
PROC_PED_EXANT_MEASLES_001_015,ped,1,¿Cuál es la causa más común de MUERTE por sarampión?,Deshidratación,Encefalitis,Neumonía,,Neumonía
PROC_PED_EXANT_MEASLES_001_015,ped,2,"Con respecto a la patología, ¿cuál es la complicación más frecuente del sarampión?",Panencefalitis esclerosante subaguda,Crup,Otitis media aguda,,Otitis media aguda
PROC_PED_EXANT_MEASLES_001_015,ped,3,¿En qué periodo es contagioso el paciente?,Desde el pródromo hasta 4-5 días tras inicio de exantema,Durante toda la vida,Solo cuando tiene fiebre alta,,Desde el pródromo hasta 4-5 días tras inicio de exantema
PROC_PED_EXANT_ROSEOLA_001_001,ped,1,¿Qué hallazgo en la cavidad oral es característico de esta enfermedad?,Manchas de Forchheimer,Manchas de Koplik,Manchas de Nagayama,,Manchas de Nagayama
PROC_PED_EXANT_ROSEOLA_001_001,ped,2,"De las siguientes opciones, ¿cuál es la complicación sistémica más frecuente asociada a la Roseola?",Glomerulonefritis,Neumonía,Convulsiones febriles,,Convulsiones febriles
PROC_PED_EXANT_ROSEOLA_001_001,ped,3,"En este contexto clínico, ¿cuál es el agente etiológico más común del exantema súbito?",Virus Herpes Humano 6,Parvovirus B19,Virus Varicela Zóster,,Virus Herpes Humano 6
PROC_PED_EXANT_ROSEOLA_001_002,ped,1,¿Qué hallazgo en la cavidad oral es característico de esta enfermedad?,Manchas de Koplik,Manchas de Nagayama,Manchas de Forchheimer,,Manchas de Nagayama
PROC_PED_EXANT_ROSEOLA_001_002,ped,2,Identifique el agente etiológico más común del exantema súbito?,Parvovirus B19,Virus Herpes Humano 6,Virus Varicela Zóster,,Virus Herpes Humano 6
PROC_PED_EXANT_ROSEOLA_001_002,ped,3,¿Cuál es la complicación sistémica más frecuente asociada a la Roseola?,Convulsiones febriles,Neumonía,Glomerulonefritis,,Convulsiones febriles
PROC_PED_EXANT_ROSEOLA_001_003,ped,1,"En este contexto clínico, ¿cuál es el agente etiológico más común del exantema súbito?",Virus Herpes Humano 6,Parvovirus B19,Virus Varicela Zóster,,Virus Herpes Humano 6
PROC_PED_EXANT_ROSEOLA_001_003,ped,2,¿Cuál es la complicación sistémica más frecuente asociada a la Roseola?,Glomerulonefritis,Neumonía,Convulsiones febriles,,Convulsiones febriles
PROC_PED_EXANT_ROSEOLA_001_003,ped,3,¿Qué hallazgo en la cavidad oral es característico de esta enfermedad?,Manchas de Nagayama,Manchas de Forchheimer,Manchas de Koplik,,Manchas de Nagayama
PROC_PED_EXANT_ROSEOLA_001_004,ped,1,¿Cuál es el agente etiológico más común del exantema súbito?,Parvovirus B19,Virus Varicela Zóster,Virus Herpes Humano 6,,Virus Herpes Humano 6
PROC_PED_EXANT_ROSEOLA_001_004,ped,2,¿Cuál es la complicación sistémica más frecuente asociada a la Roseola?,Convulsiones febriles,Neumonía,Glomerulonefritis,,Convulsiones febriles
PROC_PED_EXANT_ROSEOLA_001_004,ped,3,¿Qué hallazgo en la cavidad oral es característico de esta enfermedad?,Manchas de Koplik,Manchas de Forchheimer,Manchas de Nagayama,,Manchas de Nagayama
PROC_PED_EXANT_ROSEOLA_001_005,ped,1,¿Qué hallazgo en la cavidad oral es característico de esta enfermedad?,Manchas de Forchheimer,Manchas de Koplik,Manchas de Nagayama,,Manchas de Nagayama
PROC_PED_EXANT_ROSEOLA_001_005,ped,2,Identifique la complicación sistémica más frecuente asociada a la Roseola?,Glomerulonefritis,Convulsiones febriles,Neumonía,,Convulsiones febriles
PROC_PED_EXANT_ROSEOLA_001_005,ped,3,¿Cuál es el agente etiológico más común del exantema súbito?,Virus Varicela Zóster,Parvovirus B19,Virus Herpes Humano 6,,Virus Herpes Humano 6
PROC_PED_EXANT_ROSEOLA_001_006,ped,1,¿Cuál es el agente etiológico más común del exantema súbito?,Virus Herpes Humano 6,Parvovirus B19,Virus Varicela Zóster,,Virus Herpes Humano 6
PROC_PED_EXANT_ROSEOLA_001_006,ped,2,"De las siguientes opciones, ¿cuál es la complicación sistémica más frecuente asociada a la Roseola?",Neumonía,Glomerulonefritis,Convulsiones febriles,,Convulsiones febriles
PROC_PED_EXANT_ROSEOLA_001_006,ped,3,¿Qué hallazgo en la cavidad oral es característico de esta enfermedad?,Manchas de Nagayama,Manchas de Forchheimer,Manchas de Koplik,,Manchas de Nagayama
PROC_PED_EXANT_ROSEOLA_001_007,ped,1,"En este contexto clínico, ¿cuál es el agente etiológico más común del exantema súbito?",Virus Varicela Zóster,Virus Herpes Humano 6,Parvovirus B19,,Virus Herpes Humano 6
PROC_PED_EXANT_ROSEOLA_001_007,ped,2,¿Qué hallazgo en la cavidad oral es característico de esta enfermedad?,Manchas de Nagayama,Manchas de Koplik,Manchas de Forchheimer,,Manchas de Nagayama
PROC_PED_EXANT_ROSEOLA_001_007,ped,3,¿Cuál es la complicación sistémica más frecuente asociada a la Roseola?,Neumonía,Convulsiones febriles,Glomerulonefritis,,Convulsiones febriles
PROC_PED_EXANT_ROSEOLA_001_008,ped,1,¿Cuál es la complicación sistémica más frecuente asociada a la Roseola?,Glomerulonefritis,Convulsiones febriles,Neumonía,,Convulsiones febriles
PROC_PED_EXANT_ROSEOLA_001_008,ped,2,¿Cuál es el agente etiológico más común del exantema súbito?,Parvovirus B19,Virus Varicela Zóster,Virus Herpes Humano 6,,Virus Herpes Humano 6
PROC_PED_EXANT_ROSEOLA_001_008,ped,3,¿Qué hallazgo en la cavidad oral es característico de esta enfermedad?,Manchas de Koplik,Manchas de Nagayama,Manchas de Forchheimer,,Manchas de Nagayama
PROC_PED_EXANT_ROSEOLA_001_009,ped,1,¿Cuál es el agente etiológico más común del exantema súbito?,Virus Varicela Zóster,Parvovirus B19,Virus Herpes Humano 6,,Virus Herpes Humano 6
PROC_PED_EXANT_ROSEOLA_001_009,ped,2,¿Cuál es la complicación sistémica más frecuente asociada a la Roseola?,Neumonía,Glomerulonefritis,Convulsiones febriles,,Convulsiones febriles
PROC_PED_EXANT_ROSEOLA_001_009,ped,3,¿Qué hallazgo en la cavidad oral es característico de esta enfermedad?,Manchas de Koplik,Manchas de Nagayama,Manchas de Forchheimer,,Manchas de Nagayama
PROC_PED_EXANT_ROSEOLA_001_010,ped,1,¿Qué hallazgo en la cavidad oral es característico de esta enfermedad?,Manchas de Koplik,Manchas de Forchheimer,Manchas de Nagayama,,Manchas de Nagayama
PROC_PED_EXANT_ROSEOLA_001_010,ped,2,¿Cuál es el agente etiológico más común del exantema súbito?,Parvovirus B19,Virus Varicela Zóster,Virus Herpes Humano 6,,Virus Herpes Humano 6
PROC_PED_EXANT_ROSEOLA_001_010,ped,3,¿Cuál es la complicación sistémica más frecuente asociada a la Roseola?,Neumonía,Convulsiones febriles,Glomerulonefritis,,Convulsiones febriles
PROC_PED_EXANT_ROSEOLA_001_011,ped,1,¿Qué hallazgo en la cavidad oral es característico de esta enfermedad?,Manchas de Nagayama,Manchas de Koplik,Manchas de Forchheimer,,Manchas de Nagayama
PROC_PED_EXANT_ROSEOLA_001_011,ped,2,"Con respecto a la patología, ¿cuál es el agente etiológico más común del exantema súbito?",Virus Herpes Humano 6,Parvovirus B19,Virus Varicela Zóster,,Virus Herpes Humano 6
PROC_PED_EXANT_ROSEOLA_001_011,ped,3,¿Cuál es la complicación sistémica más frecuente asociada a la Roseola?,Convulsiones febriles,Glomerulonefritis,Neumonía,,Convulsiones febriles
PROC_PED_EXANT_ROSEOLA_001_012,ped,1,¿Qué hallazgo en la cavidad oral es característico de esta enfermedad?,Manchas de Koplik,Manchas de Nagayama,Manchas de Forchheimer,,Manchas de Nagayama
PROC_PED_EXANT_ROSEOLA_001_012,ped,2,¿Cuál es el agente etiológico más común del exantema súbito?,Virus Herpes Humano 6,Virus Varicela Zóster,Parvovirus B19,,Virus Herpes Humano 6
PROC_PED_EXANT_ROSEOLA_001_012,ped,3,¿Cuál es la complicación sistémica más frecuente asociada a la Roseola?,Neumonía,Convulsiones febriles,Glomerulonefritis,,Convulsiones febriles
PROC_PED_EXANT_ROSEOLA_001_013,ped,1,¿Cuál es el agente etiológico más común del exantema súbito?,Virus Herpes Humano 6,Parvovirus B19,Virus Varicela Zóster,,Virus Herpes Humano 6
PROC_PED_EXANT_ROSEOLA_001_013,ped,2,¿Qué hallazgo en la cavidad oral es característico de esta enfermedad?,Manchas de Koplik,Manchas de Forchheimer,Manchas de Nagayama,,Manchas de Nagayama
PROC_PED_EXANT_ROSEOLA_001_013,ped,3,¿Cuál es la complicación sistémica más frecuente asociada a la Roseola?,Neumonía,Convulsiones febriles,Glomerulonefritis,,Convulsiones febriles
PROC_PED_EXANT_ROSEOLA_001_014,ped,1,¿Qué hallazgo en la cavidad oral es característico de esta enfermedad?,Manchas de Koplik,Manchas de Nagayama,Manchas de Forchheimer,,Manchas de Nagayama
PROC_PED_EXANT_ROSEOLA_001_014,ped,2,Identifique la complicación sistémica más frecuente asociada a la Roseola?,Neumonía,Convulsiones febriles,Glomerulonefritis,,Convulsiones febriles
PROC_PED_EXANT_ROSEOLA_001_014,ped,3,Identifique el agente etiológico más común del exantema súbito?,Parvovirus B19,Virus Varicela Zóster,Virus Herpes Humano 6,,Virus Herpes Humano 6
PROC_PED_EXANT_ROSEOLA_001_015,ped,1,¿Cuál es la complicación sistémica más frecuente asociada a la Roseola?,Glomerulonefritis,Convulsiones febriles,Neumonía,,Convulsiones febriles
PROC_PED_EXANT_ROSEOLA_001_015,ped,2,¿Cuál es el agente etiológico más común del exantema súbito?,Parvovirus B19,Virus Varicela Zóster,Virus Herpes Humano 6,,Virus Herpes Humano 6
PROC_PED_EXANT_ROSEOLA_001_015,ped,3,¿Qué hallazgo en la cavidad oral es característico de esta enfermedad?,Manchas de Nagayama,Manchas de Forchheimer,Manchas de Koplik,,Manchas de Nagayama
PROC_PED_EXANT_RUBEOLA_001_001,ped,1,¿Qué componentes integran la Tríada de Gregg (Rubéola Congénita)?,"Catarata, Sordera, Cardiopatía (PCA)","Fiebre, Tos, Exantema","Ictericia, Anemia, Esplenomegalia",,"Catarata, Sordera, Cardiopatía (PCA)"
PROC_PED_EXANT_RUBEOLA_001_001,ped,2,¿Cuál es la complicación más grave de la rubéola durante el embarazo?,Púrpura Trombocitopénica,Síndrome de Rubéola Congénita,Encefalitis,,Síndrome de Rubéola Congénita
PROC_PED_EXANT_RUBEOLA_001_001,ped,3,¿A qué familia de virus pertenece el agente de la Rubéola?,Togavirus,Paramixovirus,Herpesvirus,,Togavirus
PROC_PED_EXANT_RUBEOLA_001_002,ped,1,¿Cuál es la complicación más grave de la rubéola durante el embarazo?,Púrpura Trombocitopénica,Encefalitis,Síndrome de Rubéola Congénita,,Síndrome de Rubéola Congénita
PROC_PED_EXANT_RUBEOLA_001_002,ped,2,¿A qué familia de virus pertenece el agente de la Rubéola?,Herpesvirus,Togavirus,Paramixovirus,,Togavirus
PROC_PED_EXANT_RUBEOLA_001_002,ped,3,¿Qué componentes integran la Tríada de Gregg (Rubéola Congénita)?,"Fiebre, Tos, Exantema","Catarata, Sordera, Cardiopatía (PCA)","Ictericia, Anemia, Esplenomegalia",,"Catarata, Sordera, Cardiopatía (PCA)"
PROC_PED_EXANT_RUBEOLA_001_003,ped,1,"En este contexto clínico, ¿cuál es la complicación más grave de la Rubéola en la población general?",Encefalitis,Síndrome de Rubéola Congénita,Púrpura Trombocitopénica,,Síndrome de Rubéola Congénita
PROC_PED_EXANT_RUBEOLA_001_003,ped,2,¿A qué familia de virus pertenece el agente de la Rubéola?,Togavirus,Paramixovirus,Herpesvirus,,Togavirus
PROC_PED_EXANT_RUBEOLA_001_003,ped,3,¿Qué componentes integran la Tríada de Gregg (Rubéola Congénita)?,"Catarata, Sordera, Cardiopatía (PCA)","Fiebre, Tos, Exantema","Ictericia, Anemia, Esplenomegalia",,"Catarata, Sordera, Cardiopatía (PCA)"
PROC_PED_EXANT_RUBEOLA_001_004,ped,1,¿Cuál es la complicación más grave de la rubéola durante el embarazo?,Púrpura Trombocitopénica,Encefalitis,Síndrome de Rubéola Congénita,,Síndrome de Rubéola Congénita
PROC_PED_EXANT_RUBEOLA_001_004,ped,2,¿A qué familia de virus pertenece el agente de la Rubéola?,Paramixovirus,Togavirus,Herpesvirus,,Togavirus
PROC_PED_EXANT_RUBEOLA_001_004,ped,3,¿Qué componentes integran la Tríada de Gregg (Rubéola Congénita)?,"Catarata, Sordera, Cardiopatía (PCA)","Ictericia, Anemia, Esplenomegalia","Fiebre, Tos, Exantema",,"Catarata, Sordera, Cardiopatía (PCA)"
PROC_PED_EXANT_RUBEOLA_001_005,ped,1,¿Cuál es la complicación más grave de la rubéola durante el embarazo?,Púrpura Trombocitopénica,Encefalitis,Síndrome de Rubéola Congénita,,Síndrome de Rubéola Congénita
PROC_PED_EXANT_RUBEOLA_001_005,ped,2,¿A qué familia de virus pertenece el agente de la Rubéola?,Togavirus,Paramixovirus,Herpesvirus,,Togavirus
PROC_PED_EXANT_RUBEOLA_001_005,ped,3,¿Qué componentes integran la Tríada de Gregg (Rubéola Congénita)?,"Catarata, Sordera, Cardiopatía (PCA)","Fiebre, Tos, Exantema","Ictericia, Anemia, Esplenomegalia",,"Catarata, Sordera, Cardiopatía (PCA)"
PROC_PED_EXANT_RUBEOLA_001_006,ped,1,¿A qué familia de virus pertenece el agente de la Rubéola?,Paramixovirus,Togavirus,Herpesvirus,,Togavirus
PROC_PED_EXANT_RUBEOLA_001_006,ped,2,¿Cuál es la complicación más grave de la rubéola durante el embarazo?,Síndrome de Rubéola Congénita,Púrpura Trombocitopénica,Encefalitis,,Síndrome de Rubéola Congénita
PROC_PED_EXANT_RUBEOLA_001_006,ped,3,¿Qué componentes integran la Tríada de Gregg (Rubéola Congénita)?,"Catarata, Sordera, Cardiopatía (PCA)","Fiebre, Tos, Exantema","Ictericia, Anemia, Esplenomegalia",,"Catarata, Sordera, Cardiopatía (PCA)"
PROC_PED_EXANT_RUBEOLA_001_007,ped,1,¿A qué familia de virus pertenece el agente de la Rubéola?,Togavirus,Paramixovirus,Herpesvirus,,Togavirus
PROC_PED_EXANT_RUBEOLA_001_007,ped,2,"En este contexto clínico, ¿cuál es la complicación más grave de la Rubéola en la población general?",Encefalitis,Síndrome de Rubéola Congénita,Púrpura Trombocitopénica,,Síndrome de Rubéola Congénita
PROC_PED_EXANT_RUBEOLA_001_007,ped,3,¿Qué componentes integran la Tríada de Gregg (Rubéola Congénita)?,"Catarata, Sordera, Cardiopatía (PCA)","Fiebre, Tos, Exantema","Ictericia, Anemia, Esplenomegalia",,"Catarata, Sordera, Cardiopatía (PCA)"
PROC_PED_EXANT_RUBEOLA_001_008,ped,1,¿A qué familia de virus pertenece el agente de la Rubéola?,Togavirus,Paramixovirus,Herpesvirus,,Togavirus
PROC_PED_EXANT_RUBEOLA_001_008,ped,2,"De las siguientes opciones, ¿cuál es la complicación más grave de la Rubéola en la población general?",Encefalitis,Púrpura Trombocitopénica,Síndrome de Rubéola Congénita,,Síndrome de Rubéola Congénita
PROC_PED_EXANT_RUBEOLA_001_008,ped,3,¿Qué componentes integran la Tríada de Gregg (Rubéola Congénita)?,"Catarata, Sordera, Cardiopatía (PCA)","Fiebre, Tos, Exantema","Ictericia, Anemia, Esplenomegalia",,"Catarata, Sordera, Cardiopatía (PCA)"
PROC_PED_EXANT_RUBEOLA_001_009,ped,1,"De las siguientes opciones, ¿cuál es la complicación más grave de la Rubéola en la población general?",Encefalitis,Síndrome de Rubéola Congénita,Púrpura Trombocitopénica,,Síndrome de Rubéola Congénita
PROC_PED_EXANT_RUBEOLA_001_009,ped,2,¿A qué familia de virus pertenece el agente de la Rubéola?,Paramixovirus,Togavirus,Herpesvirus,,Togavirus
PROC_PED_EXANT_RUBEOLA_001_009,ped,3,¿Qué componentes integran la Tríada de Gregg (Rubéola Congénita)?,"Fiebre, Tos, Exantema","Catarata, Sordera, Cardiopatía (PCA)","Ictericia, Anemia, Esplenomegalia",,"Catarata, Sordera, Cardiopatía (PCA)"
PROC_PED_EXANT_RUBEOLA_001_010,ped,1,¿Qué componentes integran la Tríada de Gregg (Rubéola Congénita)?,"Ictericia, Anemia, Esplenomegalia","Catarata, Sordera, Cardiopatía (PCA)","Fiebre, Tos, Exantema",,"Catarata, Sordera, Cardiopatía (PCA)"
PROC_PED_EXANT_RUBEOLA_001_010,ped,2,¿Cuál es la complicación más grave de la rubéola durante el embarazo?,Síndrome de Rubéola Congénita,Encefalitis,Púrpura Trombocitopénica,,Síndrome de Rubéola Congénita
PROC_PED_EXANT_RUBEOLA_001_010,ped,3,¿A qué familia de virus pertenece el agente de la Rubéola?,Herpesvirus,Togavirus,Paramixovirus,,Togavirus
PROC_PED_EXANT_RUBEOLA_001_011,ped,1,¿Qué componentes integran la Tríada de Gregg (Rubéola Congénita)?,"Catarata, Sordera, Cardiopatía (PCA)","Fiebre, Tos, Exantema","Ictericia, Anemia, Esplenomegalia",,"Catarata, Sordera, Cardiopatía (PCA)"
PROC_PED_EXANT_RUBEOLA_001_011,ped,2,¿A qué familia de virus pertenece el agente de la Rubéola?,Paramixovirus,Herpesvirus,Togavirus,,Togavirus
PROC_PED_EXANT_RUBEOLA_001_011,ped,3,¿Cuál es la complicación más grave de la rubéola durante el embarazo?,Encefalitis,Púrpura Trombocitopénica,Síndrome de Rubéola Congénita,,Síndrome de Rubéola Congénita
PROC_PED_EXANT_RUBEOLA_001_012,ped,1,¿Cuál es la complicación más grave de la rubéola durante el embarazo?,Encefalitis,Púrpura Trombocitopénica,Síndrome de Rubéola Congénita,,Síndrome de Rubéola Congénita
PROC_PED_EXANT_RUBEOLA_001_012,ped,2,¿Qué componentes integran la Tríada de Gregg (Rubéola Congénita)?,"Fiebre, Tos, Exantema","Ictericia, Anemia, Esplenomegalia","Catarata, Sordera, Cardiopatía (PCA)",,"Catarata, Sordera, Cardiopatía (PCA)"
PROC_PED_EXANT_RUBEOLA_001_012,ped,3,¿A qué familia de virus pertenece el agente de la Rubéola?,Togavirus,Herpesvirus,Paramixovirus,,Togavirus
PROC_PED_EXANT_RUBEOLA_001_013,ped,1,¿Cuál es la complicación más grave de la rubéola durante el embarazo?,Encefalitis,Síndrome de Rubéola Congénita,Púrpura Trombocitopénica,,Síndrome de Rubéola Congénita
PROC_PED_EXANT_RUBEOLA_001_013,ped,2,¿Qué componentes integran la Tríada de Gregg (Rubéola Congénita)?,"Catarata, Sordera, Cardiopatía (PCA)","Ictericia, Anemia, Esplenomegalia","Fiebre, Tos, Exantema",,"Catarata, Sordera, Cardiopatía (PCA)"
PROC_PED_EXANT_RUBEOLA_001_013,ped,3,¿A qué familia de virus pertenece el agente de la Rubéola?,Paramixovirus,Togavirus,Herpesvirus,,Togavirus
PROC_PED_EXANT_RUBEOLA_001_014,ped,1,¿Qué componentes integran la Tríada de Gregg (Rubéola Congénita)?,"Catarata, Sordera, Cardiopatía (PCA)","Ictericia, Anemia, Esplenomegalia","Fiebre, Tos, Exantema",,"Catarata, Sordera, Cardiopatía (PCA)"
PROC_PED_EXANT_RUBEOLA_001_014,ped,2,¿A qué familia de virus pertenece el agente de la Rubéola?,Herpesvirus,Togavirus,Paramixovirus,,Togavirus
PROC_PED_EXANT_RUBEOLA_001_014,ped,3,¿Cuál es la complicación más grave de la rubéola durante el embarazo?,Síndrome de Rubéola Congénita,Encefalitis,Púrpura Trombocitopénica,,Síndrome de Rubéola Congénita
PROC_PED_EXANT_RUBEOLA_001_015,ped,1,¿Qué componentes integran la Tríada de Gregg (Rubéola Congénita)?,"Catarata, Sordera, Cardiopatía (PCA)","Ictericia, Anemia, Esplenomegalia","Fiebre, Tos, Exantema",,"Catarata, Sordera, Cardiopatía (PCA)"
PROC_PED_EXANT_RUBEOLA_001_015,ped,2,¿Cuál es la complicación más grave de la rubéola durante el embarazo?,Púrpura Trombocitopénica,Encefalitis,Síndrome de Rubéola Congénita,,Síndrome de Rubéola Congénita
PROC_PED_EXANT_RUBEOLA_001_015,ped,3,¿A qué familia de virus pertenece el agente de la Rubéola?,Togavirus,Paramixovirus,Herpesvirus,,Togavirus
PROC_PED_EXANT_SCARLET_001_001,ped,1,¿Cuál es el agente etiológico de la escarlatina?,Streptococcus pyogenes,Staphylococcus aureus,Streptococcus pneumoniae,,Streptococcus pyogenes
PROC_PED_EXANT_SCARLET_001_001,ped,2,¿Cómo se llama la intensificación del exantema en los pliegues cutáneos?,Líneas de Pastia,Fenómeno de Koebner,Signo de Nikolsky,,Líneas de Pastia
PROC_PED_EXANT_SCARLET_001_001,ped,3,¿Cuál es el objetivo principal de administrar penicilina en un paciente con escarlatina?,Evitar la caída de la fiebre,Prevenir la Fiebre Reumática Aguda,Prevenir la Glomerulonefritis post-estreptocócica,,Prevenir la Fiebre Reumática Aguda
PROC_PED_EXANT_SCARLET_001_002,ped,1,¿Cuál es el agente etiológico de la escarlatina?,Streptococcus pyogenes,Streptococcus pneumoniae,Staphylococcus aureus,,Streptococcus pyogenes
PROC_PED_EXANT_SCARLET_001_002,ped,2,¿Cómo se llama la intensificación del exantema en los pliegues cutáneos?,Fenómeno de Koebner,Líneas de Pastia,Signo de Nikolsky,,Líneas de Pastia
PROC_PED_EXANT_SCARLET_001_002,ped,3,¿Cuál es el objetivo principal de administrar penicilina en un paciente con escarlatina?,Evitar la caída de la fiebre,Prevenir la Fiebre Reumática Aguda,Prevenir la Glomerulonefritis post-estreptocócica,,Prevenir la Fiebre Reumática Aguda
PROC_PED_EXANT_SCARLET_001_003,ped,1,¿Cuál es el agente etiológico de la escarlatina?,Streptococcus pneumoniae,Streptococcus pyogenes,Staphylococcus aureus,,Streptococcus pyogenes
PROC_PED_EXANT_SCARLET_001_003,ped,2,¿Cómo se llama la intensificación del exantema en los pliegues cutáneos?,Fenómeno de Koebner,Líneas de Pastia,Signo de Nikolsky,,Líneas de Pastia
PROC_PED_EXANT_SCARLET_001_003,ped,3,¿Cuál es el objetivo principal de administrar penicilina en un paciente con escarlatina?,Prevenir la Fiebre Reumática Aguda,Prevenir la Glomerulonefritis post-estreptocócica,Evitar la caída de la fiebre,,Prevenir la Fiebre Reumática Aguda
PROC_PED_EXANT_SCARLET_001_004,ped,1,¿Cuál es el agente etiológico de la escarlatina?,Staphylococcus aureus,Streptococcus pyogenes,Streptococcus pneumoniae,,Streptococcus pyogenes
PROC_PED_EXANT_SCARLET_001_004,ped,2,¿Cómo se llama la intensificación del exantema en los pliegues cutáneos?,Fenómeno de Koebner,Líneas de Pastia,Signo de Nikolsky,,Líneas de Pastia
PROC_PED_EXANT_SCARLET_001_004,ped,3,¿Cuál es el objetivo principal de administrar penicilina en un paciente con escarlatina?,Prevenir la Glomerulonefritis post-estreptocócica,Prevenir la Fiebre Reumática Aguda,Evitar la caída de la fiebre,,Prevenir la Fiebre Reumática Aguda
PROC_PED_EXANT_SCARLET_001_005,ped,1,¿Cuál es el agente etiológico de la escarlatina?,Streptococcus pneumoniae,Streptococcus pyogenes,Staphylococcus aureus,,Streptococcus pyogenes
PROC_PED_EXANT_SCARLET_001_005,ped,2,¿Cómo se llama la intensificación del exantema en los pliegues cutáneos?,Signo de Nikolsky,Líneas de Pastia,Fenómeno de Koebner,,Líneas de Pastia
PROC_PED_EXANT_SCARLET_001_005,ped,3,¿Cuál es el objetivo principal de administrar penicilina en un paciente con escarlatina?,Prevenir la Fiebre Reumática Aguda,Evitar la caída de la fiebre,Prevenir la Glomerulonefritis post-estreptocócica,,Prevenir la Fiebre Reumática Aguda
PROC_PED_EXANT_SCARLET_001_006,ped,1,¿Cuál es el agente etiológico de la escarlatina?,Streptococcus pyogenes,Staphylococcus aureus,Streptococcus pneumoniae,,Streptococcus pyogenes
PROC_PED_EXANT_SCARLET_001_006,ped,2,¿Cómo se llama la intensificación del exantema en los pliegues cutáneos?,Fenómeno de Koebner,Signo de Nikolsky,Líneas de Pastia,,Líneas de Pastia
PROC_PED_EXANT_SCARLET_001_006,ped,3,¿Cuál es el objetivo principal de administrar penicilina en un paciente con escarlatina?,Prevenir la Fiebre Reumática Aguda,Prevenir la Glomerulonefritis post-estreptocócica,Evitar la caída de la fiebre,,Prevenir la Fiebre Reumática Aguda
PROC_PED_EXANT_SCARLET_001_007,ped,1,¿Cuál es el agente etiológico de la escarlatina?,Staphylococcus aureus,Streptococcus pyogenes,Streptococcus pneumoniae,,Streptococcus pyogenes
PROC_PED_EXANT_SCARLET_001_007,ped,2,¿Cómo se llama la intensificación del exantema en los pliegues cutáneos?,Líneas de Pastia,Signo de Nikolsky,Fenómeno de Koebner,,Líneas de Pastia
PROC_PED_EXANT_SCARLET_001_007,ped,3,¿Cuál es el objetivo principal de administrar penicilina en un paciente con escarlatina?,Prevenir la Glomerulonefritis post-estreptocócica,Prevenir la Fiebre Reumática Aguda,Evitar la caída de la fiebre,,Prevenir la Fiebre Reumática Aguda
PROC_PED_EXANT_SCARLET_001_008,ped,1,¿Cuál es el agente etiológico de la escarlatina?,Staphylococcus aureus,Streptococcus pneumoniae,Streptococcus pyogenes,,Streptococcus pyogenes
PROC_PED_EXANT_SCARLET_001_008,ped,2,¿Cómo se llama la intensificación del exantema en los pliegues cutáneos?,Líneas de Pastia,Fenómeno de Koebner,Signo de Nikolsky,,Líneas de Pastia
PROC_PED_EXANT_SCARLET_001_008,ped,3,¿Cuál es el objetivo principal de administrar penicilina en un paciente con escarlatina?,Prevenir la Glomerulonefritis post-estreptocócica,Prevenir la Fiebre Reumática Aguda,Evitar la caída de la fiebre,,Prevenir la Fiebre Reumática Aguda
PROC_PED_EXANT_SCARLET_001_009,ped,1,¿Cuál es el agente etiológico de la escarlatina?,Staphylococcus aureus,Streptococcus pneumoniae,Streptococcus pyogenes,,Streptococcus pyogenes
PROC_PED_EXANT_SCARLET_001_009,ped,2,¿Cómo se llama la intensificación del exantema en los pliegues cutáneos?,Signo de Nikolsky,Líneas de Pastia,Fenómeno de Koebner,,Líneas de Pastia
PROC_PED_EXANT_SCARLET_001_009,ped,3,¿Cuál es el objetivo principal de administrar penicilina en un paciente con escarlatina?,Evitar la caída de la fiebre,Prevenir la Glomerulonefritis post-estreptocócica,Prevenir la Fiebre Reumática Aguda,,Prevenir la Fiebre Reumática Aguda
PROC_PED_EXANT_SCARLET_001_010,ped,1,¿Cuál es el agente etiológico de la escarlatina?,Streptococcus pyogenes,Staphylococcus aureus,Streptococcus pneumoniae,,Streptococcus pyogenes
PROC_PED_EXANT_SCARLET_001_010,ped,2,¿Cómo se llama la intensificación del exantema en los pliegues cutáneos?,Signo de Nikolsky,Líneas de Pastia,Fenómeno de Koebner,,Líneas de Pastia
PROC_PED_EXANT_SCARLET_001_010,ped,3,¿Cuál es el objetivo principal de administrar penicilina en un paciente con escarlatina?,Prevenir la Glomerulonefritis post-estreptocócica,Evitar la caída de la fiebre,Prevenir la Fiebre Reumática Aguda,,Prevenir la Fiebre Reumática Aguda
PROC_PED_EXANT_SCARLET_001_011,ped,1,¿Cuál es el agente etiológico de la escarlatina?,Streptococcus pneumoniae,Staphylococcus aureus,Streptococcus pyogenes,,Streptococcus pyogenes
PROC_PED_EXANT_SCARLET_001_011,ped,2,¿Cómo se llama la intensificación del exantema en los pliegues cutáneos?,Fenómeno de Koebner,Líneas de Pastia,Signo de Nikolsky,,Líneas de Pastia
PROC_PED_EXANT_SCARLET_001_011,ped,3,¿Cuál es el objetivo principal de administrar penicilina en un paciente con escarlatina?,Prevenir la Fiebre Reumática Aguda,Evitar la caída de la fiebre,Prevenir la Glomerulonefritis post-estreptocócica,,Prevenir la Fiebre Reumática Aguda
PROC_PED_EXANT_SCARLET_001_012,ped,1,¿Cuál es el agente etiológico de la escarlatina?,Staphylococcus aureus,Streptococcus pyogenes,Streptococcus pneumoniae,,Streptococcus pyogenes
PROC_PED_EXANT_SCARLET_001_012,ped,2,¿Cómo se llama la intensificación del exantema en los pliegues cutáneos?,Fenómeno de Koebner,Líneas de Pastia,Signo de Nikolsky,,Líneas de Pastia
PROC_PED_EXANT_SCARLET_001_012,ped,3,¿Cuál es el objetivo principal de administrar penicilina en un paciente con escarlatina?,Evitar la caída de la fiebre,Prevenir la Fiebre Reumática Aguda,Prevenir la Glomerulonefritis post-estreptocócica,,Prevenir la Fiebre Reumática Aguda
PROC_PED_EXANT_SCARLET_001_013,ped,1,¿Cuál es el agente etiológico de la escarlatina?,Streptococcus pneumoniae,Staphylococcus aureus,Streptococcus pyogenes,,Streptococcus pyogenes
PROC_PED_EXANT_SCARLET_001_013,ped,2,¿Cómo se llama la intensificación del exantema en los pliegues cutáneos?,Líneas de Pastia,Fenómeno de Koebner,Signo de Nikolsky,,Líneas de Pastia
PROC_PED_EXANT_SCARLET_001_013,ped,3,¿Cuál es el objetivo principal de administrar penicilina en un paciente con escarlatina?,Prevenir la Glomerulonefritis post-estreptocócica,Prevenir la Fiebre Reumática Aguda,Evitar la caída de la fiebre,,Prevenir la Fiebre Reumática Aguda
PROC_PED_EXANT_SCARLET_001_014,ped,1,¿Cuál es el agente etiológico de la escarlatina?,Streptococcus pneumoniae,Staphylococcus aureus,Streptococcus pyogenes,,Streptococcus pyogenes
PROC_PED_EXANT_SCARLET_001_014,ped,2,¿Cómo se llama la intensificación del exantema en los pliegues cutáneos?,Líneas de Pastia,Fenómeno de Koebner,Signo de Nikolsky,,Líneas de Pastia
PROC_PED_EXANT_SCARLET_001_014,ped,3,¿Cuál es el objetivo principal de administrar penicilina en un paciente con escarlatina?,Evitar la caída de la fiebre,Prevenir la Fiebre Reumática Aguda,Prevenir la Glomerulonefritis post-estreptocócica,,Prevenir la Fiebre Reumática Aguda
PROC_PED_EXANT_SCARLET_001_015,ped,1,¿Cuál es el agente etiológico de la escarlatina?,Streptococcus pyogenes,Streptococcus pneumoniae,Staphylococcus aureus,,Streptococcus pyogenes
PROC_PED_EXANT_SCARLET_001_015,ped,2,¿Cómo se llama la intensificación del exantema en los pliegues cutáneos?,Signo de Nikolsky,Fenómeno de Koebner,Líneas de Pastia,,Líneas de Pastia
PROC_PED_EXANT_SCARLET_001_015,ped,3,¿Cuál es el objetivo principal de administrar penicilina en un paciente con escarlatina?,Prevenir la Fiebre Reumática Aguda,Prevenir la Glomerulonefritis post-estreptocócica,Evitar la caída de la fiebre,,Prevenir la Fiebre Reumática Aguda
PROC_PED_EXANT_VARICELLA_001_001,ped,1,¿Cuál es la complicación neurológica más frecuente en niños con varicela?,Encefalitis por inclusión,Mielitis transversa,Ataxia cerebelosa aguda,,Ataxia cerebelosa aguda
PROC_PED_EXANT_VARICELLA_001_001,ped,2,¿Qué medicamento está estrictamente contraindicado en varicela pediátrica por riesgo de S. de Reye?,Ácido Acetilsalicílico,Aciclovir,Paracetamol,,Ácido Acetilsalicílico
PROC_PED_EXANT_VARICELLA_001_001,ped,3,¿Cuál es el hallazgo dermatológico patognomónico de la varicela?,Pleomorfismo regional (mácula a costra),Exantema monomórfico centrífugo,Manchas de Forchheimer,,Pleomorfismo regional (mácula a costra)
PROC_PED_EXANT_VARICELLA_001_002,ped,1,¿Qué medicamento está estrictamente contraindicado en varicela pediátrica por riesgo de S. de Reye?,Ácido Acetilsalicílico,Paracetamol,Aciclovir,,Ácido Acetilsalicílico
PROC_PED_EXANT_VARICELLA_001_002,ped,2,¿Cuál es el hallazgo dermatológico patognomónico de la varicela?,Pleomorfismo regional (mácula a costra),Exantema monomórfico centrífugo,Manchas de Forchheimer,,Pleomorfismo regional (mácula a costra)
PROC_PED_EXANT_VARICELLA_001_002,ped,3,¿Cuál es la complicación neurológica más frecuente en niños con varicela?,Encefalitis por inclusión,Mielitis transversa,Ataxia cerebelosa aguda,,Ataxia cerebelosa aguda
PROC_PED_EXANT_VARICELLA_001_003,ped,1,¿Cuál es el hallazgo dermatológico patognomónico de la varicela?,Exantema monomórfico centrífugo,Pleomorfismo regional (mácula a costra),Manchas de Forchheimer,,Pleomorfismo regional (mácula a costra)
PROC_PED_EXANT_VARICELLA_001_003,ped,2,¿Cuál es la complicación neurológica más frecuente en niños con varicela?,Ataxia cerebelosa aguda,Encefalitis por inclusión,Mielitis transversa,,Ataxia cerebelosa aguda
PROC_PED_EXANT_VARICELLA_001_003,ped,3,¿Qué medicamento está estrictamente contraindicado en varicela pediátrica por riesgo de S. de Reye?,Ácido Acetilsalicílico,Paracetamol,Aciclovir,,Ácido Acetilsalicílico
PROC_PED_EXANT_VARICELLA_001_004,ped,1,¿Qué medicamento está estrictamente contraindicado en varicela pediátrica por riesgo de S. de Reye?,Ácido Acetilsalicílico,Paracetamol,Aciclovir,,Ácido Acetilsalicílico
PROC_PED_EXANT_VARICELLA_001_004,ped,2,¿Cuál es la complicación neurológica más frecuente en niños con varicela?,Encefalitis por inclusión,Ataxia cerebelosa aguda,Mielitis transversa,,Ataxia cerebelosa aguda
PROC_PED_EXANT_VARICELLA_001_004,ped,3,¿Cuál es el hallazgo dermatológico patognomónico de la varicela?,Manchas de Forchheimer,Exantema monomórfico centrífugo,Pleomorfismo regional (mácula a costra),,Pleomorfismo regional (mácula a costra)
PROC_PED_EXANT_VARICELLA_001_005,ped,1,¿Qué medicamento está estrictamente contraindicado en varicela pediátrica por riesgo de S. de Reye?,Ácido Acetilsalicílico,Aciclovir,Paracetamol,,Ácido Acetilsalicílico
PROC_PED_EXANT_VARICELLA_001_005,ped,2,¿Cuál es el hallazgo dermatológico patognomónico de la varicela?,Manchas de Forchheimer,Pleomorfismo regional (mácula a costra),Exantema monomórfico centrífugo,,Pleomorfismo regional (mácula a costra)
PROC_PED_EXANT_VARICELLA_001_005,ped,3,¿Cuál es la complicación neurológica más frecuente en niños con varicela?,Ataxia cerebelosa aguda,Mielitis transversa,Encefalitis por inclusión,,Ataxia cerebelosa aguda
PROC_PED_EXANT_VARICELLA_001_006,ped,1,¿Cuál es la complicación neurológica más frecuente en niños con varicela?,Ataxia cerebelosa aguda,Encefalitis por inclusión,Mielitis transversa,,Ataxia cerebelosa aguda
PROC_PED_EXANT_VARICELLA_001_006,ped,2,¿Qué medicamento está estrictamente contraindicado en varicela pediátrica por riesgo de S. de Reye?,Ácido Acetilsalicílico,Aciclovir,Paracetamol,,Ácido Acetilsalicílico
PROC_PED_EXANT_VARICELLA_001_006,ped,3,¿Cuál es el hallazgo dermatológico patognomónico de la varicela?,Pleomorfismo regional (mácula a costra),Exantema monomórfico centrífugo,Manchas de Forchheimer,,Pleomorfismo regional (mácula a costra)
PROC_PED_EXANT_VARICELLA_001_007,ped,1,¿Cuál es la complicación neurológica más frecuente en niños con varicela?,Ataxia cerebelosa aguda,Mielitis transversa,Encefalitis por inclusión,,Ataxia cerebelosa aguda
PROC_PED_EXANT_VARICELLA_001_007,ped,2,¿Cuál es el hallazgo dermatológico patognomónico de la varicela?,Manchas de Forchheimer,Pleomorfismo regional (mácula a costra),Exantema monomórfico centrífugo,,Pleomorfismo regional (mácula a costra)
PROC_PED_EXANT_VARICELLA_001_007,ped,3,¿Qué medicamento está estrictamente contraindicado en varicela pediátrica por riesgo de S. de Reye?,Ácido Acetilsalicílico,Aciclovir,Paracetamol,,Ácido Acetilsalicílico
PROC_PED_EXANT_VARICELLA_001_008,ped,1,¿Cuál es el hallazgo dermatológico patognomónico de la varicela?,Exantema monomórfico centrífugo,Pleomorfismo regional (mácula a costra),Manchas de Forchheimer,,Pleomorfismo regional (mácula a costra)
PROC_PED_EXANT_VARICELLA_001_008,ped,2,¿Qué medicamento está estrictamente contraindicado en varicela pediátrica por riesgo de S. de Reye?,Paracetamol,Aciclovir,Ácido Acetilsalicílico,,Ácido Acetilsalicílico
PROC_PED_EXANT_VARICELLA_001_008,ped,3,¿Cuál es la complicación neurológica más frecuente en niños con varicela?,Encefalitis por inclusión,Mielitis transversa,Ataxia cerebelosa aguda,,Ataxia cerebelosa aguda
PROC_PED_EXANT_VARICELLA_001_009,ped,1,¿Qué medicamento está estrictamente contraindicado en varicela pediátrica por riesgo de S. de Reye?,Aciclovir,Paracetamol,Ácido Acetilsalicílico,,Ácido Acetilsalicílico
PROC_PED_EXANT_VARICELLA_001_009,ped,2,¿Cuál es el hallazgo dermatológico patognomónico de la varicela?,Pleomorfismo regional (mácula a costra),Exantema monomórfico centrífugo,Manchas de Forchheimer,,Pleomorfismo regional (mácula a costra)
PROC_PED_EXANT_VARICELLA_001_009,ped,3,¿Cuál es la complicación neurológica más frecuente en niños con varicela?,Mielitis transversa,Encefalitis por inclusión,Ataxia cerebelosa aguda,,Ataxia cerebelosa aguda
PROC_PED_EXANT_VARICELLA_001_010,ped,1,¿Qué medicamento está estrictamente contraindicado en varicela pediátrica por riesgo de S. de Reye?,Aciclovir,Paracetamol,Ácido Acetilsalicílico,,Ácido Acetilsalicílico
PROC_PED_EXANT_VARICELLA_001_010,ped,2,¿Cuál es el hallazgo dermatológico patognomónico de la varicela?,Manchas de Forchheimer,Pleomorfismo regional (mácula a costra),Exantema monomórfico centrífugo,,Pleomorfismo regional (mácula a costra)
PROC_PED_EXANT_VARICELLA_001_010,ped,3,¿Cuál es la complicación neurológica más frecuente en niños con varicela?,Mielitis transversa,Encefalitis por inclusión,Ataxia cerebelosa aguda,,Ataxia cerebelosa aguda
PROC_PED_EXANT_VARICELLA_001_011,ped,1,¿Cuál es el hallazgo dermatológico patognomónico de la varicela?,Pleomorfismo regional (mácula a costra),Exantema monomórfico centrífugo,Manchas de Forchheimer,,Pleomorfismo regional (mácula a costra)
PROC_PED_EXANT_VARICELLA_001_011,ped,2,¿Cuál es la complicación neurológica más frecuente en niños con varicela?,Ataxia cerebelosa aguda,Mielitis transversa,Encefalitis por inclusión,,Ataxia cerebelosa aguda
PROC_PED_EXANT_VARICELLA_001_011,ped,3,¿Qué medicamento está estrictamente contraindicado en varicela pediátrica por riesgo de S. de Reye?,Ácido Acetilsalicílico,Aciclovir,Paracetamol,,Ácido Acetilsalicílico
PROC_PED_EXANT_VARICELLA_001_012,ped,1,¿Cuál es el hallazgo dermatológico patognomónico de la varicela?,Exantema monomórfico centrífugo,Manchas de Forchheimer,Pleomorfismo regional (mácula a costra),,Pleomorfismo regional (mácula a costra)
PROC_PED_EXANT_VARICELLA_001_012,ped,2,¿Cuál es la complicación neurológica más frecuente en niños con varicela?,Encefalitis por inclusión,Ataxia cerebelosa aguda,Mielitis transversa,,Ataxia cerebelosa aguda
PROC_PED_EXANT_VARICELLA_001_012,ped,3,¿Qué medicamento está estrictamente contraindicado en varicela pediátrica por riesgo de S. de Reye?,Paracetamol,Ácido Acetilsalicílico,Aciclovir,,Ácido Acetilsalicílico
PROC_PED_EXANT_VARICELLA_001_013,ped,1,¿Qué medicamento está estrictamente contraindicado en varicela pediátrica por riesgo de S. de Reye?,Aciclovir,Ácido Acetilsalicílico,Paracetamol,,Ácido Acetilsalicílico
PROC_PED_EXANT_VARICELLA_001_013,ped,2,¿Cuál es la complicación neurológica más frecuente en niños con varicela?,Encefalitis por inclusión,Mielitis transversa,Ataxia cerebelosa aguda,,Ataxia cerebelosa aguda
PROC_PED_EXANT_VARICELLA_001_013,ped,3,¿Cuál es el hallazgo dermatológico patognomónico de la varicela?,Manchas de Forchheimer,Exantema monomórfico centrífugo,Pleomorfismo regional (mácula a costra),,Pleomorfismo regional (mácula a costra)
PROC_PED_EXANT_VARICELLA_001_014,ped,1,¿Cuál es la complicación neurológica más frecuente en niños con varicela?,Mielitis transversa,Encefalitis por inclusión,Ataxia cerebelosa aguda,,Ataxia cerebelosa aguda
PROC_PED_EXANT_VARICELLA_001_014,ped,2,¿Cuál es el hallazgo dermatológico patognomónico de la varicela?,Exantema monomórfico centrífugo,Manchas de Forchheimer,Pleomorfismo regional (mácula a costra),,Pleomorfismo regional (mácula a costra)
PROC_PED_EXANT_VARICELLA_001_014,ped,3,¿Qué medicamento está estrictamente contraindicado en varicela pediátrica por riesgo de S. de Reye?,Aciclovir,Ácido Acetilsalicílico,Paracetamol,,Ácido Acetilsalicílico
PROC_PED_EXANT_VARICELLA_001_015,ped,1,¿Cuál es el hallazgo dermatológico patognomónico de la varicela?,Exantema monomórfico centrífugo,Pleomorfismo regional (mácula a costra),Manchas de Forchheimer,,Pleomorfismo regional (mácula a costra)
PROC_PED_EXANT_VARICELLA_001_015,ped,2,¿Qué medicamento está estrictamente contraindicado en varicela pediátrica por riesgo de S. de Reye?,Ácido Acetilsalicílico,Paracetamol,Aciclovir,,Ácido Acetilsalicílico
PROC_PED_EXANT_VARICELLA_001_015,ped,3,¿Cuál es la complicación neurológica más frecuente en niños con varicela?,Encefalitis por inclusión,Mielitis transversa,Ataxia cerebelosa aguda,,Ataxia cerebelosa aguda
PROC_PED_GAST_DEHYDRATION_001_001,ped,1,¿Qué mineral se recomienda suplementar durante 14 días en todo paciente con diarrea aguda según la OMS?,Hierro,Magnesio,Zinc,,Zinc
PROC_PED_GAST_DEHYDRATION_001_001,ped,2,¿Cuál es la osmolaridad de sodio recomendada por la OMS para las sales de rehidratación oral (VSO)?,75 mEq/L,90 mEq/L,60 mEq/L,,75 mEq/L
PROC_PED_GAST_DEHYDRATION_001_001,ped,3,¿Cuál es la conducta inmediata ante un neonato con choque hipovolémico severo (Plan C)?,Administrar solución fisiológica 0.9% a 20 ml/kg en bolo,Administrar solución glucosada al 5%,Iniciar VSO por sonda nasogástrica,,Administrar solución fisiológica 0.9% a 20 ml/kg en bolo
PROC_PED_GAST_DEHYDRATION_001_002,ped,1,¿Qué mineral se recomienda suplementar durante 14 días en todo paciente con diarrea aguda según la OMS?,Hierro,Zinc,Magnesio,,Zinc
PROC_PED_GAST_DEHYDRATION_001_002,ped,2,¿Cuál es la osmolaridad de sodio recomendada por la OMS para las sales de rehidratación oral (VSO)?,90 mEq/L,75 mEq/L,60 mEq/L,,75 mEq/L
PROC_PED_GAST_DEHYDRATION_001_002,ped,3,¿Cuál es la conducta inmediata ante un neonato con choque hipovolémico severo (Plan C)?,Administrar solución glucosada al 5%,Iniciar VSO por sonda nasogástrica,Administrar solución fisiológica 0.9% a 20 ml/kg en bolo,,Administrar solución fisiológica 0.9% a 20 ml/kg en bolo
PROC_PED_GAST_DEHYDRATION_001_003,ped,1,¿Qué mineral se recomienda suplementar durante 14 días en todo paciente con diarrea aguda según la OMS?,Magnesio,Zinc,Hierro,,Zinc
PROC_PED_GAST_DEHYDRATION_001_003,ped,2,¿Cuál es la osmolaridad de sodio recomendada por la OMS para las sales de rehidratación oral (VSO)?,75 mEq/L,60 mEq/L,90 mEq/L,,75 mEq/L
PROC_PED_GAST_DEHYDRATION_001_003,ped,3,¿Cuál es la conducta inmediata ante un neonato con choque hipovolémico severo (Plan C)?,Administrar solución fisiológica 0.9% a 20 ml/kg en bolo,Iniciar VSO por sonda nasogástrica,Administrar solución glucosada al 5%,,Administrar solución fisiológica 0.9% a 20 ml/kg en bolo
PROC_PED_GAST_DEHYDRATION_001_004,ped,1,¿Cuál es la osmolaridad de sodio recomendada por la OMS para las sales de rehidratación oral (VSO)?,90 mEq/L,75 mEq/L,60 mEq/L,,75 mEq/L
PROC_PED_GAST_DEHYDRATION_001_004,ped,2,¿Cuál es la conducta inmediata ante un neonato con choque hipovolémico severo (Plan C)?,Administrar solución fisiológica 0.9% a 20 ml/kg en bolo,Iniciar VSO por sonda nasogástrica,Administrar solución glucosada al 5%,,Administrar solución fisiológica 0.9% a 20 ml/kg en bolo
PROC_PED_GAST_DEHYDRATION_001_004,ped,3,¿Qué mineral se recomienda suplementar durante 14 días en todo paciente con diarrea aguda según la OMS?,Magnesio,Hierro,Zinc,,Zinc
PROC_PED_GAST_DEHYDRATION_001_005,ped,1,¿Cuál es la osmolaridad de sodio recomendada por la OMS para las sales de rehidratación oral (VSO)?,75 mEq/L,60 mEq/L,90 mEq/L,,75 mEq/L
PROC_PED_GAST_DEHYDRATION_001_005,ped,2,¿Cuál es la conducta inmediata ante un neonato con choque hipovolémico severo (Plan C)?,Administrar solución glucosada al 5%,Administrar solución fisiológica 0.9% a 20 ml/kg en bolo,Iniciar VSO por sonda nasogástrica,,Administrar solución fisiológica 0.9% a 20 ml/kg en bolo
PROC_PED_GAST_DEHYDRATION_001_005,ped,3,¿Qué mineral se recomienda suplementar durante 14 días en todo paciente con diarrea aguda según la OMS?,Hierro,Magnesio,Zinc,,Zinc
PROC_PED_GIT_DEHYDRATION_001_001,ped,1,¿Cuál es la conducta inmediata ante un neonato con choque hipovolémico severo (Plan C)?,Administrar solución fisiológica 0.9% a 20 ml/kg en bolo,Administrar solución glucosada al 5%,Iniciar VSO por sonda nasogástrica,,Administrar solución fisiológica 0.9% a 20 ml/kg en bolo
PROC_PED_GIT_DEHYDRATION_001_001,ped,2,¿Cuál es la osmolaridad de sodio recomendada por la OMS para las sales de rehidratación oral (VSO)?,75 mEq/L,60 mEq/L,90 mEq/L,,75 mEq/L
PROC_PED_GIT_DEHYDRATION_001_001,ped,3,¿Qué mineral se recomienda suplementar durante 14 días en todo paciente con diarrea aguda según la OMS?,Hierro,Zinc,Magnesio,,Zinc
PROC_PED_GIT_DEHYDRATION_001_002,ped,1,¿Cuál es la conducta inmediata ante un neonato con choque hipovolémico severo (Plan C)?,Iniciar VSO por sonda nasogástrica,Administrar solución fisiológica 0.9% a 20 ml/kg en bolo,Administrar solución glucosada al 5%,,Administrar solución fisiológica 0.9% a 20 ml/kg en bolo
PROC_PED_GIT_DEHYDRATION_001_002,ped,2,¿Cuál es la osmolaridad de sodio recomendada por la OMS para las sales de rehidratación oral (VSO)?,75 mEq/L,60 mEq/L,90 mEq/L,,75 mEq/L
PROC_PED_GIT_DEHYDRATION_001_002,ped,3,¿Qué mineral se recomienda suplementar durante 14 días en todo paciente con diarrea aguda según la OMS?,Magnesio,Hierro,Zinc,,Zinc
PROC_PED_GIT_DEHYDRATION_001_003,ped,1,¿Qué mineral se recomienda suplementar durante 14 días en todo paciente con diarrea aguda según la OMS?,Zinc,Hierro,Magnesio,,Zinc
PROC_PED_GIT_DEHYDRATION_001_003,ped,2,¿Cuál es la conducta inmediata ante un neonato con choque hipovolémico severo (Plan C)?,Administrar solución fisiológica 0.9% a 20 ml/kg en bolo,Iniciar VSO por sonda nasogástrica,Administrar solución glucosada al 5%,,Administrar solución fisiológica 0.9% a 20 ml/kg en bolo
PROC_PED_GIT_DEHYDRATION_001_003,ped,3,¿Cuál es la osmolaridad de sodio recomendada por la OMS para las sales de rehidratación oral (VSO)?,75 mEq/L,90 mEq/L,60 mEq/L,,75 mEq/L
PROC_PED_GIT_DEHYDRATION_001_004,ped,1,¿Cuál es la conducta inmediata ante un neonato con choque hipovolémico severo (Plan C)?,Administrar solución fisiológica 0.9% a 20 ml/kg en bolo,Administrar solución glucosada al 5%,Iniciar VSO por sonda nasogástrica,,Administrar solución fisiológica 0.9% a 20 ml/kg en bolo
PROC_PED_GIT_DEHYDRATION_001_004,ped,2,¿Qué mineral se recomienda suplementar durante 14 días en todo paciente con diarrea aguda según la OMS?,Hierro,Zinc,Magnesio,,Zinc
PROC_PED_GIT_DEHYDRATION_001_004,ped,3,¿Cuál es la osmolaridad de sodio recomendada por la OMS para las sales de rehidratación oral (VSO)?,90 mEq/L,60 mEq/L,75 mEq/L,,75 mEq/L
PROC_PED_GIT_DEHYDRATION_001_005,ped,1,¿Cuál es la osmolaridad de sodio recomendada por la OMS para las sales de rehidratación oral (VSO)?,90 mEq/L,60 mEq/L,75 mEq/L,,75 mEq/L
PROC_PED_GIT_DEHYDRATION_001_005,ped,2,¿Cuál es la conducta inmediata ante un neonato con choque hipovolémico severo (Plan C)?,Iniciar VSO por sonda nasogástrica,Administrar solución glucosada al 5%,Administrar solución fisiológica 0.9% a 20 ml/kg en bolo,,Administrar solución fisiológica 0.9% a 20 ml/kg en bolo
PROC_PED_GIT_DEHYDRATION_001_005,ped,3,¿Qué mineral se recomienda suplementar durante 14 días en todo paciente con diarrea aguda según la OMS?,Hierro,Magnesio,Zinc,,Zinc
PROC_PED_GIT_DEHYDRATION_001_006,ped,1,¿Cuál es la conducta inmediata ante un neonato con choque hipovolémico severo (Plan C)?,Administrar solución fisiológica 0.9% a 20 ml/kg en bolo,Iniciar VSO por sonda nasogástrica,Administrar solución glucosada al 5%,,Administrar solución fisiológica 0.9% a 20 ml/kg en bolo
PROC_PED_GIT_DEHYDRATION_001_006,ped,2,¿Qué mineral se recomienda suplementar durante 14 días en todo paciente con diarrea aguda según la OMS?,Hierro,Zinc,Magnesio,,Zinc
PROC_PED_GIT_DEHYDRATION_001_006,ped,3,¿Cuál es la osmolaridad de sodio recomendada por la OMS para las sales de rehidratación oral (VSO)?,60 mEq/L,90 mEq/L,75 mEq/L,,75 mEq/L
PROC_PED_GIT_DEHYDRATION_001_007,ped,1,¿Cuál es la conducta inmediata ante un neonato con choque hipovolémico severo (Plan C)?,Administrar solución fisiológica 0.9% a 20 ml/kg en bolo,Administrar solución glucosada al 5%,Iniciar VSO por sonda nasogástrica,,Administrar solución fisiológica 0.9% a 20 ml/kg en bolo
PROC_PED_GIT_DEHYDRATION_001_007,ped,2,¿Cuál es la osmolaridad de sodio recomendada por la OMS para las sales de rehidratación oral (VSO)?,90 mEq/L,75 mEq/L,60 mEq/L,,75 mEq/L
PROC_PED_GIT_DEHYDRATION_001_007,ped,3,¿Qué mineral se recomienda suplementar durante 14 días en todo paciente con diarrea aguda según la OMS?,Hierro,Magnesio,Zinc,,Zinc
PROC_PED_GIT_DEHYDRATION_001_008,ped,1,¿Cuál es la conducta inmediata ante un neonato con choque hipovolémico severo (Plan C)?,Administrar solución fisiológica 0.9% a 20 ml/kg en bolo,Iniciar VSO por sonda nasogástrica,Administrar solución glucosada al 5%,,Administrar solución fisiológica 0.9% a 20 ml/kg en bolo
PROC_PED_GIT_DEHYDRATION_001_008,ped,2,¿Cuál es la osmolaridad de sodio recomendada por la OMS para las sales de rehidratación oral (VSO)?,90 mEq/L,60 mEq/L,75 mEq/L,,75 mEq/L
PROC_PED_GIT_DEHYDRATION_001_008,ped,3,¿Qué mineral se recomienda suplementar durante 14 días en todo paciente con diarrea aguda según la OMS?,Hierro,Magnesio,Zinc,,Zinc
PROC_PED_GIT_DEHYDRATION_001_009,ped,1,¿Cuál es la osmolaridad de sodio recomendada por la OMS para las sales de rehidratación oral (VSO)?,60 mEq/L,90 mEq/L,75 mEq/L,,75 mEq/L
PROC_PED_GIT_DEHYDRATION_001_009,ped,2,¿Qué mineral se recomienda suplementar durante 14 días en todo paciente con diarrea aguda según la OMS?,Magnesio,Hierro,Zinc,,Zinc
PROC_PED_GIT_DEHYDRATION_001_009,ped,3,¿Cuál es la conducta inmediata ante un neonato con choque hipovolémico severo (Plan C)?,Iniciar VSO por sonda nasogástrica,Administrar solución glucosada al 5%,Administrar solución fisiológica 0.9% a 20 ml/kg en bolo,,Administrar solución fisiológica 0.9% a 20 ml/kg en bolo
PROC_PED_GIT_DEHYDRATION_001_010,ped,1,¿Cuál es la conducta inmediata ante un neonato con choque hipovolémico severo (Plan C)?,Administrar solución fisiológica 0.9% a 20 ml/kg en bolo,Iniciar VSO por sonda nasogástrica,Administrar solución glucosada al 5%,,Administrar solución fisiológica 0.9% a 20 ml/kg en bolo
PROC_PED_GIT_DEHYDRATION_001_010,ped,2,¿Cuál es la osmolaridad de sodio recomendada por la OMS para las sales de rehidratación oral (VSO)?,60 mEq/L,90 mEq/L,75 mEq/L,,75 mEq/L
PROC_PED_GIT_DEHYDRATION_001_010,ped,3,¿Qué mineral se recomienda suplementar durante 14 días en todo paciente con diarrea aguda según la OMS?,Zinc,Hierro,Magnesio,,Zinc
PROC_PED_GIT_DEHYDRATION_001_011,ped,1,¿Cuál es la osmolaridad de sodio recomendada por la OMS para las sales de rehidratación oral (VSO)?,90 mEq/L,75 mEq/L,60 mEq/L,,75 mEq/L
PROC_PED_GIT_DEHYDRATION_001_011,ped,2,¿Cuál es la conducta inmediata ante un neonato con choque hipovolémico severo (Plan C)?,Administrar solución fisiológica 0.9% a 20 ml/kg en bolo,Administrar solución glucosada al 5%,Iniciar VSO por sonda nasogástrica,,Administrar solución fisiológica 0.9% a 20 ml/kg en bolo
PROC_PED_GIT_DEHYDRATION_001_011,ped,3,¿Qué mineral se recomienda suplementar durante 14 días en todo paciente con diarrea aguda según la OMS?,Hierro,Magnesio,Zinc,,Zinc
PROC_PED_GIT_DEHYDRATION_001_012,ped,1,¿Cuál es la osmolaridad de sodio recomendada por la OMS para las sales de rehidratación oral (VSO)?,75 mEq/L,60 mEq/L,90 mEq/L,,75 mEq/L
PROC_PED_GIT_DEHYDRATION_001_012,ped,2,¿Qué mineral se recomienda suplementar durante 14 días en todo paciente con diarrea aguda según la OMS?,Zinc,Hierro,Magnesio,,Zinc
PROC_PED_GIT_DEHYDRATION_001_012,ped,3,¿Cuál es la conducta inmediata ante un neonato con choque hipovolémico severo (Plan C)?,Iniciar VSO por sonda nasogástrica,Administrar solución fisiológica 0.9% a 20 ml/kg en bolo,Administrar solución glucosada al 5%,,Administrar solución fisiológica 0.9% a 20 ml/kg en bolo
PROC_PED_GIT_DEHYDRATION_001_013,ped,1,¿Cuál es la conducta inmediata ante un neonato con choque hipovolémico severo (Plan C)?,Administrar solución fisiológica 0.9% a 20 ml/kg en bolo,Iniciar VSO por sonda nasogástrica,Administrar solución glucosada al 5%,,Administrar solución fisiológica 0.9% a 20 ml/kg en bolo
PROC_PED_GIT_DEHYDRATION_001_013,ped,2,¿Cuál es la osmolaridad de sodio recomendada por la OMS para las sales de rehidratación oral (VSO)?,90 mEq/L,60 mEq/L,75 mEq/L,,75 mEq/L
PROC_PED_GIT_DEHYDRATION_001_013,ped,3,¿Qué mineral se recomienda suplementar durante 14 días en todo paciente con diarrea aguda según la OMS?,Zinc,Magnesio,Hierro,,Zinc
PROC_PED_GIT_DEHYDRATION_001_014,ped,1,¿Cuál es la conducta inmediata ante un neonato con choque hipovolémico severo (Plan C)?,Iniciar VSO por sonda nasogástrica,Administrar solución glucosada al 5%,Administrar solución fisiológica 0.9% a 20 ml/kg en bolo,,Administrar solución fisiológica 0.9% a 20 ml/kg en bolo
PROC_PED_GIT_DEHYDRATION_001_014,ped,2,¿Qué mineral se recomienda suplementar durante 14 días en todo paciente con diarrea aguda según la OMS?,Hierro,Magnesio,Zinc,,Zinc
PROC_PED_GIT_DEHYDRATION_001_014,ped,3,¿Cuál es la osmolaridad de sodio recomendada por la OMS para las sales de rehidratación oral (VSO)?,90 mEq/L,60 mEq/L,75 mEq/L,,75 mEq/L
PROC_PED_GIT_DEHYDRATION_001_015,ped,1,¿Cuál es la osmolaridad de sodio recomendada por la OMS para las sales de rehidratación oral (VSO)?,90 mEq/L,75 mEq/L,60 mEq/L,,75 mEq/L
PROC_PED_GIT_DEHYDRATION_001_015,ped,2,¿Qué mineral se recomienda suplementar durante 14 días en todo paciente con diarrea aguda según la OMS?,Zinc,Magnesio,Hierro,,Zinc
PROC_PED_GIT_DEHYDRATION_001_015,ped,3,¿Cuál es la conducta inmediata ante un neonato con choque hipovolémico severo (Plan C)?,Administrar solución fisiológica 0.9% a 20 ml/kg en bolo,Iniciar VSO por sonda nasogástrica,Administrar solución glucosada al 5%,,Administrar solución fisiológica 0.9% a 20 ml/kg en bolo
PROC_PED_GROWTH_TALLY_001_001,ped,1,¿Cómo se calcula la Talla Blanco Familiar para una NIÑA?,(Talla Padre + Talla Madre) / 2,(Talla Padre + Talla Madre - 13) / 2,(Talla Padre + Talla Madre + 13) / 2,,(Talla Padre + Talla Madre - 13) / 2
PROC_PED_GROWTH_TALLY_001_001,ped,2,¿Qué estudio de gabinete es el estandar de oro para evaluar la Edad Ósea?,TC de craneo,Radiografia de mano izquierda,USG abdominal,,Radiografia de mano izquierda
PROC_PED_GROWTH_TALLY_001_001,ped,3,¿Qué indicador antropométrico evalúa la desnutrición CRONICA en pediatría?,Peso para la Talla (P/T),Talla para la Edad (T/E),Peso para la Edad (P/E),,Talla para la Edad (T/E)
PROC_PED_NEO_APGAR_001_001,ped,1,¿En qué momento se deben iniciar las COMPRESIONES toracicas en el recien nacido?,Si el APGAR inicial es <3,Si la FC es <60 lpm pese a VPP efectiva,Inmediatamente al nacer si no llora,,Si la FC es <60 lpm pese a VPP efectiva
PROC_PED_NEO_APGAR_001_001,ped,2,¿Cuál es la frecuencia cardiaca por debajo de la cual se debe iniciar Ventilacion a Presion Positiva (VPP)?,<100 lpm,<60 lpm,<120 lpm,,<100 lpm
PROC_PED_NEO_APGAR_001_001,ped,3,¿Qué evalúa la escala de Silverman-Andersen en el periodo neonatal?,Madurez Gestacional,Vitalidad y Adaptacion,Dificultad Respiratoria,,Dificultad Respiratoria
PROC_PED_NEO_APGAR_001_002,ped,1,¿Qué evalúa la escala de Silverman-Andersen en el periodo neonatal?,Madurez Gestacional,Dificultad Respiratoria,Vitalidad y Adaptacion,,Dificultad Respiratoria
PROC_PED_NEO_APGAR_001_002,ped,2,¿Qué puntuacion de Silverman-Andersen indica una dificultad respiratoria GRAVE?,Entre 1 y 3 puntos,0 puntos (Normalidad),Mayor a 7 puntos,,Mayor a 7 puntos
PROC_PED_NEO_APGAR_001_002,ped,3,¿Cuál es la conducta inmediata ante una frecuencia cardiaca <100 lpm en el recien nacido?,Iniciar Compresiones Toracicas,Administrar Adrenalina Umbilical,Iniciar Ventilacion a Presion Positiva (VPP),,Iniciar Ventilacion a Presion Positiva (VPP)
PROC_PED_NEURO_MILESTONES_001_001,ped,1,¿En qué mes aparece típicamente la sedestación sin apoyo (sedestación independiente)?,9 meses,6 meses,4 meses,,6 meses
PROC_PED_NEURO_MILESTONES_001_001,ped,2,¿A qué edad esperamos que aparezca la sonrisa social como respuesta a los cuidadores?,Al nacer,6 meses,2 meses,,2 meses
PROC_PED_NEURO_MILESTONES_001_001,ped,3,¿A qué edad se considera un SIGNO DE ALARMA la ausencia de marcha independiente?,18 meses,24 meses,12 meses,,18 meses
PROC_PED_PYLORIC_SENOSIS_001_001,ped,1,¿Cuál es el trastorno ácido-base característico de la estenosis hipertrófica de píloro?,Alcalosis respiratoria compensada,Acidosis metabólica hiperclorémica,Alcalosis metabólica hipoclorémica,,Alcalosis metabólica hipoclorémica
PROC_PED_PYLORIC_SENOSIS_001_001,ped,2,¿Cómo se llama el procedimiento quirúrgico de elección para esta patología?,Gastroenterostomía,Piloroplastia de Heineke-Mikulicz,Piloromiotomía de Fredet-Ramstedt,,Piloromiotomía de Fredet-Ramstedt
PROC_PED_PYLORIC_SENOSIS_001_001,ped,3,¿Qué grosor de músculo pilórico en el ultrasonido confirma el diagnóstico de estenosis?,Mayor a 1 mm,Mayor a 3 mm,Entre 1.5 y 2 mm,,Mayor a 3 mm
PROC_PED_PYLORIC_SENOSIS_001_002,ped,1,¿Qué grosor de músculo pilórico en el ultrasonido confirma el diagnóstico de estenosis?,Entre 1.5 y 2 mm,Mayor a 3 mm,Mayor a 1 mm,,Mayor a 3 mm
PROC_PED_PYLORIC_SENOSIS_001_002,ped,2,¿Cómo se llama el procedimiento quirúrgico de elección para esta patología?,Gastroenterostomía,Piloroplastia de Heineke-Mikulicz,Piloromiotomía de Fredet-Ramstedt,,Piloromiotomía de Fredet-Ramstedt
PROC_PED_PYLORIC_SENOSIS_001_002,ped,3,¿Cuál es el trastorno ácido-base característico de la estenosis hipertrófica de píloro?,Alcalosis respiratoria compensada,Alcalosis metabólica hipoclorémica,Acidosis metabólica hiperclorémica,,Alcalosis metabólica hipoclorémica
PROC_PED_PYLORIC_SENOSIS_001_003,ped,1,¿Qué grosor de músculo pilórico en el ultrasonido confirma el diagnóstico de estenosis?,Mayor a 1 mm,Entre 1.5 y 2 mm,Mayor a 3 mm,,Mayor a 3 mm
PROC_PED_PYLORIC_SENOSIS_001_003,ped,2,¿Cómo se llama el procedimiento quirúrgico de elección para esta patología?,Piloromiotomía de Fredet-Ramstedt,Gastroenterostomía,Piloroplastia de Heineke-Mikulicz,,Piloromiotomía de Fredet-Ramstedt
PROC_PED_PYLORIC_SENOSIS_001_003,ped,3,Identifique el trastorno ácido-base característico de la estenosis hipertrófica de píloro?,Acidosis metabólica hiperclorémica,Alcalosis metabólica hipoclorémica,Alcalosis respiratoria compensada,,Alcalosis metabólica hipoclorémica
PROC_PED_PYLORIC_SENOSIS_001_004,ped,1,¿Cómo se llama el procedimiento quirúrgico de elección para esta patología?,Piloromiotomía de Fredet-Ramstedt,Piloroplastia de Heineke-Mikulicz,Gastroenterostomía,,Piloromiotomía de Fredet-Ramstedt
PROC_PED_PYLORIC_SENOSIS_001_004,ped,2,¿Qué grosor de músculo pilórico en el ultrasonido confirma el diagnóstico de estenosis?,Mayor a 1 mm,Mayor a 3 mm,Entre 1.5 y 2 mm,,Mayor a 3 mm
PROC_PED_PYLORIC_SENOSIS_001_004,ped,3,"Con respecto a la patología, ¿cuál es el trastorno ácido-base característico de la estenosis hipertrófica de píloro?",Alcalosis respiratoria compensada,Alcalosis metabólica hipoclorémica,Acidosis metabólica hiperclorémica,,Alcalosis metabólica hipoclorémica
PROC_PED_PYLORIC_SENOSIS_001_005,ped,1,¿Qué grosor de músculo pilórico en el ultrasonido confirma el diagnóstico de estenosis?,Entre 1.5 y 2 mm,Mayor a 1 mm,Mayor a 3 mm,,Mayor a 3 mm
PROC_PED_PYLORIC_SENOSIS_001_005,ped,2,¿Cómo se llama el procedimiento quirúrgico de elección para esta patología?,Piloromiotomía de Fredet-Ramstedt,Gastroenterostomía,Piloroplastia de Heineke-Mikulicz,,Piloromiotomía de Fredet-Ramstedt
PROC_PED_PYLORIC_SENOSIS_001_005,ped,3,Identifique el trastorno ácido-base característico de la estenosis hipertrófica de píloro?,Alcalosis metabólica hipoclorémica,Acidosis metabólica hiperclorémica,Alcalosis respiratoria compensada,,Alcalosis metabólica hipoclorémica
PROC_PED_RESPIRATORY_CRUP_001_001,ped,1,¿Cuál es el tratamiento esteroideo de eleccion en el servicio de urgencias?,Dexametasona,Hidrocortisona,Metilprednisolona,,Dexametasona
PROC_PED_RESPIRATORY_CRUP_001_001,ped,2,¿Cómo se llama el signo radiografico caracteristico observado en la proyeccion AP de cuello?,Signo de la Torre o Punta de Lapiz,Imagen en Coraza,Signo del Pulgar,,Signo de la Torre o Punta de Lapiz
PROC_PED_RESPIRATORY_CRUP_001_001,ped,3,¿Cuál es el agente etiologico mas comun del Crup viral?,Virus Sincitial Respiratorio (VSR),Adenovirus,Virus Parainfluenza tipo 1,,Virus Parainfluenza tipo 1
PROC_PED_RESPIRATORY_CRUP_001_002,ped,1,¿Cómo se llama el signo radiográfico característico observado en la proyección AP de cuello?,Signo del Pulgar,Imagen en Coraza,Signo de la Torre o Punta de Lápiz,,Signo de la Torre o Punta de Lápiz
PROC_PED_RESPIRATORY_CRUP_001_002,ped,2,¿Cuál es el agente etiológico más común del Crup viral?,Virus Sincitial Respiratorio (VSR),Adenovirus,Virus Parainfluenza tipo 1,,Virus Parainfluenza tipo 1
PROC_PED_RESPIRATORY_CRUP_001_002,ped,3,¿Cuál es el tratamiento esteroideo de elección en el servicio de urgencias?,Metilprednisolona,Dexametasona,Hidrocortisona,,Dexametasona
PROC_PED_RESPIRATORY_PNEUMONIA_001_001,ped,1,¿Cuál es el tratamiento antibiotico de eleccion para una NAC no complicada en el manejo ambulatorio?,Eritromicina oral,Amoxicilina a dosis de 80-90 mg/kg/dia,Ceftriaxona intramuscular,,Amoxicilina a dosis de 80-90 mg/kg/dia
PROC_PED_RESPIRATORY_PNEUMONIA_001_001,ped,2,¿A partir de que nivel de saturacion de oxigeno por oximetria de pulso se indica el ingreso hospitalario?,Menor a 88%,Menor a 92%,Menor a 95%,,Menor a 92%
PROC_PED_RESPIRATORY_PNEUMONIA_001_001,ped,3,¿Cuál es el agente etiologico bacteriano mas frecuente de neumonia adquirida en la comunidad en ninos mayores de 3 meses?,Haemophilus influenzae,Streptococcus pneumoniae,Staphylococcus aureus,,Streptococcus pneumoniae
PROC_PED_RESPIRATORY_PNEUMONIA_001_003,ped,1,¿Cuál es el tratamiento antibiótico de elección para la Neumonía Atípica por Mycoplasma?,Azitromicina,Ceftriaxona,Amoxicilina,,Azitromicina
PROC_PED_RESPIRATORY_PNEUMONIA_001_003,ped,2,¿Cuál es el agente etiológico atípico más frecuente en niños mayores de 5 años?,Legionella pneumophila,Chlamydia pneumoniae,Mycoplasma pneumoniae,,Mycoplasma pneumoniae
PROC_PED_RESPIRATORY_PNEUMONIA_001_003,ped,3,¿Qué hallazgo radiológico es característico de una neumonía por Mycoplasma?,Absceso pulmonar,Infiltrados intersticiales bilaterales,Consolidación lobar única,,Infiltrados intersticiales bilaterales
PROC_PED_STATS_TESTS_001_001,ped,1,¿Qué indica un valor de p < 0.05 en un estudio clinico?,Que el resultado es estadisticamente significativo,Que el estudio tiene un error de diseno grave,Que no hay diferencia entre los grupos,,Que el resultado es estadisticamente significativo
PROC_PED_STATS_TESTS_001_001,ped,2,¿Qué prueba estadística utilizarias para comparar el promedio de peso al nacer entre ninos y ninas?,t de Student para muestras independientes,Analisis de Varianza (ANOVA),Chi-cuadrada,,t de Student para muestras independientes
PROC_PED_STATS_TESTS_001_001,ped,3,¿Qué sucede si el Intervalo de Confianza del 95% para un Riesgo Relativo (RR) cruza el valor 1.0?,El resultado NO es estadisticamente significativo,El estudio es altamente preciso,El factor analizado es protector,,El resultado NO es estadisticamente significativo
PROC_PED_VAC_CATCHUP_001_001,ped,1,"¿A qué edad debe aplicarse actualmente la SEGUNDA dosis de SRP (Sarampión, Rubeola, Parotiditis)?",4 años,6 años,18 meses,,18 meses
PROC_PED_VAC_CATCHUP_001_001,ped,2,Identifique la principal forma de tuberculosis que previene la vacuna BCG?,TBC Pulmonar Cavitaria,TBC Renal,TBC Meníngea y Miliar,,TBC Meníngea y Miliar
PROC_PED_VAC_CATCHUP_001_001,ped,3,¿Cuál es el límite superior de edad para completar el esquema de vacunación contra Rotavirus?,6 meses de edad,8 meses de edad,12 meses de edad,,8 meses de edad
PROC_PED_VAC_SRP_001_001,ped,1,"Según el esquema de vacunación vigente en México, ¿a qué edad se aplica la 2Aª dosis de SRP?",4 años,18 meses,6 años,,18 meses
PROC_PED_VAC_SRP_001_001,ped,2,¿Cuál biológico se aplica como refuerzo a los 18 meses ADEMÁS de la 2Aª dosis de SRP?,BCG (2Aª dosis),Hexavalente Acelular,DPT (células enteras),,Hexavalente Acelular
PROC_PED_VAC_SRP_001_001,ped,3,¿Cuál es una contraindicación absoluta para la vacuna SRP?,Alergia leve no anafiláctica al huevo,Inmunodeficiencia severa o embarazo,Infección respiratoria leve con fiebre <38°C,,Inmunodeficiencia severa o embarazo
PROC_PED_VAC_SRP_001_002,ped,1,"Según el esquema de vacunación vigente en México, ¿a qué edad se aplica la 2Aª dosis de SRP?",18 meses,4 años,6 años,,18 meses
PROC_PED_VAC_SRP_001_002,ped,2,¿Cuál biológico se aplica como refuerzo a los 18 meses ADEMÁS de la 2Aª dosis de SRP?,BCG (2Aª dosis),Hexavalente Acelular,DPT (células enteras),,Hexavalente Acelular
PROC_PED_VAC_SRP_001_002,ped,3,¿Cuál es una contraindicación absoluta para la vacuna SRP?,Alergia leve no anafiláctica al huevo,Infección respiratoria leve con fiebre <38°C,Inmunodeficiencia severa o embarazo,,Inmunodeficiencia severa o embarazo
PROC_PREV_LEVELS_LEAVELL_001_001,prev,1,¿Cómo se llama el periodo de la historia natural donde ocurre la interaccion entre la Triada Ecologica antes del dano?,Periodo Patogenico,Periodo Prepatogenico,Periodo de Resolucion,,Periodo Prepatogenico
PROC_PREV_LEVELS_LEAVELL_001_001,prev,2,¿Cuál es un ejemplo de Proteccion Especifica dentro de la Prevencion Primaria?,Fisioterapia post-EVC,Aplicacion de inmunizaciones (vacunas),Realizacion de una Mastografia,,Aplicacion de inmunizaciones (vacunas)
PROC_PREV_LEVELS_LEAVELL_001_001,prev,3,¿En qué nivel de prevencion de Leavell y Clark se ubica el Tamizaje (descubrimiento de casos)?,Prevencion Primaria,Prevencion Secundaria,Prevencion Terciaria,,Prevencion Secundaria
PROC_PREV_RABIES_EXTREME_001_001,prev,1,¿En qué clasificación de riesgo cae una mordedura de murciélago transdérmica en el rostro?,Riesgo Moderado (Categoría II),Riesgo Grave (Categoría III),Riesgo Leve (Categoría I),,Riesgo Grave (Categoría III)
PROC_PREV_RABIES_EXTREME_001_001,prev,2,¿Cuál es la profilaxis adecuada para una exposición rábica Categoría III?,Lavado + Inmunoglobulina Antirrábica + Vacuna Antirrábica,Vacuna antirrábica en 3 dosis + Amoxicilina,Lavado + Observación del animal por 10 días,,Lavado + Inmunoglobulina Antirrábica + Vacuna Antirrábica
PROC_PREV_RABIES_EXTREME_001_001,prev,3,¿Dónde debe administrarse la Inmunoglobulina Antirrábica humana (IGAH)?,Intravenosa diluida en solución fisiológica,"Mitad intramuscular en glúteo, mitad subcutánea",La mayor cantidad posible infiltrada dentro y alrededor de la herida,,La mayor cantidad posible infiltrada dentro y alrededor de la herida
PROC_PSYCH_MANIA_001_001,psyc,1,¿Qué malformacion congenita se asocia clasicamente al uso de Litio durante el primer trimestre del embarazo?,Anomalia de Ebstein,Tetralogia de Fallot,Defecto del tubo neural,,Anomalia de Ebstein
PROC_PSYCH_MANIA_001_001,psyc,2,¿Cuál es el farmaco estabilizador del animo considerado el 'estandar de oro' para el tratamiento del Trastorno Bipolar I?,Lamotrigina,Ácido Valproico,Carbonato de Litio,,Carbonato de Litio
PROC_PSYCH_MANIA_001_001,psyc,3,¿Cuál es la duracion minima de los síntomas necesaria para diagnosticar un Episodio Maniaco segun el DSM-5?,Al menos 2 semanas,Al menos 4 dias consecutivos,Al menos 1 semana,,Al menos 1 semana
PROC_PSYC_DEP_SUICIDE_001_001,psyc,1,¿Cuál de los siguientes factores se asocia con MAYOR riesgo de suicidio consumado?,Edad avanzada y sexo masculino,Presencia de ansiedad leve,Sexo femenino,,Edad avanzada y sexo masculino
PROC_PSYC_DEP_SUICIDE_001_001,psyc,2,¿Cuál es la conducta inicial MÁS IMPORTANTE ante un paciente con depresión mayor y plan suicida estructurado?,Hospitalización psiquiátrica o vigilancia estrecha,Iniciar ISRS (Sertralina) de inmediato,Solicitar estudios de laboratorio para descartar causas orgánicas,,Hospitalización psiquiátrica o vigilancia estrecha
PROC_PSYC_DEP_SUICIDE_001_001,psyc,3,¿Cuál es la primera línea farmacológica para el tratamiento de la depresión mayor?,ISRS (Inhibidores de la recaptura de serotonina),Antipsicóticos atípicos,Benzodiacepinas,,ISRS (Inhibidores de la recaptura de serotonina)
PROC_PSYC_NMS_EXTREME_001_001,psyc,1,¿Cuál es la alteración muscular típica del Síndrome Neuroléptico Maligno que lo distingue del Síndrome Serotoninérgico?,Hiperreflexia y clonus,Parálisis flácida ascendente,Rigidez muscular en 'tubo de plomo',,Rigidez muscular en 'tubo de plomo'
PROC_PSYC_NMS_EXTREME_001_001,psyc,2,¿Cuál es el antídoto o tratamiento farmacológico específico para el Síndrome Neuroléptico Maligno?,Bromocriptina y Dantroleno,Flumazenil,Ciproheptadina,,Bromocriptina y Dantroleno
PROC_PSYC_NMS_EXTREME_001_001,psyc,3,¿Qué complicación letal debe prevenirse con hidratación vigorosa en el SNM debido a la elevación masiva de CPK?,Infarto agudo de miocardio,Falla hepática fulminante,Falla renal aguda por mioglobinuria,,Falla renal aguda por mioglobinuria
PROC_PSYC_PSI_SCHIZO_001_001,psyc,1,¿Cuál es la duracion minima de los síntomas para diagnosticar Esquizofrenia segun el DSM-5?,6 meses,2 anos,1 mes,,6 meses
PROC_PSYC_PSI_SCHIZO_001_001,psyc,2,¿Cuál de los siguientes se considera un factor de MAL pronostico en la esquizofrenia?,Inicio agudo de los síntomas,Presencia predominante de síntomas negativos,Sexo femenino,,Presencia predominante de síntomas negativos
PROC_PSYC_PSI_SCHIZO_001_001,psyc,3,¿Qué farmaco es el estandar de oro para el tratamiento de la esquizofrenia REFRACTARIA?,Aripiprazol,Haloperidol,Clozapina,,Clozapina
PROC_STATS_DX_METRICS_001_001,stats,1,¿Definición de Sensibilidad?,VN / Total Sanos,VP / Total Positivos,VP / Total Enfermos,,VP / Total Enfermos
PROC_STATS_DX_METRICS_001_001,stats,2,¿Qué sucede con el VPP si la prevalencia disminuye?,Permanece igual,Disminuye,Aumenta,,Disminuye
PROC_STATS_DX_METRICS_001_001,stats,3,¿Qué métricas NO se alteran por la prevalencia?,Prevalencia y Incidencia,Sensibilidad y Especificidad,VPP y VPN,,Sensibilidad y Especificidad
PROC_STATS_DX_METRICS_001_002,stats,1,¿Qué sucede con el VPP si la prevalencia disminuye?,Aumenta,Disminuye,Permanece igual,,Disminuye
PROC_STATS_DX_METRICS_001_002,stats,2,¿Definición de Sensibilidad?,VP / Total Positivos,VP / Total Enfermos,VN / Total Sanos,,VP / Total Enfermos
PROC_STATS_DX_METRICS_001_002,stats,3,¿Qué métricas NO se alteran por la prevalencia?,VPP y VPN,Sensibilidad y Especificidad,Prevalencia y Incidencia,,Sensibilidad y Especificidad
PROC_STATS_DX_METRICS_001_003,stats,1,¿Qué sucede con el VPP si la prevalencia disminuye?,Disminuye,Permanece igual,Aumenta,,Disminuye
PROC_STATS_DX_METRICS_001_003,stats,2,¿Definición de Sensibilidad?,VP / Total Enfermos,VP / Total Positivos,VN / Total Sanos,,VP / Total Enfermos
PROC_STATS_DX_METRICS_001_003,stats,3,¿Qué métricas NO se alteran por la prevalencia?,Sensibilidad y Especificidad,VPP y VPN,Prevalencia y Incidencia,,Sensibilidad y Especificidad
PROC_STATS_DX_METRICS_001_004,stats,1,¿Qué sucede con el VPP si la prevalencia disminuye?,Disminuye,Permanece igual,Aumenta,,Disminuye
PROC_STATS_DX_METRICS_001_004,stats,2,¿Definición de Sensibilidad?,VP / Total Enfermos,VP / Total Positivos,VN / Total Sanos,,VP / Total Enfermos
PROC_STATS_DX_METRICS_001_004,stats,3,¿Qué métricas NO se alteran por la prevalencia?,VPP y VPN,Sensibilidad y Especificidad,Prevalencia y Incidencia,,Sensibilidad y Especificidad
PROC_STATS_DX_METRICS_001_005,stats,1,¿Qué sucede con el VPP si la prevalencia disminuye?,Aumenta,Disminuye,Permanece igual,,Disminuye
PROC_STATS_DX_METRICS_001_005,stats,2,¿Definición de Sensibilidad?,VP / Total Enfermos,VP / Total Positivos,VN / Total Sanos,,VP / Total Enfermos
PROC_STATS_DX_METRICS_001_005,stats,3,¿Qué métricas NO se alteran por la prevalencia?,Prevalencia y Incidencia,Sensibilidad y Especificidad,VPP y VPN,,Sensibilidad y Especificidad
PROC_STATS_DX_METRICS_001_006,stats,1,¿Qué sucede con el VPP si la prevalencia disminuye?,Aumenta,Disminuye,Permanece igual,,Disminuye
PROC_STATS_DX_METRICS_001_006,stats,2,¿Definición de Sensibilidad?,VP / Total Positivos,VN / Total Sanos,VP / Total Enfermos,,VP / Total Enfermos
PROC_STATS_DX_METRICS_001_006,stats,3,¿Qué métricas NO se alteran por la prevalencia?,VPP y VPN,Prevalencia y Incidencia,Sensibilidad y Especificidad,,Sensibilidad y Especificidad
PROC_STATS_DX_METRICS_001_007,stats,1,¿Qué sucede con el VPP si la prevalencia disminuye?,Permanece igual,Disminuye,Aumenta,,Disminuye
PROC_STATS_DX_METRICS_001_007,stats,2,¿Definición de Sensibilidad?,VP / Total Positivos,VP / Total Enfermos,VN / Total Sanos,,VP / Total Enfermos
PROC_STATS_DX_METRICS_001_007,stats,3,¿Qué métricas NO se alteran por la prevalencia?,Prevalencia y Incidencia,VPP y VPN,Sensibilidad y Especificidad,,Sensibilidad y Especificidad
PROC_STATS_DX_METRICS_001_008,stats,1,¿Qué sucede con el VPP si la prevalencia disminuye?,Aumenta,Disminuye,Permanece igual,,Disminuye
PROC_STATS_DX_METRICS_001_008,stats,2,¿Definición de Sensibilidad?,VP / Total Positivos,VN / Total Sanos,VP / Total Enfermos,,VP / Total Enfermos
PROC_STATS_DX_METRICS_001_008,stats,3,¿Qué métricas NO se alteran por la prevalencia?,VPP y VPN,Sensibilidad y Especificidad,Prevalencia y Incidencia,,Sensibilidad y Especificidad
PROC_STATS_DX_METRICS_001_009,stats,1,¿Qué sucede con el VPP si la prevalencia disminuye?,Aumenta,Disminuye,Permanece igual,,Disminuye
PROC_STATS_DX_METRICS_001_009,stats,2,¿Definición de Sensibilidad?,VP / Total Positivos,VP / Total Enfermos,VN / Total Sanos,,VP / Total Enfermos
PROC_STATS_DX_METRICS_001_009,stats,3,¿Qué métricas NO se alteran por la prevalencia?,Sensibilidad y Especificidad,Prevalencia y Incidencia,VPP y VPN,,Sensibilidad y Especificidad
PROC_STATS_DX_METRICS_001_010,stats,1,¿Qué sucede con el VPP si la prevalencia disminuye?,Permanece igual,Aumenta,Disminuye,,Disminuye
PROC_STATS_DX_METRICS_001_010,stats,2,¿Definición de Sensibilidad?,VP / Total Enfermos,VN / Total Sanos,VP / Total Positivos,,VP / Total Enfermos
PROC_STATS_DX_METRICS_001_010,stats,3,¿Qué métricas NO se alteran por la prevalencia?,Sensibilidad y Especificidad,Prevalencia y Incidencia,VPP y VPN,,Sensibilidad y Especificidad
PROC_STATS_DX_METRICS_001_011,stats,1,¿Qué sucede con el VPP si la prevalencia disminuye?,Permanece igual,Aumenta,Disminuye,,Disminuye
PROC_STATS_DX_METRICS_001_011,stats,2,¿Definición de Sensibilidad?,VP / Total Positivos,VP / Total Enfermos,VN / Total Sanos,,VP / Total Enfermos
PROC_STATS_DX_METRICS_001_011,stats,3,¿Qué métricas NO se alteran por la prevalencia?,Prevalencia y Incidencia,VPP y VPN,Sensibilidad y Especificidad,,Sensibilidad y Especificidad
PROC_STATS_DX_METRICS_001_012,stats,1,¿Qué sucede con el VPP si la prevalencia disminuye?,Disminuye,Permanece igual,Aumenta,,Disminuye
PROC_STATS_DX_METRICS_001_012,stats,2,¿Definición de Sensibilidad?,VP / Total Enfermos,VP / Total Positivos,VN / Total Sanos,,VP / Total Enfermos
PROC_STATS_DX_METRICS_001_012,stats,3,¿Qué métricas NO se alteran por la prevalencia?,VPP y VPN,Sensibilidad y Especificidad,Prevalencia y Incidencia,,Sensibilidad y Especificidad
PROC_STATS_DX_METRICS_001_013,stats,1,¿Qué sucede con el VPP si la prevalencia disminuye?,Permanece igual,Disminuye,Aumenta,,Disminuye
PROC_STATS_DX_METRICS_001_013,stats,2,¿Definición de Sensibilidad?,VP / Total Enfermos,VN / Total Sanos,VP / Total Positivos,,VP / Total Enfermos
PROC_STATS_DX_METRICS_001_013,stats,3,¿Qué métricas NO se alteran por la prevalencia?,VPP y VPN,Prevalencia y Incidencia,Sensibilidad y Especificidad,,Sensibilidad y Especificidad
PROC_STATS_DX_METRICS_001_014,stats,1,¿Qué sucede con el VPP si la prevalencia disminuye?,Aumenta,Permanece igual,Disminuye,,Disminuye
PROC_STATS_DX_METRICS_001_014,stats,2,¿Definición de Sensibilidad?,VP / Total Enfermos,VN / Total Sanos,VP / Total Positivos,,VP / Total Enfermos
PROC_STATS_DX_METRICS_001_014,stats,3,¿Qué métricas NO se alteran por la prevalencia?,Sensibilidad y Especificidad,VPP y VPN,Prevalencia y Incidencia,,Sensibilidad y Especificidad
PROC_STATS_DX_METRICS_001_015,stats,1,¿Qué sucede con el VPP si la prevalencia disminuye?,Aumenta,Permanece igual,Disminuye,,Disminuye
PROC_STATS_DX_METRICS_001_015,stats,2,¿Definición de Sensibilidad?,VP / Total Enfermos,VN / Total Sanos,VP / Total Positivos,,VP / Total Enfermos
PROC_STATS_DX_METRICS_001_015,stats,3,¿Qué métricas NO se alteran por la prevalencia?,Sensibilidad y Especificidad,Prevalencia y Incidencia,VPP y VPN,,Sensibilidad y Especificidad
PROC_SURG_APPENDICITIS_001_001,surg,1,¿Cuáles son los componentes de la Escala de Alvarado que otorgan 2 puntos?,Fiebre y Shift a la izquierda,Anorexia y Náuseas,Dolor en FID y Leucocitosis (>10k),,Dolor en FID y Leucocitosis (>10k)
PROC_SURG_APPENDICITIS_001_001,surg,2,¿Cuál es el tratamiento de elección definitivo para la apendicitis aguda no complicada?,Drenaje percutáneo,Antibioticoterapia exclusiva,Apendicectomía laparoscópica,,Apendicectomía laparoscópica
PROC_SURG_APPENDICITIS_001_001,surg,3,"Con respecto a la patología, ¿cuál es la causa más frecuente de apendicitis en la edad PEDIÁTRICA?",Hiperplasia linfoidea (Folículos de Roux),Cuerpos extraños,Fecalito,,Hiperplasia linfoidea (Folículos de Roux)
PROC_SURG_APPENDICITIS_ALVARADO_001_001,surg,1,"En un hombre adulto con puntuación de Alvarado =8, ¿cuál es la conducta recomendada?",Apendicectomía directa (sin necesidad de imagen),TC de abdomen para confirmar,Observación y reevaluación en 12 horas,,Apendicectomía directa (sin necesidad de imagen)
PROC_SURG_APPENDICITIS_ALVARADO_001_001,surg,2,"¿Cuántos puntos otorga la leucocitosis (>10,000) en la escala de Alvarado?",3 puntos,1 punto,2 puntos,,2 puntos
PROC_SURG_APPENDICITIS_ALVARADO_001_001,surg,3,¿Qué puntuación de Alvarado se considera 'zona gris' y requiere estudio de imagen?,0-4,5-6,=7,,5-6
PROC_SURG_ATLS_TENSION_PNEUMO_001_001,surg,1,¿Cuál es el sitio de punción preferido actual según ATLS 10a Edición?,4° espacio intercostal (LAA),2° espacio intercostal (LMC),5° espacio intercostal (LAA/LAM),,5° espacio intercostal (LAA/LAM)
PROC_SURG_ATLS_TENSION_PNEUMO_001_001,surg,2,¿Qué tipo de choque presenta este paciente?,Choque distributivo,Choque obstructivo,Choque hipovolémico,,Choque obstructivo
PROC_SURG_ATLS_TENSION_PNEUMO_001_001,surg,3,¿Qué hallazgo diferencia un neumotórax de un hemotórax masivo?,Dolor pleurítico,Percusión (Hiperresonancia vs Matidez),Desviación traqueal,,Percusión (Hiperresonancia vs Matidez)
PROC_SURG_ATLS_TENSION_PNEUMO_001_002,surg,1,¿Cuál es el sitio de punción preferido actual según ATLS 10a Edición?,5° espacio intercostal (LAA/LAM),4° espacio intercostal (LAA),2° espacio intercostal (LMC),,5° espacio intercostal (LAA/LAM)
PROC_SURG_ATLS_TENSION_PNEUMO_001_002,surg,2,¿Qué tipo de choque presenta este paciente?,Choque distributivo,Choque obstructivo,Choque hipovolémico,,Choque obstructivo
PROC_SURG_ATLS_TENSION_PNEUMO_001_002,surg,3,¿Qué hallazgo a la percusión diferencia un neumotórax de un hemotórax masivo?,Dolor pleurítico vs IVY,Hiperresonancia vs Matidez,Desviación traqueal vs Crepitación,,Hiperresonancia vs Matidez
PROC_SURG_ATLS_TENSION_PNEUMO_001_003,surg,1,¿Cuál es el sitio de punción preferido actual según ATLS 10a Edición?,2° espacio intercostal (LMC),4° espacio intercostal (LAA),5° espacio intercostal (LAA/LAM),,5° espacio intercostal (LAA/LAM)
PROC_SURG_ATLS_TENSION_PNEUMO_001_003,surg,2,¿Qué tipo de choque presenta este paciente?,Choque distributivo,Choque obstructivo,Choque hipovolémico,,Choque obstructivo
PROC_SURG_ATLS_TENSION_PNEUMO_001_003,surg,3,¿Qué hallazgo a la percusión diferencia un neumotórax de un hemotórax masivo?,Desviación traqueal vs Crepitación,Hiperresonancia vs Matidez,Dolor pleurítico vs IVY,,Hiperresonancia vs Matidez
PROC_SURG_ATLS_TENSION_PNEUMO_001_004,surg,1,¿Cuál es el sitio de punción preferido actual según ATLS 10a Edición?,5° espacio intercostal (LAA/LAM),2° espacio intercostal (LMC),4° espacio intercostal (LAA),,5° espacio intercostal (LAA/LAM)
PROC_SURG_ATLS_TENSION_PNEUMO_001_004,surg,2,¿Qué tipo de choque presenta este paciente?,Choque obstructivo,Choque hipovolémico,Choque distributivo,,Choque obstructivo
PROC_SURG_ATLS_TENSION_PNEUMO_001_004,surg,3,¿Qué hallazgo a la percusión diferencia un neumotórax de un hemotórax masivo?,Dolor pleurítico vs IVY,Hiperresonancia vs Matidez,Desviación traqueal vs Crepitación,,Hiperresonancia vs Matidez
PROC_SURG_ATLS_TENSION_PNEUMO_001_005,surg,1,¿Cuál es el sitio de punción preferido actual según ATLS 10a Edición?,2° espacio intercostal (LMC),4° espacio intercostal (LAA),5° espacio intercostal (LAA/LAM),,5° espacio intercostal (LAA/LAM)
PROC_SURG_ATLS_TENSION_PNEUMO_001_005,surg,2,¿Qué tipo de choque presenta este paciente?,Choque distributivo,Choque hipovolémico,Choque obstructivo,,Choque obstructivo
PROC_SURG_ATLS_TENSION_PNEUMO_001_005,surg,3,¿Qué hallazgo a la percusión diferencia un neumotórax de un hemotórax masivo?,Desviación traqueal vs Crepitación,Hiperresonancia vs Matidez,Dolor pleurítico vs IVY,,Hiperresonancia vs Matidez
PROC_SURG_ATLS_TENSION_PNEUMO_001_006,surg,1,¿Cuál es el sitio de punción preferido actual según ATLS 10a Edición?,2° espacio intercostal (LMC),5° espacio intercostal (LAA/LAM),4° espacio intercostal (LAA),,5° espacio intercostal (LAA/LAM)
PROC_SURG_ATLS_TENSION_PNEUMO_001_006,surg,2,¿Qué tipo de choque presenta este paciente?,Choque obstructivo,Choque distributivo,Choque hipovolémico,,Choque obstructivo
PROC_SURG_ATLS_TENSION_PNEUMO_001_006,surg,3,¿Qué hallazgo a la percusión diferencia un neumotórax de un hemotórax masivo?,Dolor pleurítico vs IVY,Hiperresonancia vs Matidez,Desviación traqueal vs Crepitación,,Hiperresonancia vs Matidez
PROC_SURG_ATLS_TENSION_PNEUMO_001_007,surg,1,¿Cuál es el sitio de punción preferido actual según ATLS 10a Edición?,2° espacio intercostal (LMC),4° espacio intercostal (LAA),5° espacio intercostal (LAA/LAM),,5° espacio intercostal (LAA/LAM)
PROC_SURG_ATLS_TENSION_PNEUMO_001_007,surg,2,¿Qué tipo de choque presenta este paciente?,Choque hipovolémico,Choque obstructivo,Choque distributivo,,Choque obstructivo
PROC_SURG_ATLS_TENSION_PNEUMO_001_007,surg,3,¿Qué hallazgo a la percusión diferencia un neumotórax de un hemotórax masivo?,Dolor pleurítico vs IVY,Hiperresonancia vs Matidez,Desviación traqueal vs Crepitación,,Hiperresonancia vs Matidez
PROC_SURG_ATLS_TENSION_PNEUMO_001_008,surg,1,¿Cuál es el sitio de punción preferido actual según ATLS 10a Edición?,5° espacio intercostal (LAA/LAM),2° espacio intercostal (LMC),4° espacio intercostal (LAA),,5° espacio intercostal (LAA/LAM)
PROC_SURG_ATLS_TENSION_PNEUMO_001_008,surg,2,¿Qué tipo de choque presenta este paciente?,Choque obstructivo,Choque hipovolémico,Choque distributivo,,Choque obstructivo
PROC_SURG_ATLS_TENSION_PNEUMO_001_008,surg,3,¿Qué hallazgo a la percusión diferencia un neumotórax de un hemotórax masivo?,Dolor pleurítico vs IVY,Desviación traqueal vs Crepitación,Hiperresonancia vs Matidez,,Hiperresonancia vs Matidez
PROC_SURG_ATLS_TENSION_PNEUMO_001_009,surg,1,¿Cuál es el sitio de punción preferido actual según ATLS 10a Edición?,5° espacio intercostal (LAA/LAM),4° espacio intercostal (LAA),2° espacio intercostal (LMC),,5° espacio intercostal (LAA/LAM)
PROC_SURG_ATLS_TENSION_PNEUMO_001_009,surg,2,¿Qué tipo de choque presenta este paciente?,Choque hipovolémico,Choque distributivo,Choque obstructivo,,Choque obstructivo
PROC_SURG_ATLS_TENSION_PNEUMO_001_009,surg,3,¿Qué hallazgo a la percusión diferencia un neumotórax de un hemotórax masivo?,Dolor pleurítico vs IVY,Hiperresonancia vs Matidez,Desviación traqueal vs Crepitación,,Hiperresonancia vs Matidez
PROC_SURG_ATLS_TENSION_PNEUMO_001_010,surg,1,¿Cuál es el sitio de punción preferido actual según ATLS 10a Edición?,2° espacio intercostal (LMC),5° espacio intercostal (LAA/LAM),4° espacio intercostal (LAA),,5° espacio intercostal (LAA/LAM)
PROC_SURG_ATLS_TENSION_PNEUMO_001_010,surg,2,¿Qué tipo de choque presenta este paciente?,Choque distributivo,Choque hipovolémico,Choque obstructivo,,Choque obstructivo
PROC_SURG_ATLS_TENSION_PNEUMO_001_010,surg,3,¿Qué hallazgo a la percusión diferencia un neumotórax de un hemotórax masivo?,Dolor pleurítico vs IVY,Hiperresonancia vs Matidez,Desviación traqueal vs Crepitación,,Hiperresonancia vs Matidez
PROC_SURG_ATLS_TENSION_PNEUMO_001_011,surg,1,¿Cuál es el sitio de punción preferido actual según ATLS 10a Edición?,5° espacio intercostal (LAA/LAM),4° espacio intercostal (LAA),2° espacio intercostal (LMC),,5° espacio intercostal (LAA/LAM)
PROC_SURG_ATLS_TENSION_PNEUMO_001_011,surg,2,¿Qué tipo de choque presenta este paciente?,Choque distributivo,Choque hipovolémico,Choque obstructivo,,Choque obstructivo
PROC_SURG_ATLS_TENSION_PNEUMO_001_011,surg,3,¿Qué hallazgo a la percusión diferencia un neumotórax de un hemotórax masivo?,Desviación traqueal vs Crepitación,Dolor pleurítico vs IVY,Hiperresonancia vs Matidez,,Hiperresonancia vs Matidez
PROC_SURG_ATLS_TENSION_PNEUMO_001_012,surg,1,¿Cuál es el sitio de punción preferido actual según ATLS 10a Edición?,4° espacio intercostal (LAA),2° espacio intercostal (LMC),5° espacio intercostal (LAA/LAM),,5° espacio intercostal (LAA/LAM)
PROC_SURG_ATLS_TENSION_PNEUMO_001_012,surg,2,¿Qué tipo de choque presenta este paciente?,Choque distributivo,Choque hipovolémico,Choque obstructivo,,Choque obstructivo
PROC_SURG_ATLS_TENSION_PNEUMO_001_012,surg,3,¿Qué hallazgo a la percusión diferencia un neumotórax de un hemotórax masivo?,Dolor pleurítico vs IVY,Hiperresonancia vs Matidez,Desviación traqueal vs Crepitación,,Hiperresonancia vs Matidez
PROC_SURG_ATLS_TENSION_PNEUMO_001_013,surg,1,¿Cuál es el sitio de punción preferido actual según ATLS 10a Edición?,5° espacio intercostal (LAA/LAM),4° espacio intercostal (LAA),2° espacio intercostal (LMC),,5° espacio intercostal (LAA/LAM)
PROC_SURG_ATLS_TENSION_PNEUMO_001_013,surg,2,¿Qué tipo de choque presenta este paciente?,Choque obstructivo,Choque distributivo,Choque hipovolémico,,Choque obstructivo
PROC_SURG_ATLS_TENSION_PNEUMO_001_013,surg,3,¿Qué hallazgo a la percusión diferencia un neumotórax de un hemotórax masivo?,Hiperresonancia vs Matidez,Dolor pleurítico vs IVY,Desviación traqueal vs Crepitación,,Hiperresonancia vs Matidez
PROC_SURG_ATLS_TENSION_PNEUMO_001_014,surg,1,¿Cuál es el sitio de punción preferido actual según ATLS 10a Edición?,2° espacio intercostal (LMC),4° espacio intercostal (LAA),5° espacio intercostal (LAA/LAM),,5° espacio intercostal (LAA/LAM)
PROC_SURG_ATLS_TENSION_PNEUMO_001_014,surg,2,¿Qué tipo de choque presenta este paciente?,Choque hipovolémico,Choque obstructivo,Choque distributivo,,Choque obstructivo
PROC_SURG_ATLS_TENSION_PNEUMO_001_014,surg,3,¿Qué hallazgo a la percusión diferencia un neumotórax de un hemotórax masivo?,Desviación traqueal vs Crepitación,Dolor pleurítico vs IVY,Hiperresonancia vs Matidez,,Hiperresonancia vs Matidez
PROC_SURG_ATLS_TENSION_PNEUMO_001_015,surg,1,¿Cuál es el sitio de punción preferido actual según ATLS 10a Edición?,2° espacio intercostal (LMC),4° espacio intercostal (LAA),5° espacio intercostal (LAA/LAM),,5° espacio intercostal (LAA/LAM)
PROC_SURG_ATLS_TENSION_PNEUMO_001_015,surg,2,¿Qué tipo de choque presenta este paciente?,Choque distributivo,Choque obstructivo,Choque hipovolémico,,Choque obstructivo
PROC_SURG_ATLS_TENSION_PNEUMO_001_015,surg,3,¿Qué hallazgo a la percusión diferencia un neumotórax de un hemotórax masivo?,Dolor pleurítico vs IVY,Desviación traqueal vs Crepitación,Hiperresonancia vs Matidez,,Hiperresonancia vs Matidez
PROC_SURG_BILIARY_CHOLANGITIS_001_001,surg,1,¿Qué par de hallazgos adicionales transforman la tríada de Charcot en la péntada de Reynolds?,Hipotensión arterial y alteración del estado mental,Diarrea y vómitos profusos,Bradicardia e hipotermia,,Hipotensión arterial y alteración del estado mental
PROC_SURG_BILIARY_CHOLANGITIS_001_001,surg,2,"Con respecto a la patología, ¿cuál es el procedimiento diagnóstico y terapéutico de elección en la colangitis aguda?",Gammagrafía HIDA,Colecistectomía laparoscópica de urgencia,CPRE (Colangiopancreatografía Retrógrada Endoscópica),,CPRE (Colangiopancreatografía Retrógrada Endoscópica)
PROC_SURG_BILIARY_CHOLANGITIS_001_001,surg,3,¿Cuál es el germen más frecuentemente aislado en esta patología?,Bacteroides fragilis,Staphylococcus aureus,Escherichia coli,,Escherichia coli
PROC_SURG_BILIARY_COLANGITIS_001_001,surg,1,¿Qué par de hallazgos adicionales transforman la tríada de Charcot en la péntada de Reynolds?,Diarrea y vómitos,Hipotensión y alteración del estado mental,Bradicardia e hipotermia,,Hipotensión y alteración del estado mental
PROC_SURG_BILIARY_COLANGITIS_001_001,surg,2,¿Cuál es el procedimiento diagnóstico y terapéutico de elección en la colangitis aguda?,Colecistectomía laparoscópica,Gammagrafía HIDA,CPRE,,CPRE
PROC_SURG_BILIARY_COLANGITIS_001_001,surg,3,¿Cuál es el germen más frecuentemente aislado en colangitis aguda?,Klebsiella pneumoniae,Escherichia coli,Enterococcus faecalis,,Escherichia coli
PROC_SURG_OBSTRUCTION_001_001,surg,1,¿Qué hallazgo radiológico simple de abdomen es característico de una obstrucción a nivel de intestino delgado?,Presencia de niveles hidroaéreos en escalera,Imagen en 'grano de café',Ausencia total de aire abdominal,,Presencia de niveles hidroaéreos en escalera
PROC_SURG_OBSTRUCTION_001_001,surg,2,"Con respecto a la patología, ¿cuál es la causa más frecuente de obstrucción mecánica del intestino delgado en pacientes adultos?",Hernias de la pared abdominal,Adherencias (Bridas) postquirúrgicas,Neoplasias intestinales,,Adherencias (Bridas) postquirúrgicas
PROC_SURG_OBSTRUCTION_001_001,surg,3,¿Cuál es la primera medida terapéutica que debe instaurarse ante un paciente con obstrucción intestinal mecánica franca?,Laparotomía inmediata,Administración de laxantes,Descompresión con Sonda Nasogástrica,,Descompresión con Sonda Nasogástrica
PROC_SURG_TRAUMA_ATLS10_001_001,surg,1,¿Cuál es la secuencia de prioridades vitales en la evaluación primaria del paciente con trauma grave?,"ABCDE (Vía aérea, Respiración, Circulación, Déficit, Exposición)","Especialidad, Laboratorio, Imagen, Diagnóstico","CAB (Circulación, Vía aérea, Respiración)",,"ABCDE (Vía aérea, Respiración, Circulación, Déficit, Exposición)"
PROC_SURG_TRAUMA_ATLS10_001_001,surg,2,¿Qué hallazgo es indispensable para diagnosticar un Neumotórax a Tensión?,"Datos clínicos (ingurgitación, timpanismo, ausencia ruidos)",Confirmación por Radiografía de Tórax,Reporte de Gasometría Arterial,,"Datos clínicos (ingurgitación, timpanismo, ausencia ruidos)"
PROC_SURG_TRAUMA_ATLS10_001_001,surg,3,¿Cuáles son los componentes de la 'Tríada de la Muerte' en el paciente con trauma?,"Acidosis Metabólica, Coagulopatía e Hipotermia","Fiebre, Leucocitosis y Dolor","Hipotensión, Bradicardia y Arritmia",,"Acidosis Metabólica, Coagulopatía e Hipotermia"
PROC_SURG_TRAUMA_PNEUMO_001_001,surg,1,¿Cuál es el sitio de punción preferido actual según ATLS 10a Edición?,5° espacio intercostal (LAA/LAM),2° espacio intercostal (LMC),4° espacio intercostal (LAA),,5° espacio intercostal (LAA/LAM)
PROC_SURG_TRAUMA_PNEUMO_001_001,surg,2,¿Qué tipo de choque presenta este paciente?,Choque hipovolémico,Choque distributivo,Choque obstructivo,,Choque obstructivo
PROC_SURG_TRAUMA_PNEUMO_001_001,surg,3,¿Qué hallazgo a la percusión diferencia un neumotórax de un hemotórax masivo?,Dolor pleurítico vs IVY,Desviación traqueal vs Crepitación,Hiperresonancia vs Matidez,,Hiperresonancia vs Matidez
PROC_SURG_TRAUMA_PNEUMO_001_003,surg,1,¿Cuál es el sitio de punción preferido actual según ATLS 10a Edición?,2° espacio intercostal (LMC),4° espacio intercostal (LAA),5° espacio intercostal (LAA/LAM),,5° espacio intercostal (LAA/LAM)
PROC_SURG_TRAUMA_PNEUMO_001_003,surg,2,¿Qué tipo de choque presenta este paciente?,Choque hipovolémico,Choque distributivo,Choque obstructivo,,Choque obstructivo
PROC_SURG_TRAUMA_PNEUMO_001_003,surg,3,¿Qué hallazgo diferencia un neumotórax de un hemotórax masivo?,Dolor pleurítico,Desviación traqueal,Hiperresonancia vs Matidez,,Hiperresonancia vs Matidez
